Compound.Name,Molecular_Formula,m/z,RT
Aldicarb-sulfone,C7H14N2O4S,223.0747,2.73
Antimycin A,C28H40N2O9,549.28066,9.6
Azamethiphos,C9H10ClN2O5PS,324.98093,5.99
Azinphos methyl,C10H12N3O3PS2,318.01305,7.3
Azinphos methyl oxon,C10H12N3O4PS,302.03589,5.61
Benalaxyl,C20H23NO3,326.17507,8.45
Bensulfuron methyl,C16H18N4O7S,411.0969,7.28
Bensulide,C14H24NO4PS3,398.06778,8.19
Boscalid,C18H12Cl2N2O,343.03995,7.65
Bromfenvinphos ethyl,C12H14BrCl2O4P,402.92629,8.54
"Bromuconazole, cis-",C13H12BrCl2N3O,375.96136,8.39
"Bromuconazole, trans-",C13H12BrCl2N3O,375.96136,7.93
Cafenstrole,C16H22N4O3S,351.14854,7.89
Carbophenothion,C11H16ClO2PS3,342.98113,9.47
Chlorthiophos,C11H15Cl2O3PS2,360.965,9.5
Chlortoluron,C10H13ClN2O,213.07892,6.83
Clethodim,C17H26ClNO3S,360.13947,8.9
Clethodim sulfoxide,C17H26ClNO4S,376.13438,7.24
Crufomate,C12H19ClNO3P,292.08638,8.22
Cyhalothrin iso 1,C23H19ClF3NO3,467.13438,9.52
Cyhalothrin iso 2,C23H19ClF3NO3,467.13438,9.52
Cyromazine,C6H10N6,167.10397,1.04
Diafenthiuron,C23H32N2OS,385.23081,9.48
Diamidafos,C8H13N2O2P,201.07874,4.83
Diclofop-methyl,C16H14Cl2O4,341.03419,9.14
Dimethachlor,C13H18ClNO2,256.10988,7.21
Diuron,C9H10Cl2N2O,233.02429,7.14
Ethaboxam,C14H16N4OS2,321.08383,6.53
Ethidimuron,C7H12N4O3S2,265.04236,4.31
Ethiofencarb,C11H15NO2S,226.08963,6.56
Ethiofencarb (special adduct),C11H15NO2S,107.04914,6.56
Etrimfos,C10H17N2O4PS,293.07194,8.39
Famoxadone,C22H18N2O4,392.16048,8.49
Fenarimol,C17H12Cl2N2O,331.03995,8.01
Fenpyrazamine,C17H21N3O2S,332.14272,7.83
Fenthion sulfoxide,C10H15O4PS2,295.02221,6.46
Flamprop-M isopropyl,C19H19ClFNO3,364.11103,8.43
Flazasulfuron,C13H12F3N5O5S,408.0584,7.21
Florasulam,C12H8F3N5O3S,360.03727,5.38
Flusilazole,C16H15F2N3Si,316.10761,8.24
Hydramethylnon,C25H24F6N4,495.19779,8.78
Indoxacarb,C22H17ClF3N3O7,528.07799,8.75
Iprovalicarb,C18H28N2O3,321.21727,7.89
Isoproturon,C12H18N2O,207.14919,7.03
Isoxaflutole,C15H12F3NO4S,360.05119,6.97
Mefluidide,C11H13F3N2O3S,311.06717,6.21
Mephospholan,C8H16NO3PS2,270.0382,6.08
Mepronil,C17H19NO2,270.14886,7.71
Metalaxyl,C15H21NO4,280.15434,6.99
Methacrifos,C7H13O5PS,241.02941,7.21
Methacrifos (special adduct),C7H13O5PS,209.00319,7.21
Methamidophos,C2H8NO2PS,142.00861,1.04
Metolachlor,C15H22ClNO2,284.14118,8.14
Mexacarbate,C12H18N2O2,223.1441,3.39
Nicosulfuron,C15H18N6O6S,411.10813,6.07
Norflurazon,C12H9ClF3N3O,304.0459,7.11
Nuarimol,C17H12ClFN2O,315.0695,7.5
Oxadiazon,C15H18Cl2N2O3,345.07672,9.17
"Permethrin, cis-",C21H20Cl2O3,408.11278,10.01
"Permethrin, trans-",C21H20Cl2O3,408.11278,9.87
Phenthoate,C12H17O4PS2,321.03786,8.27
Pirimiphos ethyl,C13H24N3O3PS,334.13488,9.09
Profenofos,C11H15BrClO3PS,372.94242,9.04
Propiconazole,C15H17Cl2N3O2,342.07706,8.52
Propoxycarbazone,C15H18N4O7S,399.0969,6.21
Propyzamide,C12H11Cl2NO,256.02905,7.74
Pyrasulfotole,C14H13F3N2O4S,363.06209,5.76
Pyridate,C19H23ClN2O2S,379.12415,9.99
Quinalphos,C12H15N2O3PS,299.06138,8.34
Sethoxydim,C17H29NO3S,328.19409,9.06
Sulfoxaflor,C10H10F3N3OS,278.05694,4.89
Sulfoxaflor iso 1,C10H10F3N3OS,295.08249,4.89
Sulfoxaflor iso 1 (special adduct),C10H10F3N3OS,174.05251,4.89
Sulfoxaflor iso 2,C10H10F3N3OS,278.05694,4.89
Tebuthiuron,C9H16N4OS,229.11176,6.31
Thenylchlor,C16H18ClNO2S,324.08195,8.04
"Thiabendazole, 5OH-",C10H7N3SO,218.03826,3.47
Thiamethoxam,C8H10ClN5O3S,292.02656,3.52
"Triadimenol, trans- (A)",C14H18ClN3O2,296.11603,7.89
Triflusulfuron-methyl,C17H19F3N6O6S,493.11116,7.61
