Mass [m/z],Formula [M],Formula type,Species,CS [z],Polarity,Start [min],End [min],(N)CE,(N)CE type,MSX ID,Comment
314.07156,,Chemical formula,+ H,1,Positive,0.788,1.288,,NCE,,_mz314.072_rt1.04
166.12225,,Chemical formula,+ H,1,Positive,2.09,2.59,,NCE,,_mz166.122_rt2.34
226.05533,,Chemical formula,+ H,1,Positive,3.162,3.662,,NCE,,_mz226.055_rt3.41
296.06693,,Chemical formula,+ H,1,Positive,3.8390000000000004,4.339,,NCE,,_mz296.067_rt4.09
182.12854,,Chemical formula,+ H,1,Positive,4.253,4.753,,NCE,,_mz182.129_rt4.5
325.04575,,Chemical formula,+ H,1,Positive,4.556,5.056,,NCE,,_mz325.046_rt4.81
318.13037,,Chemical formula,+ H,1,Positive,4.866,5.366,,NCE,,_mz318.13_rt5.12
225.05183,,Chemical formula,+ H,1,Positive,5.085,5.585,,NCE,,_mz225.052_rt5.34
278.06546,,Chemical formula,+ H,1,Positive,5.337,5.837,,NCE,,_mz278.065_rt5.59
379.07233,,Chemical formula,+ H,1,Positive,5.401,5.901,,NCE,,_mz379.072_rt5.65
296.14886,,Chemical formula,+ H,1,Positive,5.618,6.118,,NCE,,_mz296.149_rt5.87
326.08496,,Chemical formula,+ H,1,Positive,5.894,6.394,,NCE,,_mz326.085_rt6.14
384.16986000000003,,Chemical formula,+ H,1,Positive,6.134,6.634,,NCE,,_mz384.17_rt6.38
283.12192,,Chemical formula,+ H,1,Positive,6.142,6.642,,NCE,,_mz283.122_rt6.39
260.01663,,Chemical formula,+ H,1,Positive,6.335,6.835,,NCE,,_mz260.017_rt6.58
197.04756,,Chemical formula,+ H,1,Positive,6.462,6.962,,NCE,,_mz197.048_rt6.71
216.99216,,Chemical formula,+ H,1,Positive,6.596,7.096,,NCE,,_mz216.992_rt6.85
283.08356,,Chemical formula,+ H,1,Positive,6.762,7.262,,NCE,,_mz283.084_rt7.01
259.01804,,Chemical formula,+ H,1,Positive,6.808,7.308,,NCE,,_mz259.018_rt7.06
401.11105,,Chemical formula,+ H,1,Positive,6.899,7.399,,NCE,,_mz401.111_rt7.15
382.08902,,Chemical formula,+ H,1,Positive,6.912,7.412,,NCE,,_mz382.089_rt7.16
358.07104,,Chemical formula,+ H,1,Positive,6.981,7.481,,NCE,,_mz358.071_rt7.23
324.98767,,Chemical formula,+ H,1,Positive,7.09,7.59,,NCE,,_mz324.988_rt7.34
310.0654,,Chemical formula,+ H,1,Positive,7.375,7.875,,NCE,,_mz310.065_rt7.62
432.02209,,Chemical formula,+ H,1,Positive,7.489,7.989,,NCE,,_mz432.022_rt7.74
410.0394,,Chemical formula,+ H,1,Positive,7.747,8.247,,NCE,,_mz410.039_rt8
537.24341,,Chemical formula,+ H,1,Positive,7.941000000000001,8.441,,NCE,,_mz537.243_rt8.19
332.10709,,Chemical formula,+ H,1,Positive,8.194,8.694,,NCE,,_mz332.107_rt8.44
300.1629,,Chemical formula,+ H,1,Positive,8.357,8.857,,NCE,,_mz300.163_rt8.61
370.98199,,Chemical formula,+ H,1,Positive,8.438,8.938,,NCE,,_mz370.982_rt8.69
117.06984,,Chemical formula,+ H,1,Positive,8.963,9.463,,NCE,,_mz117.07_rt9.21
521.17609,,Chemical formula,+ H,1,Positive,10.066,10.566,,NCE,,_mz521.176_rt10.32
