Mass [m/z],Formula [M],Formula type,Species,CS [z],Polarity,Start [min],End [min],(N)CE,(N)CE type,MSX ID,Comment
286.01749,,Chemical formula,+ H,1,Positive,1.214,1.714,,NCE,,_mz286.017_rt1.46
182.12856,,Chemical formula,+ H,1,Positive,2.683,3.183,,NCE,,_mz182.129_rt2.93
210.98265,,Chemical formula,+ H,1,Positive,3.378,3.878,,NCE,,_mz210.983_rt3.63
318.09381,,Chemical formula,+ H,1,Positive,4.169,4.669,,NCE,,_mz318.094_rt4.42
231.07092,,Chemical formula,+ H,1,Positive,4.459,4.959,,NCE,,_mz231.071_rt4.71
279.04483,,Chemical formula,+ H,1,Positive,4.617,5.117,,NCE,,_mz279.045_rt4.87
299.00916,,Chemical formula,+ H,1,Positive,5.006,5.506,,NCE,,_mz299.009_rt5.26
322.06689,,Chemical formula,+ H,1,Positive,5.217,5.717,,NCE,,_mz322.067_rt5.47
373.04657,,Chemical formula,+ H,1,Positive,5.34,5.84,,NCE,,_mz373.047_rt5.59
275.03741,,Chemical formula,+ H,1,Positive,5.483,5.983,,NCE,,_mz275.037_rt5.73
244.14323,,Chemical formula,+ H,1,Positive,5.836,6.336,,NCE,,_mz244.143_rt6.09
314.0451,,Chemical formula,+ H,1,Positive,6.101,6.601,,NCE,,_mz314.045_rt6.35
274.06183,,Chemical formula,+ H,1,Positive,6.14,6.64,,NCE,,_mz274.062_rt6.39
333.06674,,Chemical formula,+ H,1,Positive,6.249,6.749,,NCE,,_mz333.067_rt6.5
199.06313,,Chemical formula,+ H,1,Positive,6.387,6.887,,NCE,,_mz199.063_rt6.64
308.08047,,Chemical formula,+ H,1,Positive,6.507,7.007,,NCE,,_mz308.08_rt6.76
282.12469,,Chemical formula,+ H,1,Positive,6.628,7.128,,NCE,,_mz282.125_rt6.88
300.13568,,Chemical formula,+ H,1,Positive,6.785,7.285,,NCE,,_mz300.136_rt7.04
509.10526,,Chemical formula,+ H,1,Positive,6.817,7.317,,NCE,,_mz509.105_rt7.07
340.04288,,Chemical formula,+ H,1,Positive,6.907,7.407,,NCE,,_mz340.043_rt7.16
350.12988,,Chemical formula,+ H,1,Positive,6.938,7.438,,NCE,,_mz350.13_rt7.19
344.18811,,Chemical formula,+ H,1,Positive,7.075,7.575,,NCE,,_mz344.188_rt7.32
342.16901,,Chemical formula,+ H,1,Positive,7.144,7.644,,NCE,,_mz342.169_rt7.39
198.06789,,Chemical formula,+ H,1,Positive,7.377,7.877,,NCE,,_mz198.068_rt7.63
306.10321,,Chemical formula,+ H,1,Positive,7.543,8.043,,NCE,,_mz306.103_rt7.79
342.16891,,Chemical formula,+ H,1,Positive,7.775,8.275,,NCE,,_mz342.169_rt8.03
551.26093,,Chemical formula,+ H,1,Positive,7.9510000000000005,8.451,,NCE,,_mz551.261_rt8.2
328.99948,,Chemical formula,+ H,1,Positive,8.23,8.73,,NCE,,_mz328.999_rt8.48
348.03793,,Chemical formula,+ H,1,Positive,8.434,8.934,,NCE,,_mz348.038_rt8.68
370.92599,,Chemical formula,+ H,1,Positive,8.607,9.107,,NCE,,_mz370.926_rt8.86
117.06984,,Chemical formula,+ H,1,Positive,9.204,9.704,,NCE,,_mz117.07_rt9.45
