Mass [m/z],Formula [M],Formula type,Species,CS [z],Polarity,Start [min],End [min],(N)CE,(N)CE type,MSX ID,Comment
142.99271,,Chemical formula,+ H,1,Positive,0.728,1.228,,NCE,,_mz142.993_rt0.98
145.01622,,Chemical formula,+ H,1,Positive,1.357,1.857,,NCE,,_mz145.016_rt1.61
299.07187,,Chemical formula,+ H,1,Positive,2.867,3.367,,NCE,,_mz299.072_rt3.12
297.01288,,Chemical formula,+ H,1,Positive,3.552,4.052,,NCE,,_mz297.013_rt3.8
318.09381,,Chemical formula,+ H,1,Positive,4.169,4.669,,NCE,,_mz318.094_rt4.42
231.07092,,Chemical formula,+ H,1,Positive,4.459,4.959,,NCE,,_mz231.071_rt4.71
266.10535,,Chemical formula,+ H,1,Positive,4.631,5.131,,NCE,,_mz266.105_rt4.88
300.09241,,Chemical formula,+ H,1,Positive,5.006,5.506,,NCE,,_mz300.092_rt5.26
293.05231,,Chemical formula,+ H,1,Positive,5.302,5.802,,NCE,,_mz293.052_rt5.55
405.01273,,Chemical formula,+ H,1,Positive,5.395,5.895,,NCE,,_mz405.013_rt5.64
255.05191,,Chemical formula,+ H,1,Positive,5.485,5.985,,NCE,,_mz255.052_rt5.74
330.03949,,Chemical formula,+ H,1,Positive,5.853,6.353,,NCE,,_mz330.039_rt6.1
314.0451,,Chemical formula,+ H,1,Positive,6.101,6.601,,NCE,,_mz314.045_rt6.35
274.06183,,Chemical formula,+ H,1,Positive,6.14,6.64,,NCE,,_mz274.062_rt6.39
425.0769,,Chemical formula,+ H,1,Positive,6.251,6.751,,NCE,,_mz425.077_rt6.5
199.06313,,Chemical formula,+ H,1,Positive,6.387,6.887,,NCE,,_mz199.063_rt6.64
310.07812,,Chemical formula,+ H,1,Positive,6.507,7.007,,NCE,,_mz310.078_rt6.76
282.12469,,Chemical formula,+ H,1,Positive,6.628,7.128,,NCE,,_mz282.125_rt6.88
305.05954,,Chemical formula,+ H,1,Positive,6.796,7.296,,NCE,,_mz305.06_rt7.05
344.99509,,Chemical formula,+ H,1,Positive,6.832,7.332,,NCE,,_mz344.995_rt7.08
380.05313,,Chemical formula,+ H,1,Positive,6.907,7.407,,NCE,,_mz380.053_rt7.16
380.05328,,Chemical formula,+ H,1,Positive,6.976,7.476,,NCE,,_mz380.053_rt7.23
344.18811,,Chemical formula,+ H,1,Positive,7.075,7.575,,NCE,,_mz344.188_rt7.32
276.05441,,Chemical formula,+ H,1,Positive,7.283,7.783,,NCE,,_mz276.054_rt7.53
278.06976,,Chemical formula,+ H,1,Positive,7.385,7.885,,NCE,,_mz278.07_rt7.64
306.10339,,Chemical formula,+ H,1,Positive,7.673,8.173,,NCE,,_mz306.103_rt7.92
537.24268,,Chemical formula,+ H,1,Positive,7.839,8.339,,NCE,,_mz537.243_rt8.09
360.97141,,Chemical formula,+ H,1,Positive,8.058,8.558,,NCE,,_mz360.971_rt8.31
565.27454,,Chemical formula,+ H,1,Positive,8.238,8.738,,NCE,,_mz565.275_rt8.49
348.9996,,Chemical formula,+ H,1,Positive,8.435,8.935,,NCE,,_mz349_rt8.69
523.19226,,Chemical formula,+ H,1,Positive,8.709,9.209,,NCE,,_mz523.192_rt8.96
564.29114,,Chemical formula,+ H,1,Positive,9.263,9.763,,NCE,,_mz564.291_rt9.51
