Mass [m/z],Formula [M],Formula type,Species,CS [z],Polarity,Start [min],End [min],(N)CE,(N)CE type,MSX ID,Comment
306.09308,,Chemical formula,+ H,1,Positive,1.092,1.592,,NCE,,_mz306.093_rt1.34
170.98759,,Chemical formula,+ H,1,Positive,2.298,2.798,,NCE,,_mz170.988_rt2.55
154.99251,,Chemical formula,+ H,1,Positive,3.377,3.877,,NCE,,_mz154.993_rt3.63
392.01602,,Chemical formula,+ H,1,Positive,4.133,4.633,,NCE,,_mz392.016_rt4.38
229.07368,,Chemical formula,+ H,1,Positive,4.459,4.959,,NCE,,_mz229.074_rt4.71
279.04483,,Chemical formula,+ H,1,Positive,4.617,5.117,,NCE,,_mz279.045_rt4.87
299.00916,,Chemical formula,+ H,1,Positive,5.006,5.506,,NCE,,_mz299.009_rt5.26
322.06689,,Chemical formula,+ H,1,Positive,5.217,5.717,,NCE,,_mz322.067_rt5.47
356.02097,,Chemical formula,+ H,1,Positive,5.34,5.84,,NCE,,_mz356.021_rt5.59
253.05608,,Chemical formula,+ H,1,Positive,5.482,5.982,,NCE,,_mz253.056_rt5.73
366.14731,,Chemical formula,+ H,1,Positive,5.796,6.296,,NCE,,_mz366.147_rt6.05
314.0451,,Chemical formula,+ H,1,Positive,6.101,6.601,,NCE,,_mz314.045_rt6.35
290.03568,,Chemical formula,+ H,1,Positive,6.139,6.639,,NCE,,_mz290.036_rt6.39
333.06674,,Chemical formula,+ H,1,Positive,6.249,6.749,,NCE,,_mz333.067_rt6.5
399.11548,,Chemical formula,+ H,1,Positive,6.386,6.886,,NCE,,_mz399.115_rt6.64
290.02975,,Chemical formula,+ H,1,Positive,6.494,6.994,,NCE,,_mz290.03_rt6.74
300.13562,,Chemical formula,+ H,1,Positive,6.628,7.128,,NCE,,_mz300.136_rt6.88
300.13568,,Chemical formula,+ H,1,Positive,6.785,7.285,,NCE,,_mz300.136_rt7.04
216.99339,,Chemical formula,+ H,1,Positive,6.817,7.317,,NCE,,_mz216.993_rt7.07
340.04288,,Chemical formula,+ H,1,Positive,6.907,7.407,,NCE,,_mz340.043_rt7.16
277.09464,,Chemical formula,+ H,1,Positive,6.926,7.426,,NCE,,_mz277.095_rt7.18
391.95511,,Chemical formula,+ H,1,Positive,7.055,7.555,,NCE,,_mz391.955_rt7.3
342.16901,,Chemical formula,+ H,1,Positive,7.144,7.644,,NCE,,_mz342.169_rt7.39
198.06789,,Chemical formula,+ H,1,Positive,7.377,7.877,,NCE,,_mz198.068_rt7.63
306.10321,,Chemical formula,+ H,1,Positive,7.543,8.043,,NCE,,_mz306.103_rt7.79
391.95529,,Chemical formula,+ H,1,Positive,7.757999999999999,8.258,,NCE,,_mz391.955_rt8.01
340.06058,,Chemical formula,+ H,1,Positive,7.949,8.449,,NCE,,_mz340.061_rt8.2
551.25934,,Chemical formula,+ H,1,Positive,8.204,8.704,,NCE,,_mz551.259_rt8.45
348.03793,,Chemical formula,+ H,1,Positive,8.434,8.934,,NCE,,_mz348.038_rt8.68
523.19043,,Chemical formula,+ H,1,Positive,8.561,9.061,,NCE,,_mz523.19_rt8.81
424.10764,,Chemical formula,+ H,1,Positive,9.098,9.598,,NCE,,_mz424.108_rt9.35
