Mass [m/z],Formula [M],Formula type,Species,CS [z],Polarity,Start [min],End [min],(N)CE,(N)CE type,MSX ID,Comment
272.09998,,Chemical formula,+ H,1,Positive,0.742,1.242,,NCE,,_mz272.1_rt0.99
166.12225,,Chemical formula,+ H,1,Positive,1.466,1.966,,NCE,,_mz166.122_rt1.72
299.07187,,Chemical formula,+ H,1,Positive,2.867,3.367,,NCE,,_mz299.072_rt3.12
299.00931,,Chemical formula,+ H,1,Positive,3.555,4.055,,NCE,,_mz299.009_rt3.81
370.03503,,Chemical formula,+ H,1,Positive,4.192,4.692,,NCE,,_mz370.035_rt4.44
325.04449,,Chemical formula,+ H,1,Positive,4.491,4.991,,NCE,,_mz325.044_rt4.74
312.06653,,Chemical formula,+ H,1,Positive,4.739,5.239,,NCE,,_mz312.067_rt4.99
264.12299,,Chemical formula,+ H,1,Positive,5.007,5.507,,NCE,,_mz264.123_rt5.26
405.0126,,Chemical formula,+ H,1,Positive,5.313,5.813,,NCE,,_mz405.013_rt5.56
377.07767,,Chemical formula,+ H,1,Positive,5.397,5.897,,NCE,,_mz377.078_rt5.65
255.05191,,Chemical formula,+ H,1,Positive,5.485,5.985,,NCE,,_mz255.052_rt5.74
360.12881,,Chemical formula,+ H,1,Positive,5.867,6.367,,NCE,,_mz360.129_rt6.12
314.0451,,Chemical formula,+ H,1,Positive,6.101,6.601,,NCE,,_mz314.045_rt6.35
503.15329,,Chemical formula,+ H,1,Positive,6.142,6.642,,NCE,,_mz503.153_rt6.39
286.14368,,Chemical formula,+ H,1,Positive,6.297,6.797,,NCE,,_mz286.144_rt6.55
142.0415,,Chemical formula,+ H,1,Positive,6.392,6.892,,NCE,,_mz142.042_rt6.64
325.10806,,Chemical formula,+ H,1,Positive,6.507,7.007,,NCE,,_mz325.108_rt6.76
367.14288,,Chemical formula,+ H,1,Positive,6.66,7.16,,NCE,,_mz367.143_rt6.91
336.10193,,Chemical formula,+ H,1,Positive,6.805,7.305,,NCE,,_mz336.102_rt7.06
342.9975,,Chemical formula,+ H,1,Positive,6.833,7.333,,NCE,,_mz342.998_rt7.08
140.97662,,Chemical formula,+ H,1,Positive,6.909,7.409,,NCE,,_mz140.977_rt7.16
362.06552,,Chemical formula,+ H,1,Positive,6.978,7.478,,NCE,,_mz362.066_rt7.23
342.16934,,Chemical formula,+ H,1,Positive,7.079,7.579,,NCE,,_mz342.169_rt7.33
509.21286,,Chemical formula,+ H,1,Positive,7.351,7.851,,NCE,,_mz509.213_rt7.6
360.06903,,Chemical formula,+ H,1,Positive,7.405,7.905,,NCE,,_mz360.069_rt7.66
274.03915,,Chemical formula,+ H,1,Positive,7.723,8.222999999999999,,NCE,,_mz274.039_rt7.97
549.24255,,Chemical formula,+ H,1,Positive,7.8469999999999995,8.347,,NCE,,_mz549.243_rt8.1
374.97156,,Chemical formula,+ H,1,Positive,8.106,8.606,,NCE,,_mz374.972_rt8.36
364.01025,,Chemical formula,+ H,1,Positive,8.293,8.793,,NCE,,_mz364.01_rt8.54
344.04428,,Chemical formula,+ H,1,Positive,8.435,8.935,,NCE,,_mz344.044_rt8.69
366.14859,,Chemical formula,+ H,1,Positive,8.82,9.32,,NCE,,_mz366.149_rt9.07
325.21365,,Chemical formula,+ H,1,Positive,9.683,10.183,,NCE,,_mz325.214_rt9.93
