Mass [m/z],Formula [M],Formula type,Species,CS [z],Polarity,Start [min],End [min],(N)CE,(N)CE type,MSX ID,Comment
272.09998,,Chemical formula,+ H,1,Positive,0.742,1.242,,NCE,,_mz272.1_rt0.99
166.12225,,Chemical formula,+ H,1,Positive,1.466,1.966,,NCE,,_mz166.122_rt1.72
299.07187,,Chemical formula,+ H,1,Positive,2.867,3.367,,NCE,,_mz299.072_rt3.12
299.00931,,Chemical formula,+ H,1,Positive,3.555,4.055,,NCE,,_mz299.009_rt3.81
370.03503,,Chemical formula,+ H,1,Positive,4.192,4.692,,NCE,,_mz370.035_rt4.44
223.14378,,Chemical formula,+ H,1,Positive,4.468,4.968,,NCE,,_mz223.144_rt4.72
266.10535,,Chemical formula,+ H,1,Positive,4.631,5.131,,NCE,,_mz266.105_rt4.88
264.12299,,Chemical formula,+ H,1,Positive,5.007,5.507,,NCE,,_mz264.123_rt5.26
316.10254,,Chemical formula,+ H,1,Positive,5.306,5.806,,NCE,,_mz316.103_rt5.56
377.07767,,Chemical formula,+ H,1,Positive,5.397,5.897,,NCE,,_mz377.078_rt5.65
317.00827,,Chemical formula,+ H,1,Positive,5.485,5.985,,NCE,,_mz317.008_rt5.74
330.03949,,Chemical formula,+ H,1,Positive,5.853,6.353,,NCE,,_mz330.039_rt6.1
314.0451,,Chemical formula,+ H,1,Positive,6.101,6.601,,NCE,,_mz314.045_rt6.35
283.12192,,Chemical formula,+ H,1,Positive,6.142,6.642,,NCE,,_mz283.122_rt6.39
425.0769,,Chemical formula,+ H,1,Positive,6.251,6.751,,NCE,,_mz425.077_rt6.5
397.11877,,Chemical formula,+ H,1,Positive,6.392,6.892,,NCE,,_mz397.119_rt6.64
325.10806,,Chemical formula,+ H,1,Positive,6.507,7.007,,NCE,,_mz325.108_rt6.76
367.14288,,Chemical formula,+ H,1,Positive,6.66,7.16,,NCE,,_mz367.143_rt6.91
231.0218,,Chemical formula,+ H,1,Positive,6.802,7.302,,NCE,,_mz231.022_rt7.05
342.9975,,Chemical formula,+ H,1,Positive,6.833,7.333,,NCE,,_mz342.998_rt7.08
139.99249,,Chemical formula,+ H,1,Positive,6.908,7.408,,NCE,,_mz139.992_rt7.16
380.05328,,Chemical formula,+ H,1,Positive,6.976,7.476,,NCE,,_mz380.053_rt7.23
342.16934,,Chemical formula,+ H,1,Positive,7.079,7.579,,NCE,,_mz342.169_rt7.33
290.07001,,Chemical formula,+ H,1,Positive,7.349,7.849,,NCE,,_mz290.07_rt7.6
358.07016,,Chemical formula,+ H,1,Positive,7.401,7.901,,NCE,,_mz358.07_rt7.65
306.10339,,Chemical formula,+ H,1,Positive,7.673,8.173,,NCE,,_mz306.103_rt7.92
537.24268,,Chemical formula,+ H,1,Positive,7.839,8.339,,NCE,,_mz537.243_rt8.09
358.97559,,Chemical formula,+ H,1,Positive,8.059,8.559,,NCE,,_mz358.976_rt8.31
362.01309,,Chemical formula,+ H,1,Positive,8.293,8.793,,NCE,,_mz362.013_rt8.54
348.9996,,Chemical formula,+ H,1,Positive,8.435,8.935,,NCE,,_mz349_rt8.69
366.14859,,Chemical formula,+ H,1,Positive,8.82,9.32,,NCE,,_mz366.149_rt9.07
479.22382,,Chemical formula,+ H,1,Positive,9.29,9.79,,NCE,,_mz479.224_rt9.54
