Mass [m/z],Formula [M],Formula type,Species,CS [z],Polarity,Start [min],End [min],(N)CE,(N)CE type,MSX ID,Comment
314.07156,,Chemical formula,+ H,1,Positive,0.788,1.288,,NCE,,_mz314.072_rt1.04
209.12816,,Chemical formula,+ H,1,Positive,2.033,2.533,,NCE,,_mz209.128_rt2.28
281.00644,,Chemical formula,+ H,1,Positive,2.887,3.387,,NCE,,_mz281.006_rt3.14
283.09262,,Chemical formula,+ H,1,Positive,3.743,4.243,,NCE,,_mz283.093_rt3.99
340.1246,,Chemical formula,+ H,1,Positive,4.204,4.704,,NCE,,_mz340.125_rt4.45
384.01276,,Chemical formula,+ H,1,Positive,4.529,5.029,,NCE,,_mz384.013_rt4.78
312.06653,,Chemical formula,+ H,1,Positive,4.739,5.239,,NCE,,_mz312.067_rt4.99
242.00735,,Chemical formula,+ H,1,Positive,5.035,5.535,,NCE,,_mz242.007_rt5.28
387.06165,,Chemical formula,+ H,1,Positive,5.335,5.835,,NCE,,_mz387.062_rt5.58
379.07233,,Chemical formula,+ H,1,Positive,5.401,5.901,,NCE,,_mz379.072_rt5.65
296.07898,,Chemical formula,+ H,1,Positive,5.485,5.985,,NCE,,_mz296.079_rt5.74
360.12881,,Chemical formula,+ H,1,Positive,5.867,6.367,,NCE,,_mz360.129_rt6.12
316.04245,,Chemical formula,+ H,1,Positive,6.104,6.604,,NCE,,_mz316.042_rt6.35
269.10675,,Chemical formula,+ H,1,Positive,6.142,6.642,,NCE,,_mz269.107_rt6.39
320.04059,,Chemical formula,+ H,1,Positive,6.303,6.803,,NCE,,_mz320.041_rt6.55
204.99261,,Chemical formula,+ H,1,Positive,6.431,6.931,,NCE,,_mz204.993_rt6.68
319.06589,,Chemical formula,+ H,1,Positive,6.541,7.041,,NCE,,_mz319.066_rt6.79
418.18246,,Chemical formula,+ H,1,Positive,6.706,7.206,,NCE,,_mz418.182_rt6.96
259.01804,,Chemical formula,+ H,1,Positive,6.808,7.308,,NCE,,_mz259.018_rt7.06
286.14355,,Chemical formula,+ H,1,Positive,6.853,7.353,,NCE,,_mz286.144_rt7.1
358.07062,,Chemical formula,+ H,1,Positive,6.91,7.41,,NCE,,_mz358.071_rt7.16
360.06885,,Chemical formula,+ H,1,Positive,6.981,7.481,,NCE,,_mz360.069_rt7.23
263.05017,,Chemical formula,+ H,1,Positive,7.08,7.58,,NCE,,_mz263.05_rt7.33
342.16959,,Chemical formula,+ H,1,Positive,7.36,7.86,,NCE,,_mz342.17_rt7.61
417.21994,,Chemical formula,+ H,1,Positive,7.469,7.969,,NCE,,_mz417.22_rt7.72
441.08234,,Chemical formula,+ H,1,Positive,7.746,8.246,,NCE,,_mz441.082_rt8
413.07864,,Chemical formula,+ H,1,Positive,7.859999999999999,8.36,,NCE,,_mz413.079_rt8.11
563.25946,,Chemical formula,+ H,1,Positive,8.146,8.646,,NCE,,_mz563.259_rt8.4
346.9837,,Chemical formula,+ H,1,Positive,8.295,8.795,,NCE,,_mz346.984_rt8.54
372.97946,,Chemical formula,+ H,1,Positive,8.435,8.935,,NCE,,_mz372.979_rt8.69
452.12411,,Chemical formula,+ H,1,Positive,8.886,9.386,,NCE,,_mz452.124_rt9.14
419.23633,,Chemical formula,+ H,1,Positive,9.818,10.318,,NCE,,_mz419.236_rt10.07
