Mass [m/z],Formula [M],Formula type,Species,CS [z],Polarity,Start [min],End [min],(N)CE,(N)CE type,MSX ID,Comment
306.09296,,Chemical formula,+ H,1,Positive,0.7949999999999999,1.295,,NCE,,_mz306.093_rt1.04
209.12816,,Chemical formula,+ H,1,Positive,2.288,2.788,,NCE,,_mz209.128_rt2.54
302.03406,,Chemical formula,+ H,1,Positive,3.247,3.747,,NCE,,_mz302.034_rt3.5
447.09058,,Chemical formula,+ H,1,Positive,4.062,4.562,,NCE,,_mz447.091_rt4.31
314.06219,,Chemical formula,+ H,1,Positive,4.355,4.855,,NCE,,_mz314.062_rt4.61
351.04236,,Chemical formula,+ H,1,Positive,4.562,5.062,,NCE,,_mz351.042_rt4.81
297.01285,,Chemical formula,+ H,1,Positive,5.005,5.505,,NCE,,_mz297.013_rt5.26
339.09433,,Chemical formula,+ H,1,Positive,5.208,5.708,,NCE,,_mz339.094_rt5.46
356.02097,,Chemical formula,+ H,1,Positive,5.34,5.84,,NCE,,_mz356.021_rt5.59
270.08228,,Chemical formula,+ H,1,Positive,5.482,5.982,,NCE,,_mz270.082_rt5.73
243.08089,,Chemical formula,+ H,1,Positive,5.735,6.235,,NCE,,_mz243.081_rt5.98
308.13062,,Chemical formula,+ H,1,Positive,6.082,6.582,,NCE,,_mz308.131_rt6.33
367.14273,,Chemical formula,+ H,1,Positive,6.136,6.636,,NCE,,_mz367.143_rt6.39
337.21234,,Chemical formula,+ H,1,Positive,6.146,6.646,,NCE,,_mz337.212_rt6.4
424.14502,,Chemical formula,+ H,1,Positive,6.375,6.875,,NCE,,_mz424.145_rt6.62
496.086,,Chemical formula,+ H,1,Positive,6.492,6.992,,NCE,,_mz496.086_rt6.74
193.13307,,Chemical formula,+ H,1,Positive,6.612,7.112,,NCE,,_mz193.133_rt6.86
283.08356,,Chemical formula,+ H,1,Positive,6.762,7.262,,NCE,,_mz283.084_rt7.01
362.97903,,Chemical formula,+ H,1,Positive,6.812,7.312,,NCE,,_mz362.979_rt7.06
399.116,,Chemical formula,+ H,1,Positive,6.907,7.407,,NCE,,_mz399.116_rt7.16
382.08902,,Chemical formula,+ H,1,Positive,6.912,7.412,,NCE,,_mz382.089_rt7.16
270.12512,,Chemical formula,+ H,1,Positive,7.039,7.539,,NCE,,_mz270.125_rt7.29
309.06674,,Chemical formula,+ H,1,Positive,7.111,7.611,,NCE,,_mz309.067_rt7.36
312.06287,,Chemical formula,+ H,1,Positive,7.375,7.875,,NCE,,_mz312.063_rt7.62
442.11646,,Chemical formula,+ H,1,Positive,7.505,8.004999999999999,,NCE,,_mz442.116_rt7.76
388.93634,,Chemical formula,+ H,1,Positive,7.749,8.248999999999999,,NCE,,_mz388.936_rt8
340.06058,,Chemical formula,+ H,1,Positive,7.949,8.449,,NCE,,_mz340.061_rt8.2
332.10709,,Chemical formula,+ H,1,Positive,8.194,8.694,,NCE,,_mz332.107_rt8.44
466.11737,,Chemical formula,+ H,1,Positive,8.378,8.878,,NCE,,_mz466.117_rt8.63
521.17627,,Chemical formula,+ H,1,Positive,8.494,8.994,,NCE,,_mz521.176_rt8.74
117.07001,,Chemical formula,+ H,1,Positive,9.037,9.537,,NCE,,_mz117.07_rt9.29
