Mass [m/z],Formula [M],Formula type,Species,CS [z],Polarity,Start [min],End [min],(N)CE,(N)CE type,MSX ID,Comment
313.08765,,Chemical formula,+ H,1,Positive,0.7909999999999999,1.291,,NCE,,_mz313.088_rt1.04
166.12225,,Chemical formula,+ H,1,Positive,2.09,2.59,,NCE,,_mz166.122_rt2.34
194.98758,,Chemical formula,+ H,1,Positive,3.231,3.731,,NCE,,_mz194.988_rt3.48
318.04984,,Chemical formula,+ H,1,Positive,3.8440000000000003,4.344,,NCE,,_mz318.05_rt4.09
286.14713,,Chemical formula,+ H,1,Positive,4.27,4.77,,NCE,,_mz286.147_rt4.52
223.14374,,Chemical formula,+ H,1,Positive,4.557,5.057,,NCE,,_mz223.144_rt4.81
318.13037,,Chemical formula,+ H,1,Positive,4.866,5.366,,NCE,,_mz318.13_rt5.12
193.02618,,Chemical formula,+ H,1,Positive,5.086,5.586,,NCE,,_mz193.026_rt5.34
278.06546,,Chemical formula,+ H,1,Positive,5.337,5.837,,NCE,,_mz278.065_rt5.59
482.09885,,Chemical formula,+ H,1,Positive,5.413,5.913,,NCE,,_mz482.099_rt5.66
265.04065,,Chemical formula,+ H,1,Positive,5.622,6.122,,NCE,,_mz265.041_rt5.87
326.08496,,Chemical formula,+ H,1,Positive,5.894,6.394,,NCE,,_mz326.085_rt6.14
290.12592,,Chemical formula,+ H,1,Positive,6.134,6.634,,NCE,,_mz290.126_rt6.38
525.13544,,Chemical formula,+ H,1,Positive,6.142,6.642,,NCE,,_mz525.135_rt6.39
424.14502,,Chemical formula,+ H,1,Positive,6.375,6.875,,NCE,,_mz424.145_rt6.62
197.04756,,Chemical formula,+ H,1,Positive,6.462,6.962,,NCE,,_mz197.048_rt6.71
193.13307,,Chemical formula,+ H,1,Positive,6.612,7.112,,NCE,,_mz193.133_rt6.86
283.08356,,Chemical formula,+ H,1,Positive,6.762,7.262,,NCE,,_mz283.084_rt7.01
360.98108,,Chemical formula,+ H,1,Positive,6.81,7.31,,NCE,,_mz360.981_rt7.06
422.08105,,Chemical formula,+ H,1,Positive,6.903,7.403,,NCE,,_mz422.081_rt7.15
286.14349,,Chemical formula,+ H,1,Positive,6.912,7.412,,NCE,,_mz286.143_rt7.16
272.12088,,Chemical formula,+ H,1,Positive,7.022,7.522,,NCE,,_mz272.121_rt7.27
366.97772,,Chemical formula,+ H,1,Positive,7.092,7.592,,NCE,,_mz366.978_rt7.34
312.06287,,Chemical formula,+ H,1,Positive,7.375,7.875,,NCE,,_mz312.063_rt7.62
523.22772,,Chemical formula,+ H,1,Positive,7.505,8.004999999999999,,NCE,,_mz523.228_rt7.76
432.02286,,Chemical formula,+ H,1,Positive,7.747,8.247,,NCE,,_mz432.023_rt8
537.24341,,Chemical formula,+ H,1,Positive,7.941000000000001,8.441,,NCE,,_mz537.243_rt8.19
332.10709,,Chemical formula,+ H,1,Positive,8.194,8.694,,NCE,,_mz332.107_rt8.44
300.1629,,Chemical formula,+ H,1,Positive,8.357,8.857,,NCE,,_mz300.163_rt8.61
352.99365,,Chemical formula,+ H,1,Positive,8.441,8.941,,NCE,,_mz352.994_rt8.69
221.13242,,Chemical formula,+ H,1,Positive,8.964,9.464,,NCE,,_mz221.132_rt9.21
521.17572,,Chemical formula,+ H,1,Positive,10.249,10.749,,NCE,,_mz521.176_rt10.5
