Mass [m/z],Formula [M],Formula type,Species,CS [z],Polarity,Start [min],End [min],(N)CE,(N)CE type,MSX ID,Comment
306.09308,,Chemical formula,+ H,1,Positive,1.092,1.592,,NCE,,_mz306.093_rt1.34
170.98759,,Chemical formula,+ H,1,Positive,2.298,2.798,,NCE,,_mz170.988_rt2.55
302.03406,,Chemical formula,+ H,1,Positive,3.247,3.747,,NCE,,_mz302.034_rt3.5
403.04272,,Chemical formula,+ H,1,Positive,4.1,4.6,,NCE,,_mz403.043_rt4.35
314.06219,,Chemical formula,+ H,1,Positive,4.355,4.855,,NCE,,_mz314.062_rt4.61
463.28082,,Chemical formula,+ H,1,Positive,4.608,5.108,,NCE,,_mz463.281_rt4.86
300.09241,,Chemical formula,+ H,1,Positive,5.006,5.506,,NCE,,_mz300.092_rt5.26
339.09433,,Chemical formula,+ H,1,Positive,5.208,5.708,,NCE,,_mz339.094_rt5.46
373.04657,,Chemical formula,+ H,1,Positive,5.34,5.84,,NCE,,_mz373.047_rt5.59
270.08228,,Chemical formula,+ H,1,Positive,5.482,5.982,,NCE,,_mz270.082_rt5.73
140.9767,,Chemical formula,+ H,1,Positive,5.736,6.236,,NCE,,_mz140.977_rt5.99
443.0867,,Chemical formula,+ H,1,Positive,6.101,6.601,,NCE,,_mz443.087_rt6.35
290.03568,,Chemical formula,+ H,1,Positive,6.139,6.639,,NCE,,_mz290.036_rt6.39
337.21088,,Chemical formula,+ H,1,Positive,6.23,6.73,,NCE,,_mz337.211_rt6.48
399.11548,,Chemical formula,+ H,1,Positive,6.386,6.886,,NCE,,_mz399.115_rt6.64
290.02975,,Chemical formula,+ H,1,Positive,6.494,6.994,,NCE,,_mz290.03_rt6.74
300.13562,,Chemical formula,+ H,1,Positive,6.628,7.128,,NCE,,_mz300.136_rt6.88
300.13568,,Chemical formula,+ H,1,Positive,6.785,7.285,,NCE,,_mz300.136_rt7.04
362.97903,,Chemical formula,+ H,1,Positive,6.812,7.312,,NCE,,_mz362.979_rt7.06
297.99625,,Chemical formula,+ H,1,Positive,6.907,7.407,,NCE,,_mz297.996_rt7.16
277.09464,,Chemical formula,+ H,1,Positive,6.926,7.426,,NCE,,_mz277.095_rt7.18
391.95511,,Chemical formula,+ H,1,Positive,7.055,7.555,,NCE,,_mz391.955_rt7.3
309.06674,,Chemical formula,+ H,1,Positive,7.111,7.611,,NCE,,_mz309.067_rt7.36
310.0654,,Chemical formula,+ H,1,Positive,7.375,7.875,,NCE,,_mz310.065_rt7.62
331.14319,,Chemical formula,+ H,1,Positive,7.537,8.036999999999999,,NCE,,_mz331.143_rt7.79
391.95529,,Chemical formula,+ H,1,Positive,7.757999999999999,8.258,,NCE,,_mz391.955_rt8.01
340.06058,,Chemical formula,+ H,1,Positive,7.949,8.449,,NCE,,_mz340.061_rt8.2
551.25934,,Chemical formula,+ H,1,Positive,8.204,8.704,,NCE,,_mz551.259_rt8.45
521.17657,,Chemical formula,+ H,1,Positive,8.419,8.919,,NCE,,_mz521.177_rt8.67
579.29102,,Chemical formula,+ H,1,Positive,8.53,9.03,,NCE,,_mz579.291_rt8.78
424.10764,,Chemical formula,+ H,1,Positive,9.098,9.598,,NCE,,_mz424.108_rt9.35
