Mass [m/z],Formula [M],Formula type,Species,CS [z],Polarity,Start [min],End [min],(N)CE,(N)CE type,MSX ID,Comment
314.07156,,Chemical formula,+ H,1,Positive,0.788,1.288,,NCE,,_mz314.072_rt1.04
239.13828,,Chemical formula,+ H,1,Positive,2.089,2.589,,NCE,,_mz239.138_rt2.34
302.03406,,Chemical formula,+ H,1,Positive,3.03,3.53,,NCE,,_mz302.034_rt3.28
296.06693,,Chemical formula,+ H,1,Positive,3.8390000000000004,4.339,,NCE,,_mz296.067_rt4.09
306.10352,,Chemical formula,+ H,1,Positive,4.25,4.75,,NCE,,_mz306.104_rt4.5
384.01276,,Chemical formula,+ H,1,Positive,4.529,5.029,,NCE,,_mz384.013_rt4.78
312.06653,,Chemical formula,+ H,1,Positive,4.739,5.239,,NCE,,_mz312.067_rt4.99
242.07877,,Chemical formula,+ H,1,Positive,5.075,5.575,,NCE,,_mz242.079_rt5.32
387.06165,,Chemical formula,+ H,1,Positive,5.335,5.835,,NCE,,_mz387.062_rt5.58
379.07233,,Chemical formula,+ H,1,Positive,5.401,5.901,,NCE,,_mz379.072_rt5.65
194.03838,,Chemical formula,+ H,1,Positive,5.519,6.019,,NCE,,_mz194.038_rt5.77
306.11502,,Chemical formula,+ H,1,Positive,5.867,6.367,,NCE,,_mz306.115_rt6.12
316.04245,,Chemical formula,+ H,1,Positive,6.104,6.604,,NCE,,_mz316.042_rt6.35
283.12192,,Chemical formula,+ H,1,Positive,6.142,6.642,,NCE,,_mz283.122_rt6.39
291.04453,,Chemical formula,+ H,1,Positive,6.333,6.833,,NCE,,_mz291.045_rt6.58
286.14349,,Chemical formula,+ H,1,Positive,6.441,6.941,,NCE,,_mz286.143_rt6.69
442.11703,,Chemical formula,+ H,1,Positive,6.581,7.081,,NCE,,_mz442.117_rt6.83
382.13,,Chemical formula,+ H,1,Positive,6.718,7.218,,NCE,,_mz382.13_rt6.97
259.01804,,Chemical formula,+ H,1,Positive,6.808,7.308,,NCE,,_mz259.018_rt7.06
509.10547,,Chemical formula,+ H,1,Positive,6.897,7.397,,NCE,,_mz509.105_rt7.15
358.07062,,Chemical formula,+ H,1,Positive,6.91,7.41,,NCE,,_mz358.071_rt7.16
358.07104,,Chemical formula,+ H,1,Positive,6.981,7.481,,NCE,,_mz358.071_rt7.23
263.05017,,Chemical formula,+ H,1,Positive,7.08,7.58,,NCE,,_mz263.05_rt7.33
581.26788,,Chemical formula,+ H,1,Positive,7.368,7.868,,NCE,,_mz581.268_rt7.62
432.02209,,Chemical formula,+ H,1,Positive,7.489,7.989,,NCE,,_mz432.022_rt7.74
432.02286,,Chemical formula,+ H,1,Positive,7.747,8.247,,NCE,,_mz432.023_rt8
318.15714,,Chemical formula,+ H,1,Positive,7.879,8.379,,NCE,,_mz318.157_rt8.13
400.93805,,Chemical formula,+ H,1,Positive,8.165,8.665,,NCE,,_mz400.938_rt8.41
346.9837,,Chemical formula,+ H,1,Positive,8.295,8.795,,NCE,,_mz346.984_rt8.54
350.99677,,Chemical formula,+ H,1,Positive,8.436,8.936,,NCE,,_mz350.997_rt8.69
452.12411,,Chemical formula,+ H,1,Positive,8.886,9.386,,NCE,,_mz452.124_rt9.14
521.17621,,Chemical formula,+ H,1,Positive,9.862,10.362,,NCE,,_mz521.176_rt10.11
