Mass [m/z],Formula [M],Formula type,Species,CS [z],Polarity,Start [min],End [min],(N)CE,(N)CE type,MSX ID,Comment
306.09296,,Chemical formula,+ H,1,Positive,0.7949999999999999,1.295,,NCE,,_mz306.093_rt1.04
209.12816,,Chemical formula,+ H,1,Positive,2.288,2.788,,NCE,,_mz209.128_rt2.54
194.98758,,Chemical formula,+ H,1,Positive,3.231,3.731,,NCE,,_mz194.988_rt3.48
242.08421,,Chemical formula,+ H,1,Positive,3.9669999999999996,4.467,,NCE,,_mz242.084_rt4.22
340.12463,,Chemical formula,+ H,1,Positive,4.309,4.809,,NCE,,_mz340.125_rt4.56
363.00049,,Chemical formula,+ H,1,Positive,4.561,5.061,,NCE,,_mz363_rt4.81
380.06857,,Chemical formula,+ H,1,Positive,4.971,5.471,,NCE,,_mz380.069_rt5.22
348.9288,,Chemical formula,+ H,1,Positive,5.127,5.627,,NCE,,_mz348.929_rt5.38
276.06931,,Chemical formula,+ H,1,Positive,5.338,5.838,,NCE,,_mz276.069_rt5.59
482.09885,,Chemical formula,+ H,1,Positive,5.413,5.913,,NCE,,_mz482.099_rt5.66
324.08307,,Chemical formula,+ H,1,Positive,5.707,6.207,,NCE,,_mz324.083_rt5.96
310.06772,,Chemical formula,+ H,1,Positive,6.025,6.525,,NCE,,_mz310.068_rt6.28
367.14273,,Chemical formula,+ H,1,Positive,6.136,6.636,,NCE,,_mz367.143_rt6.39
503.15329,,Chemical formula,+ H,1,Positive,6.142,6.642,,NCE,,_mz503.153_rt6.39
424.14502,,Chemical formula,+ H,1,Positive,6.375,6.875,,NCE,,_mz424.145_rt6.62
197.04756,,Chemical formula,+ H,1,Positive,6.462,6.962,,NCE,,_mz197.048_rt6.71
193.13307,,Chemical formula,+ H,1,Positive,6.612,7.112,,NCE,,_mz193.133_rt6.86
283.08356,,Chemical formula,+ H,1,Positive,6.762,7.262,,NCE,,_mz283.084_rt7.01
362.97903,,Chemical formula,+ H,1,Positive,6.812,7.312,,NCE,,_mz362.979_rt7.06
380.05313,,Chemical formula,+ H,1,Positive,6.907,7.407,,NCE,,_mz380.053_rt7.16
382.08902,,Chemical formula,+ H,1,Positive,6.912,7.412,,NCE,,_mz382.089_rt7.16
270.12512,,Chemical formula,+ H,1,Positive,7.039,7.539,,NCE,,_mz270.125_rt7.29
380.00504,,Chemical formula,+ H,1,Positive,7.101,7.601,,NCE,,_mz380.005_rt7.35
312.06287,,Chemical formula,+ H,1,Positive,7.375,7.875,,NCE,,_mz312.063_rt7.62
442.11646,,Chemical formula,+ H,1,Positive,7.505,8.004999999999999,,NCE,,_mz442.116_rt7.76
427.06711,,Chemical formula,+ H,1,Positive,7.747,8.247,,NCE,,_mz427.067_rt8
340.06058,,Chemical formula,+ H,1,Positive,7.949,8.449,,NCE,,_mz340.061_rt8.2
332.10709,,Chemical formula,+ H,1,Positive,8.194,8.694,,NCE,,_mz332.107_rt8.44
466.11737,,Chemical formula,+ H,1,Positive,8.378,8.878,,NCE,,_mz466.117_rt8.63
332.11856,,Chemical formula,+ H,1,Positive,8.462,8.962,,NCE,,_mz332.119_rt8.71
315.17438,,Chemical formula,+ H,1,Positive,9.023,9.523,,NCE,,_mz315.174_rt9.27
