Mass [m/z],Formula [M],Formula type,Species,CS [z],Polarity,Start [min],End [min],(N)CE,(N)CE type,MSX ID,Comment
314.07156,,Chemical formula,+ H,1,Positive,0.788,1.288,,NCE,,_mz314.072_rt1.04
239.13828,,Chemical formula,+ H,1,Positive,2.089,2.589,,NCE,,_mz239.138_rt2.34
302.03406,,Chemical formula,+ H,1,Positive,3.03,3.53,,NCE,,_mz302.034_rt3.28
296.06693,,Chemical formula,+ H,1,Positive,3.8390000000000004,4.339,,NCE,,_mz296.067_rt4.09
306.10352,,Chemical formula,+ H,1,Positive,4.25,4.75,,NCE,,_mz306.104_rt4.5
288.07175,,Chemical formula,+ H,1,Positive,4.536,5.036,,NCE,,_mz288.072_rt4.79
312.06653,,Chemical formula,+ H,1,Positive,4.739,5.239,,NCE,,_mz312.067_rt4.99
242.07877,,Chemical formula,+ H,1,Positive,5.075,5.575,,NCE,,_mz242.079_rt5.32
278.06546,,Chemical formula,+ H,1,Positive,5.337,5.837,,NCE,,_mz278.065_rt5.59
379.07233,,Chemical formula,+ H,1,Positive,5.401,5.901,,NCE,,_mz379.072_rt5.65
228.10126,,Chemical formula,+ H,1,Positive,5.553,6.053,,NCE,,_mz228.101_rt5.8
244.14407,,Chemical formula,+ H,1,Positive,5.891,6.391,,NCE,,_mz244.144_rt6.14
453.18701,,Chemical formula,+ H,1,Positive,6.114,6.614,,NCE,,_mz453.187_rt6.36
269.10675,,Chemical formula,+ H,1,Positive,6.142,6.642,,NCE,,_mz269.107_rt6.39
291.04453,,Chemical formula,+ H,1,Positive,6.333,6.833,,NCE,,_mz291.045_rt6.58
219.00789,,Chemical formula,+ H,1,Positive,6.451,6.951,,NCE,,_mz219.008_rt6.7
442.11703,,Chemical formula,+ H,1,Positive,6.581,7.081,,NCE,,_mz442.117_rt6.83
219.00812,,Chemical formula,+ H,1,Positive,6.743,7.243,,NCE,,_mz219.008_rt6.99
259.01804,,Chemical formula,+ H,1,Positive,6.808,7.308,,NCE,,_mz259.018_rt7.06
401.11105,,Chemical formula,+ H,1,Positive,6.899,7.399,,NCE,,_mz401.111_rt7.15
360.06845,,Chemical formula,+ H,1,Positive,6.911,7.411,,NCE,,_mz360.068_rt7.16
358.07104,,Chemical formula,+ H,1,Positive,6.981,7.481,,NCE,,_mz358.071_rt7.23
324.98767,,Chemical formula,+ H,1,Positive,7.09,7.59,,NCE,,_mz324.988_rt7.34
312.06287,,Chemical formula,+ H,1,Positive,7.375,7.875,,NCE,,_mz312.063_rt7.62
432.02209,,Chemical formula,+ H,1,Positive,7.489,7.989,,NCE,,_mz432.022_rt7.74
432.02286,,Chemical formula,+ H,1,Positive,7.747,8.247,,NCE,,_mz432.023_rt8
523.22833,,Chemical formula,+ H,1,Positive,7.898,8.398,,NCE,,_mz523.228_rt8.15
393.9852,,Chemical formula,+ H,1,Positive,8.19,8.69,,NCE,,_mz393.985_rt8.44
344.98718,,Chemical formula,+ H,1,Positive,8.295,8.795,,NCE,,_mz344.987_rt8.54
370.98199,,Chemical formula,+ H,1,Positive,8.438,8.938,,NCE,,_mz370.982_rt8.69
467.12415,,Chemical formula,+ H,1,Positive,8.92,9.42,,NCE,,_mz467.124_rt9.17
521.17639,,Chemical formula,+ H,1,Positive,9.948,10.448,,NCE,,_mz521.176_rt10.2
