Mass [m/z],Formula [M],Formula type,Species,CS [z],Polarity,Start [min],End [min],(N)CE,(N)CE type,MSX ID,Comment
173.00305,,Chemical formula,+ H,1,Positive,0.748,1.248,,NCE,,_mz173.003_rt1
209.12816,,Chemical formula,+ H,1,Positive,2.033,2.533,,NCE,,_mz209.128_rt2.28
281.00644,,Chemical formula,+ H,1,Positive,2.887,3.387,,NCE,,_mz281.006_rt3.14
214.05673,,Chemical formula,+ H,1,Positive,3.564,4.064,,NCE,,_mz214.057_rt3.81
370.03503,,Chemical formula,+ H,1,Positive,4.192,4.692,,NCE,,_mz370.035_rt4.44
363.0004,,Chemical formula,+ H,1,Positive,4.496,4.996,,NCE,,_mz363_rt4.75
312.06653,,Chemical formula,+ H,1,Positive,4.739,5.239,,NCE,,_mz312.067_rt4.99
235.05637,,Chemical formula,+ H,1,Positive,5.033,5.533,,NCE,,_mz235.056_rt5.28
387.06165,,Chemical formula,+ H,1,Positive,5.335,5.835,,NCE,,_mz387.062_rt5.58
382.03229,,Chemical formula,+ H,1,Positive,5.399,5.899,,NCE,,_mz382.032_rt5.65
296.07898,,Chemical formula,+ H,1,Positive,5.485,5.985,,NCE,,_mz296.079_rt5.74
360.12881,,Chemical formula,+ H,1,Positive,5.867,6.367,,NCE,,_mz360.129_rt6.12
443.0867,,Chemical formula,+ H,1,Positive,6.101,6.601,,NCE,,_mz443.087_rt6.35
503.15329,,Chemical formula,+ H,1,Positive,6.142,6.642,,NCE,,_mz503.153_rt6.39
320.04059,,Chemical formula,+ H,1,Positive,6.303,6.803,,NCE,,_mz320.041_rt6.55
397.11877,,Chemical formula,+ H,1,Positive,6.392,6.892,,NCE,,_mz397.119_rt6.64
494.1683,,Chemical formula,+ H,1,Positive,6.524,7.024,,NCE,,_mz494.168_rt6.77
360.90622,,Chemical formula,+ H,1,Positive,6.684,7.184,,NCE,,_mz360.906_rt6.93
324.08188,,Chemical formula,+ H,1,Positive,6.807,7.307,,NCE,,_mz324.082_rt7.06
342.9975,,Chemical formula,+ H,1,Positive,6.833,7.333,,NCE,,_mz342.998_rt7.08
358.07062,,Chemical formula,+ H,1,Positive,6.91,7.41,,NCE,,_mz358.071_rt7.16
362.06552,,Chemical formula,+ H,1,Positive,6.978,7.478,,NCE,,_mz362.066_rt7.23
263.05017,,Chemical formula,+ H,1,Positive,7.08,7.58,,NCE,,_mz263.05_rt7.33
342.16959,,Chemical formula,+ H,1,Positive,7.36,7.86,,NCE,,_mz342.17_rt7.61
437.19122,,Chemical formula,+ H,1,Positive,7.409,7.909,,NCE,,_mz437.191_rt7.66
438.03354,,Chemical formula,+ H,1,Positive,7.745,8.245000000000001,,NCE,,_mz438.034_rt8
297.95834,,Chemical formula,+ H,1,Positive,7.856999999999999,8.357,,NCE,,_mz297.958_rt8.11
580.28522,,Chemical formula,+ H,1,Positive,8.146,8.646,,NCE,,_mz580.285_rt8.4
348.98059,,Chemical formula,+ H,1,Positive,8.295,8.795,,NCE,,_mz348.981_rt8.54
344.04428,,Chemical formula,+ H,1,Positive,8.435,8.935,,NCE,,_mz344.044_rt8.69
470.07074,,Chemical formula,+ H,1,Positive,8.869,9.369,,NCE,,_mz470.071_rt9.12
325.21365,,Chemical formula,+ H,1,Positive,9.683,10.183,,NCE,,_mz325.214_rt9.93
