Mass [m/z],Formula [M],Formula type,Species,CS [z],Polarity,Start [min],End [min],(N)CE,(N)CE type,MSX ID,Comment
142.99271,,Chemical formula,+ H,1,Positive,0.728,1.228,,NCE,,_mz142.993_rt0.98
286.01749,,Chemical formula,+ H,1,Positive,1.214,1.714,,NCE,,_mz286.017_rt1.46
247.00623,,Chemical formula,+ H,1,Positive,2.699,3.199,,NCE,,_mz247.006_rt2.95
210.98265,,Chemical formula,+ H,1,Positive,3.378,3.878,,NCE,,_mz210.983_rt3.63
318.09381,,Chemical formula,+ H,1,Positive,4.169,4.669,,NCE,,_mz318.094_rt4.42
229.07368,,Chemical formula,+ H,1,Positive,4.459,4.959,,NCE,,_mz229.074_rt4.71
279.04483,,Chemical formula,+ H,1,Positive,4.617,5.117,,NCE,,_mz279.045_rt4.87
300.09241,,Chemical formula,+ H,1,Positive,5.006,5.506,,NCE,,_mz300.092_rt5.26
308.13062,,Chemical formula,+ H,1,Positive,5.292,5.792,,NCE,,_mz308.131_rt5.54
296.14914,,Chemical formula,+ H,1,Positive,5.386,5.886,,NCE,,_mz296.149_rt5.64
284.09848,,Chemical formula,+ H,1,Positive,5.483,5.983,,NCE,,_mz284.098_rt5.73
330.03949,,Chemical formula,+ H,1,Positive,5.853,6.353,,NCE,,_mz330.039_rt6.1
314.0451,,Chemical formula,+ H,1,Positive,6.101,6.601,,NCE,,_mz314.045_rt6.35
274.06183,,Chemical formula,+ H,1,Positive,6.14,6.64,,NCE,,_mz274.062_rt6.39
333.06674,,Chemical formula,+ H,1,Positive,6.249,6.749,,NCE,,_mz333.067_rt6.5
199.06313,,Chemical formula,+ H,1,Positive,6.387,6.887,,NCE,,_mz199.063_rt6.64
325.10806,,Chemical formula,+ H,1,Positive,6.507,7.007,,NCE,,_mz325.108_rt6.76
300.13562,,Chemical formula,+ H,1,Positive,6.628,7.128,,NCE,,_mz300.136_rt6.88
305.05954,,Chemical formula,+ H,1,Positive,6.796,7.296,,NCE,,_mz305.06_rt7.05
344.99509,,Chemical formula,+ H,1,Positive,6.832,7.332,,NCE,,_mz344.995_rt7.08
399.116,,Chemical formula,+ H,1,Positive,6.907,7.407,,NCE,,_mz399.116_rt7.16
278.0907,,Chemical formula,+ H,1,Positive,6.939,7.439,,NCE,,_mz278.091_rt7.19
344.18811,,Chemical formula,+ H,1,Positive,7.075,7.575,,NCE,,_mz344.188_rt7.32
276.05441,,Chemical formula,+ H,1,Positive,7.283,7.783,,NCE,,_mz276.054_rt7.53
198.06789,,Chemical formula,+ H,1,Positive,7.377,7.877,,NCE,,_mz198.068_rt7.63
228.10109,,Chemical formula,+ H,1,Positive,7.608,8.108,,NCE,,_mz228.101_rt7.86
342.16891,,Chemical formula,+ H,1,Positive,7.775,8.275,,NCE,,_mz342.169_rt8.03
551.26093,,Chemical formula,+ H,1,Positive,7.9510000000000005,8.451,,NCE,,_mz551.261_rt8.2
582.30219,,Chemical formula,+ H,1,Positive,8.233,8.733,,NCE,,_mz582.302_rt8.48
348.03793,,Chemical formula,+ H,1,Positive,8.434,8.934,,NCE,,_mz348.038_rt8.68
370.92612,,Chemical formula,+ H,1,Positive,8.688,9.188,,NCE,,_mz370.926_rt8.94
315.17407,,Chemical formula,+ H,1,Positive,9.205,9.705,,NCE,,_mz315.174_rt9.46
