"","Source","Target","Distance","Source_RT","Target_RT","rt_defect","Source_DR","Target_DR","Distance_Type","edge_ID","HCM"
"191","Ethiofencarb (special adduct):-H2O+C2H4-3","Ethiofencarb (special adduct):-H2O+C2H4-2",0.904,9.299,9.46,0.161000000000001,"Ethiofencarb (special adduct)","Ethiofencarb (special adduct)","M-M",1,"LC"
"192","Ethiofencarb (special adduct):-H2O+C2H4-3","Ethiofencarb (special adduct):-H2O+C2H4-1",0.896,9.299,9.213,0.0860000000000003,"Ethiofencarb (special adduct)","Ethiofencarb (special adduct)","M-M",2,"LC"
"399","Ethiofencarb (special adduct):-H2O+C2H4-2","Ethiofencarb (special adduct):-H2O+C2H4-1",0.955,9.46,9.213,0.247000000000002,"Ethiofencarb (special adduct)","Ethiofencarb (special adduct)","M-M",3,"LC"
"775","Methamidophos:-NH3+O-1","Methamidophos:-NH3+O-2",0.852,7.159,5.973,1.186,"Methamidophos","Methamidophos","M-M",4,"LC"
"779","Methamidophos:-NH3+O-1","Methamidophos:-NH+CO",0.345,7.159,3.636,3.523,"Methamidophos","Methamidophos","M-M",5,"LC"
"1008","Methamidophos:-NH3+O-2","Methamidophos:-NH+CO",0.441,5.973,3.636,2.337,"Methamidophos","Methamidophos","M-M",6,"LC"
"1287","Diamidafos:-C2H2O-NH3","Diamidafos:-C2H4-C2H4",0.149,6.64,1.589,5.051,"Diamidafos","Diamidafos","M-M",7,"LC"
"1555","Fenthion sulfoxide:Dearylation of organphosphosulfur compound-s","Fenthion sulfoxide:-CO2-S+O",0.088,0.978,5.279,4.301,"Fenthion sulfoxide","Fenthion sulfoxide","M-M",8,"LC"
"1574","Fenthion sulfoxide:Dearylation of organphosphosulfur compound-s","Fenthion sulfoxide:-S+O",0.083,0.978,4.869,3.891,"Fenthion sulfoxide","Fenthion sulfoxide","M-M",9,"LC"
"1575","Fenthion sulfoxide:Dearylation of organphosphosulfur compound-s","Fenthion sulfoxide:-CH2",0.587,0.978,3.132,2.154,"Fenthion sulfoxide","Fenthion sulfoxide","M-M",10,"LC"
"1592","Fenthion sulfoxide:Dearylation of organphosphosulfur compound-s","Fenthion sulfoxide",0.023,0.978,6.47,5.492,"Fenthion sulfoxide","Fenthion sulfoxide","P-M",11,"LC"
"1636","Fenthion sulfoxide:Dearylation of organphosphosulfur compound-s","Fenthion sulfoxide:+NH+NH",0.289,0.978,4.741,3.763,"Fenthion sulfoxide","Fenthion sulfoxide","M-M",12,"LC"
"1648","Fenthion sulfoxide:Dearylation of organphosphosulfur compound-s","Fenthion sulfoxide:+CO+NH3",0.094,0.978,7.159,6.181,"Fenthion sulfoxide","Fenthion sulfoxide","M-M",13,"LC"
"2162","Ethiofencarb:-CO2-S+O-1","Ethiofencarb",0.39,1.694,6.58,4.886,"Ethiofencarb","Ethiofencarb","P-M",14,"LC"
"2169","Ethiofencarb:-CO2-S+O-1","Ethiofencarb:+O",0.377,1.694,4.238,2.544,"Ethiofencarb","Ethiofencarb","M-M",15,"LC"
"2502","Pirimiphos ethyl: Dearylation of organphosphosulfur compound-l-2","Pirimiphos ethyl: Dearylation of organphosphosulfur compound-l-1",0.131,2.939,4.496,1.557,"Pirimiphos ethyl","Pirimiphos ethyl","M-M",16,"LC"
"2582","Pirimiphos ethyl: Dearylation of organphosphosulfur compound-l-2","Pirimiphos ethyl:-C2H4-2",0.148,2.939,7.939,5,"Pirimiphos ethyl","Pirimiphos ethyl","M-M",17,"LC"
"2584","Pirimiphos ethyl: Dearylation of organphosphosulfur compound-l-2","Pirimiphos ethyl:-S+O",0.135,2.939,8.118,5.179,"Pirimiphos ethyl","Pirimiphos ethyl","M-M",18,"LC"
"2622","Pirimiphos ethyl: Dearylation of organphosphosulfur compound-l-2","Pirimiphos ethyl",0.132,2.939,9.102,6.163,"Pirimiphos ethyl","Pirimiphos ethyl","P-M",19,"LC"
"2747","Diuron:-C2H2O-H2O","Diuron:-CH2-H2-1",0.033,0.998,6.834,5.836,"Diuron","Diuron","M-M",20,"LC"
"2748","Diuron:-C2H2O-H2O","Diuron:-CH2-H2-2",0.069,0.998,7.068,6.07,"Diuron","Diuron","M-M",21,"LC"
"2750","Diuron:-C2H2O-H2O","Diuron:-CH2-1",0.248,0.998,6.701,5.703,"Diuron","Diuron","M-M",22,"LC"
"3207","Pirimiphos ethyl: Dearylation of organphosphosulfur compound-l-1","Pirimiphos ethyl:-C2H4-2",0.298,4.496,7.939,3.443,"Pirimiphos ethyl","Pirimiphos ethyl","M-M",23,"LC"
"3209","Pirimiphos ethyl: Dearylation of organphosphosulfur compound-l-1","Pirimiphos ethyl:-S+O",0.276,4.496,8.118,3.622,"Pirimiphos ethyl","Pirimiphos ethyl","M-M",24,"LC"
"3239","Pirimiphos ethyl: Dearylation of organphosphosulfur compound-l-1","Pirimiphos ethyl",0.437,4.496,9.102,4.606,"Pirimiphos ethyl","Pirimiphos ethyl","P-M",25,"HC"
"3338","Methacrifos (special adduct):-S+O","Methacrifos (special adduct)",0.326,5.358,7.223,1.865,"Methacrifos (special adduct)","Methacrifos (special adduct)","P-M",26,"LC"
"3555","Methacrifos:-C2H4-H2O","Methacrifos:-S+O",0.03,3.53,5.358,1.828,"Methacrifos","Methacrifos","M-M",27,"LC"
"3563","Methacrifos:-C2H4-H2O","Methacrifos:-S+O+NH3",0.057,3.53,5.304,1.774,"Methacrifos","Methacrifos","M-M",28,"LC"
"3765","Chlortoluron:-CH2-H2","Chlortoluron:-CH2",0.052,6.707,6.64,0.0670000000000002,"Chlortoluron","Chlortoluron","M-M",29,"LC"
"3770","Chlortoluron:-CH2-H2","Chlortoluron",0.06,6.707,6.834,0.127,"Chlortoluron","Chlortoluron","P-M",30,"LC"
"3785","Chlortoluron:-CH2-H2","Chlortoluron:+O",0.034,6.707,4.721,1.986,"Chlortoluron","Chlortoluron","M-M",31,"LC"
"3810","Chlortoluron:-CH2-H2","Chlortoluron:+C2H2O+C2H4",0.43,6.707,6.397,0.31,"Chlortoluron","Chlortoluron","M-M",32,"LC"
"4002","Dimethachlor:N-Dealkylation of tertiary carboxamide-l","Dimethachlor",0.219,7.631,7.192,0.439,"Dimethachlor","Dimethachlor","P-M",33,"LC"
"4192","Chlortoluron:-CH2","Chlortoluron",0.077,6.64,6.834,0.194,"Chlortoluron","Chlortoluron","P-M",34,"LC"
"4205","Chlortoluron:-CH2","Chlortoluron:+O",0.108,6.64,4.721,1.919,"Chlortoluron","Chlortoluron","M-M",35,"LC"
"4233","Chlortoluron:-CH2","Chlortoluron:+C2H2O+C2H4",0.044,6.64,6.397,0.242999999999999,"Chlortoluron","Chlortoluron","M-M",36,"LC"
"4539","Diuron:-C2H4","Diuron:-CH2-H2-2",0.043,6.701,7.068,0.367,"Diuron","Diuron","M-M",37,"LC"
"4540","Diuron:-C2H4","Diuron:-CH2-2",0.561,6.701,6.999,0.298,"Diuron","Diuron","M-M",38,"LC"
"4709","Isoproturon","Isoproturon:-CH2+O-1",0.048,7.043,2.601,4.442,"Isoproturon","Isoproturon","P-M",39,"LC"
"4716","Isoproturon","Isoproturon:+O-1",0.444,7.043,4.813,2.23,"Isoproturon","Isoproturon","P-M",40,"HC"
"4717","Isoproturon","Isoproturon:+O-2",0.471,7.043,4.721,2.322,"Isoproturon","Isoproturon","P-M",41,"HC"
"4978","Isoproturon:-CH2+O-1","Isoproturon:+O-1",0.171,2.601,4.813,2.212,"Isoproturon","Isoproturon","M-M",42,"LC"
"4979","Isoproturon:-CH2+O-1","Isoproturon:+O-2",0.167,2.601,4.721,2.12,"Isoproturon","Isoproturon","M-M",43,"LC"
"5123","Chlortoluron","Chlortoluron:+O",0.594,6.834,4.721,2.113,"Chlortoluron","Chlortoluron","P-M",44,"HC"
"5139","Chlortoluron","Chlortoluron:+C2H2O+C2H4",0.035,6.834,6.397,0.436999999999999,"Chlortoluron","Chlortoluron","P-M",45,"LC"
"5267","Diuron:-CH2-H2-1","Diuron:-CH2-H2-2",0.156,6.834,7.068,0.234,"Diuron","Diuron","M-M",46,"LC"
"5269","Diuron:-CH2-H2-1","Diuron:-CH2-2",0.042,6.834,6.999,0.165,"Diuron","Diuron","M-M",47,"LC"
"5270","Diuron:-CH2-H2-1","Diuron:-CH2-1",0.07,6.834,6.701,0.133,"Diuron","Diuron","M-M",48,"LC"
"5282","Diuron:-CH2-H2-1","Diuron",0.37,6.834,7.159,0.325,"Diuron","Diuron","P-M",49,"LC"
"5461","Diuron:-CH2-H2-2","Diuron:-CH2-2",0.076,7.068,6.999,0.069,"Diuron","Diuron","M-M",50,"LC"
"5462","Diuron:-CH2-H2-2","Diuron:-CH2-1",0.236,7.068,6.701,0.367,"Diuron","Diuron","M-M",51,"LC"
"5825","Diuron:-CH2-2","Diuron",0.106,6.999,7.159,0.16,"Diuron","Diuron","P-M",52,"LC"
"6136","Aldicarb-sulfone:-O2+H2+C2H4","Aldicarb-sulfone",0.026,9.215,2.735,6.48,"Aldicarb-sulfone","Aldicarb-sulfone","P-M",53,"LC"
"6343","Ethiofencarb:-CO2-S+O-2","Ethiofencarb",0.051,2.397,6.58,4.183,"Ethiofencarb","Ethiofencarb","P-M",54,"LC"
"6349","Ethiofencarb:-CO2-S+O-2","Ethiofencarb:+O",0.044,2.397,4.238,1.841,"Ethiofencarb","Ethiofencarb","M-M",55,"LC"
"6640","Isoproturon:+O-1","Isoproturon:+O-2",0.813,4.813,4.721,0.0919999999999996,"Isoproturon","Isoproturon","M-M",56,"LC"
"7017","Methacrifos:-S+O","Methacrifos",0.349,5.358,7.221,1.863,"Methacrifos","Methacrifos","P-M",57,"LC"
"7018","Methacrifos:-S+O","Methacrifos:-S+O+NH3",0.795,5.358,5.304,0.0539999999999994,"Methacrifos","Methacrifos","M-M",58,"LC"
"7198","Ethiofencarb","Ethiofencarb:+O",0.943,6.58,4.238,2.342,"Ethiofencarb","Ethiofencarb","P-M",59,"HC"
"7355","Mepronil:-C2H4-CH2-2","Mepronil:-C2H4-CH2-1",0.808,5.804,7.861,2.057,"Mepronil","Mepronil","M-M",60,"LC"
"7369","Mepronil:-C2H4-CH2-2","Mepronil",0.925,5.804,7.72,1.916,"Mepronil","Mepronil","P-M",61,"HC"
"7379","Mepronil:-C2H4-CH2-2","Mepronil:+O-1",0.534,5.804,6.701,0.896999999999999,"Mepronil","Mepronil","M-M",62,"LC"
"7380","Mepronil:-C2H4-CH2-2","Mepronil:+O-2",0.139,5.804,7.159,1.355,"Mepronil","Mepronil","M-M",63,"LC"
"7381","Mepronil:-C2H4-CH2-2","Mepronil:+O-4",0.907,5.804,6.561,0.757,"Mepronil","Mepronil","M-M",64,"LC"
"7524","Mepronil:-C2H4-CH2-1","Mepronil",0.761,7.861,7.72,0.141,"Mepronil","Mepronil","P-M",65,"HC"
"7536","Mepronil:-C2H4-CH2-1","Mepronil:+O-1",0.478,7.861,6.701,1.16,"Mepronil","Mepronil","M-M",66,"LC"
"7537","Mepronil:-C2H4-CH2-1","Mepronil:+O-2",0.145,7.861,7.159,0.702,"Mepronil","Mepronil","M-M",67,"LC"
"7538","Mepronil:-C2H4-CH2-1","Mepronil:+O-4",0.809,7.861,6.561,1.3,"Mepronil","Mepronil","M-M",68,"LC"
"7725","Chlortoluron:+O","Chlortoluron:+C2H2O+C2H4",0.029,4.721,6.397,1.676,"Chlortoluron","Chlortoluron","M-M",69,"LC"
"7975","Etrimfos:-CO2-H2O","Etrimfos:-NH-NH",0.035,4.721,7.334,2.613,"Etrimfos","Etrimfos","M-M",70,"LC"
"7976","Etrimfos:-CO2-H2O","Etrimfos:-C2H4",0.057,4.721,5.854,1.133,"Etrimfos","Etrimfos","M-M",71,"LC"
"7997","Etrimfos:-CO2-H2O","Etrimfos",0.033,4.721,8.405,3.684,"Etrimfos","Etrimfos","P-M",72,"LC"
"8014","Etrimfos:-CO2-H2O","Etrimfos:+O",0.019,4.721,7.367,2.646,"Etrimfos","Etrimfos","M-M",73,"LC"
"8209","Fenthion sulfoxide:-CO2-S+O","Fenthion sulfoxide:-S+O",0.113,5.279,4.869,0.41,"Fenthion sulfoxide","Fenthion sulfoxide","M-M",74,"LC"
"8210","Fenthion sulfoxide:-CO2-S+O","Fenthion sulfoxide:-CH2",0.143,5.279,3.132,2.147,"Fenthion sulfoxide","Fenthion sulfoxide","M-M",75,"LC"
"8226","Fenthion sulfoxide:-CO2-S+O","Fenthion sulfoxide",0.08,5.279,6.47,1.191,"Fenthion sulfoxide","Fenthion sulfoxide","P-M",76,"LC"
"8267","Fenthion sulfoxide:-CO2-S+O","Fenthion sulfoxide:+NH+NH",0.149,5.279,4.741,0.538,"Fenthion sulfoxide","Fenthion sulfoxide","M-M",77,"LC"
"8280","Fenthion sulfoxide:-CO2-S+O","Fenthion sulfoxide:+CO+NH3",0.68,5.279,7.159,1.88,"Fenthion sulfoxide","Fenthion sulfoxide","M-M",78,"LC"
"8382","Methacrifos","Methacrifos:-S+O+NH3",0.308,7.221,5.304,1.917,"Methacrifos","Methacrifos","P-M",79,"LC"
"9038","Quinalphos:-CO2-H2","Quinalphos:-CO2+NH",0.909,5.733,5.733,0,"Quinalphos","Quinalphos","M-M",80,"LC"
"9066","Quinalphos:-CO2-H2","Quinalphos",0.032,5.733,8.361,2.628,"Quinalphos","Quinalphos","P-M",81,"LC"
"9240","Propyzamide","Propyzamide:+H2O",0.59,7.753,7.984,0.231,"Propyzamide","Propyzamide","P-M",82,"HC"
"9252","Propyzamide","Propyzamide:+H2O+O",0.148,7.753,6.381,1.372,"Propyzamide","Propyzamide","P-M",83,"LC"
"9255","Propyzamide","Propyzamide:+CO2+H2-2",0.054,7.753,3.317,4.436,"Propyzamide","Propyzamide","P-M",84,"LC"
"9724","Etrimfos:-NH-NH","Etrimfos:-C2H4",0.346,7.334,5.854,1.48,"Etrimfos","Etrimfos","M-M",85,"LC"
"9732","Etrimfos:-NH-NH","Etrimfos:-S+O",0.064,7.334,7.176,0.157999999999999,"Etrimfos","Etrimfos","M-M",86,"LC"
"9750","Etrimfos:-NH-NH","Etrimfos",0.351,7.334,8.405,1.071,"Etrimfos","Etrimfos","P-M",87,"LC"
"9766","Etrimfos:-NH-NH","Etrimfos:+O",0.368,7.334,7.367,0.0330000000000004,"Etrimfos","Etrimfos","M-M",88,"LC"
"9911","Metalaxyl:-CH2-H2","Metalaxyl",0.02,5.279,7.016,1.737,"Metalaxyl","Metalaxyl","P-M",89,"LC"
"9930","Metalaxyl:-CH2-H2","Metalaxyl:+O-1",0.283,5.279,5.854,0.575,"Metalaxyl","Metalaxyl","M-M",90,"LC"
"10077","Etrimfos:-C2H4","Etrimfos:-S+O",0.458,5.854,7.176,1.322,"Etrimfos","Etrimfos","M-M",91,"LC"
"10094","Etrimfos:-C2H4","Etrimfos",0.74,5.854,8.405,2.551,"Etrimfos","Etrimfos","P-M",92,"HC"
"10110","Etrimfos:-C2H4","Etrimfos:+O",0.537,5.854,7.367,1.513,"Etrimfos","Etrimfos","M-M",93,"LC"
"10311","Ethidimuron","Ethidimuron:+CO2+C2H2O",0.007,4.333,4.813,0.48,"Ethidimuron","Ethidimuron","P-M",94,"LC"
"10507","Quinalphos:-CO2+NH","Quinalphos",0.07,5.733,8.361,2.628,"Quinalphos","Quinalphos","P-M",95,"LC"
"10685","Metolachlor:-CH2","Metolachlor",0.751,7.292,8.146,0.854000000000001,"Metolachlor","Metolachlor","P-M",96,"HC"
"10704","Metolachlor:-CH2","Metolachlor:+O-1",0.287,7.292,6.88,0.412,"Metolachlor","Metolachlor","M-M",97,"LC"
"10705","Metolachlor:-CH2","Metolachlor:+O-2",0.197,7.292,7.03,0.262,"Metolachlor","Metolachlor","M-M",98,"LC"
"10872","Mepronil","Mepronil:+O-1",0.499,7.72,6.701,1.019,"Mepronil","Mepronil","P-M",99,"HC"
"10873","Mepronil","Mepronil:+O-2",0.135,7.72,7.159,0.561,"Mepronil","Mepronil","P-M",100,"LC"
"10874","Mepronil","Mepronil:+O-4",0.856,7.72,6.561,1.159,"Mepronil","Mepronil","P-M",101,"HC"
"11026","Propyzamide:+H2O","Propyzamide:+H2O+O",0.037,7.984,6.381,1.603,"Propyzamide","Propyzamide","M-M",102,"LC"
"11029","Propyzamide:+H2O","Propyzamide:+CO2+H2-2",0.024,7.984,3.317,4.667,"Propyzamide","Propyzamide","M-M",103,"LC"
"11209","Flusilazole:-C2H4-CH2","Flusilazole",0.073,6.397,8.249,1.852,"Flusilazole","Flusilazole","P-M",104,"LC"
"11336","Azinphos methyl oxon:-C2H2O+NH","Azinphos methyl oxon:-O2+H2+C2H4",0.037,5.733,5.279,0.454,"Azinphos methyl oxon","Azinphos methyl oxon","M-M",105,"LC"
"11367","Azinphos methyl oxon:-C2H2O+NH","Azinphos methyl oxon:-NH3+CO2",0.07,5.733,8.48,2.747,"Azinphos methyl oxon","Azinphos methyl oxon","M-M",106,"LC"
"11384","Azinphos methyl oxon:-C2H2O+NH","Azinphos methyl oxon:-NH3+O+CO2",0.05,5.733,7.079,1.346,"Azinphos methyl oxon","Azinphos methyl oxon","M-M",107,"LC"
"11465","Thiamethoxam:-O2+H2+CH2","Thiamethoxam",0.054,5.58,3.53,2.05,"Thiamethoxam","Thiamethoxam","P-M",108,"LC"
"11530","Thiamethoxam:-O2+H2+CH2","Thiamethoxam:+CO2+CO2",0.095,5.58,7.342,1.762,"Thiamethoxam","Thiamethoxam","M-M",109,"LC"
"11577","Etrimfos:-S+O","Etrimfos",0.419,7.176,8.405,1.229,"Etrimfos","Etrimfos","P-M",110,"HC"
"11590","Etrimfos:-S+O","Etrimfos:+O",0.278,7.176,7.367,0.191,"Etrimfos","Etrimfos","M-M",111,"LC"
"11666","Fenthion sulfoxide:-S+O","Fenthion sulfoxide:-CH2",0.162,4.869,3.132,1.737,"Fenthion sulfoxide","Fenthion sulfoxide","M-M",112,"LC"
"11683","Fenthion sulfoxide:-S+O","Fenthion sulfoxide",0.409,4.869,6.47,1.601,"Fenthion sulfoxide","Fenthion sulfoxide","P-M",113,"HC"
"11725","Fenthion sulfoxide:-S+O","Fenthion sulfoxide:+NH+NH",0.071,4.869,4.741,0.128,"Fenthion sulfoxide","Fenthion sulfoxide","M-M",114,"LC"
"11738","Fenthion sulfoxide:-S+O","Fenthion sulfoxide:+CO+NH3",0.148,4.869,7.159,2.29,"Fenthion sulfoxide","Fenthion sulfoxide","M-M",115,"LC"
"11857","Metalaxyl","Metalaxyl:+O-1",0.029,7.016,5.854,1.162,"Metalaxyl","Metalaxyl","P-M",116,"LC"
"11906","Fenthion sulfoxide:-CH2","Fenthion sulfoxide",0.101,3.132,6.47,3.338,"Fenthion sulfoxide","Fenthion sulfoxide","P-M",117,"LC"
"11949","Fenthion sulfoxide:-CH2","Fenthion sulfoxide:+NH+NH",0.27,3.132,4.741,1.609,"Fenthion sulfoxide","Fenthion sulfoxide","M-M",118,"LC"
"11962","Fenthion sulfoxide:-CH2","Fenthion sulfoxide:+CO+NH3",0.112,3.132,7.159,4.027,"Fenthion sulfoxide","Fenthion sulfoxide","M-M",119,"LC"
"12152","Boscalid:-O2+H2-O2+H2","Boscalid",0.018,3.932,7.656,3.724,"Boscalid","Boscalid","P-M",120,"LC"
"12269","Carbophenothion:-CO-S+O-2","Carbophenothion:-O2+H2-NH",0.104,3.823,7.159,3.336,"Carbophenothion","Carbophenothion","M-M",121,"LC"
"12323","Carbophenothion:-CO-S+O-2","Carbophenothion",0.056,3.823,9.471,5.648,"Carbophenothion","Carbophenothion","P-M",122,"LC"
"12324","Carbophenothion:-CO-S+O-2","Carbophenothion:-S+O+O",0.029,3.823,7.086,3.263,"Carbophenothion","Carbophenothion","M-M",123,"LC"
"12354","Carbophenothion:-CO-S+O-2","Carbophenothion:+O+O",0.052,3.823,8.36,4.537,"Carbophenothion","Carbophenothion","M-M",124,"LC"
"12603","Metolachlor","Metolachlor:+O-1",0.35,8.146,6.88,1.266,"Metolachlor","Metolachlor","P-M",125,"LC"
"12604","Metolachlor","Metolachlor:+O-2",0.164,8.146,7.03,1.116,"Metolachlor","Metolachlor","P-M",126,"LC"
"12732","Mepronil:+O-1","Mepronil:+O-2",0.092,6.701,7.159,0.458,"Mepronil","Mepronil","M-M",127,"LC"
"12733","Mepronil:+O-1","Mepronil:+O-4",0.519,6.701,6.561,0.14,"Mepronil","Mepronil","M-M",128,"LC"
"12863","Mepronil:+O-2","Mepronil:+O-4",0.338,7.159,6.561,0.598,"Mepronil","Mepronil","M-M",129,"LC"
"13218","Sethoxydim:-C2H4-CH2","Sethoxydim:-C2H4",0.411,4.496,8.611,4.115,"Sethoxydim","Sethoxydim","M-M",130,"LC"
"13238","Sethoxydim:-C2H4-CH2","Sethoxydim:-C2H4+NH-2",0.319,4.496,9.275,4.779,"Sethoxydim","Sethoxydim","M-M",131,"LC"
"13239","Sethoxydim:-C2H4-CH2","Sethoxydim:-C2H4+NH-1",0.133,4.496,9.46,4.964,"Sethoxydim","Sethoxydim","M-M",132,"LC"
"13256","Sethoxydim:-C2H4-CH2","Sethoxydim",0.422,4.496,9.066,4.57,"Sethoxydim","Sethoxydim","P-M",133,"HC"
"13274","Sethoxydim:-C2H4-CH2","Sethoxydim:+O",0.286,4.496,7.323,2.827,"Sethoxydim","Sethoxydim","M-M",134,"LC"
"13390","Thenylchlor:-NH3-NH3","Thenylchlor:-H2",0.08,6.753,5.506,1.247,"Thenylchlor","Thenylchlor","M-M",135,"LC"
"13397","Thenylchlor:-NH3-NH3","Thenylchlor:-Cl+H+H2O-2",0.061,6.753,5.567,1.186,"Thenylchlor","Thenylchlor","M-M",136,"LC"
"13398","Thenylchlor:-NH3-NH3","Thenylchlor:-Cl+H+H2O-1",0.06,6.753,6.33,0.423,"Thenylchlor","Thenylchlor","M-M",137,"LC"
"13400","Thenylchlor:-NH3-NH3","Thenylchlor:-CH2-1",0.036,6.753,7.631,0.878,"Thenylchlor","Thenylchlor","M-M",138,"LC"
"13406","Thenylchlor:-NH3-NH3","Thenylchlor:-C2H4+H2O",0.054,6.753,4.612,2.141,"Thenylchlor","Thenylchlor","M-M",139,"LC"
"13417","Thenylchlor:-NH3-NH3","Thenylchlor:-CH2-2",0.008,6.753,6.254,0.499000000000001,"Thenylchlor","Thenylchlor","M-M",140,"LC"
"13421","Thenylchlor:-NH3-NH3","Thenylchlor",0.011,6.753,8.045,1.292,"Thenylchlor","Thenylchlor","P-M",141,"LC"
"13549","Propyzamide:+H2O+O","Propyzamide:+CO2+H2-2",0.076,6.381,3.317,3.064,"Propyzamide","Propyzamide","M-M",142,"LC"
"13684","Crufomate:-H2","Crufomate",0.187,7.609,8.231,0.622,"Crufomate","Crufomate","P-M",143,"LC"
"13703","Crufomate:-H2","Crufomate:+O",0.215,7.609,6.753,0.856,"Crufomate","Crufomate","M-M",144,"LC"
"13714","Crufomate:-H2","Crufomate:+CH2-1",0.107,7.609,7.798,0.189,"Crufomate","Crufomate","M-M",145,"LC"
"13730","Crufomate:-H2","Crufomate:+H2O+NH",0.133,7.609,6.753,0.856,"Crufomate","Crufomate","M-M",146,"LC"
"13876","Phenthoate:-S+O-CH2","Phenthoate",0.424,6.58,8.279,1.699,"Phenthoate","Phenthoate","P-M",147,"HC"
"13905","Phenthoate:-S+O-CH2","Phenthoate:-NH+C2H2O",0.233,6.58,8.696,2.116,"Phenthoate","Phenthoate","M-M",148,"LC"
"14190","Thiamethoxam","Thiamethoxam:-S+O+CO2",0.101,3.53,6.561,3.031,"Thiamethoxam","Thiamethoxam","P-M",149,"LC"
"14257","Thiamethoxam","Thiamethoxam:+CO2+CO2",0.193,3.53,7.342,3.812,"Thiamethoxam","Thiamethoxam","P-M",150,"LC"
"14339","Crufomate","Crufomate:+O",0.494,8.231,6.753,1.478,"Crufomate","Crufomate","P-M",151,"HC"
"14350","Crufomate","Crufomate:+CH2-1",0.073,8.231,7.798,0.433,"Crufomate","Crufomate","P-M",152,"LC"
"14366","Crufomate","Crufomate:+H2O+NH",0.376,8.231,6.753,1.478,"Crufomate","Crufomate","P-M",153,"LC"
"14496","Etrimfos","Etrimfos:+O",0.525,8.405,7.367,1.038,"Etrimfos","Etrimfos","P-M",154,"HC"
"14619","Fenthion sulfoxide","Fenthion sulfoxide:+NH+NH",0.044,6.47,4.741,1.729,"Fenthion sulfoxide","Fenthion sulfoxide","P-M",155,"LC"
"14632","Fenthion sulfoxide","Fenthion sulfoxide:+CO+NH3",0.15,6.47,7.159,0.689,"Fenthion sulfoxide","Fenthion sulfoxide","P-M",156,"LC"
"15045","Carbophenothion:-CO2-NH3+O","Carbophenothion:-O2+H2-NH",0.03,8.102,7.159,0.943000000000001,"Carbophenothion","Carbophenothion","M-M",157,"LC"
"15122","Carbophenothion:-O2+H2-NH","Carbophenothion",0.233,7.159,9.471,2.312,"Carbophenothion","Carbophenothion","P-M",158,"LC"
"15123","Carbophenothion:-O2+H2-NH","Carbophenothion:-S+O+O",0.157,7.159,7.086,0.0729999999999995,"Carbophenothion","Carbophenothion","M-M",159,"LC"
"15138","Carbophenothion:-O2+H2-NH","Carbophenothion:+O",0.09,7.159,8.312,1.153,"Carbophenothion","Carbophenothion","M-M",160,"LC"
"15157","Carbophenothion:-O2+H2-NH","Carbophenothion:+O+O",0.076,7.159,8.36,1.201,"Carbophenothion","Carbophenothion","M-M",161,"LC"
"15369","Azinphos methyl oxon:-O2+H2+C2H4","Azinphos methyl oxon",0.084,5.279,5.632,0.353,"Azinphos methyl oxon","Azinphos methyl oxon","P-M",162,"LC"
"15404","Azinphos methyl oxon:-O2+H2+C2H4","Azinphos methyl oxon:-NH3+CO2",0.245,5.279,8.48,3.201,"Azinphos methyl oxon","Azinphos methyl oxon","M-M",163,"LC"
"15422","Azinphos methyl oxon:-O2+H2+C2H4","Azinphos methyl oxon:-NH3+O+CO2",0.369,5.279,7.079,1.8,"Azinphos methyl oxon","Azinphos methyl oxon","M-M",164,"LC"
"15517","Metolachlor:+O-1","Metolachlor:+O-2",0.256,6.88,7.03,0.15,"Metolachlor","Metolachlor","M-M",165,"LC"
"15805","Sethoxydim:-C2H4","Sethoxydim:-C2H4+NH-2",0.427,8.611,9.275,0.664,"Sethoxydim","Sethoxydim","M-M",166,"LC"
"15806","Sethoxydim:-C2H4","Sethoxydim:-C2H4+NH-1",0.195,8.611,9.46,0.849,"Sethoxydim","Sethoxydim","M-M",167,"LC"
"15823","Sethoxydim:-C2H4","Sethoxydim",0.768,8.611,9.066,0.455,"Sethoxydim","Sethoxydim","P-M",168,"HC"
"15841","Sethoxydim:-C2H4","Sethoxydim:+O",0.582,8.611,7.323,1.288,"Sethoxydim","Sethoxydim","M-M",169,"LC"
"15952","Thenylchlor:-H2","Thenylchlor:-Cl+H+H2O-2",0.276,5.506,5.567,0.0609999999999999,"Thenylchlor","Thenylchlor","M-M",170,"LC"
"15953","Thenylchlor:-H2","Thenylchlor:-Cl+H+H2O-1",0.271,5.506,6.33,0.824,"Thenylchlor","Thenylchlor","M-M",171,"LC"
"15955","Thenylchlor:-H2","Thenylchlor:-CH2-1",0.06,5.506,7.631,2.125,"Thenylchlor","Thenylchlor","M-M",172,"LC"
"15961","Thenylchlor:-H2","Thenylchlor:-C2H4+H2O",0.407,5.506,4.612,0.894,"Thenylchlor","Thenylchlor","M-M",173,"LC"
"15974","Thenylchlor:-H2","Thenylchlor",0.229,5.506,8.045,2.539,"Thenylchlor","Thenylchlor","P-M",174,"LC"
"16126","Azinphos methyl oxon","Azinphos methyl oxon:-NH3+CO2",0.073,5.632,8.48,2.848,"Azinphos methyl oxon","Azinphos methyl oxon","P-M",175,"LC"
"16144","Azinphos methyl oxon","Azinphos methyl oxon:-NH3+O+CO2",0.101,5.632,7.079,1.447,"Azinphos methyl oxon","Azinphos methyl oxon","P-M",176,"LC"
"16240","Clethodim sulfoxide:-C2H2O-C2H4-1","Clethodim sulfoxide:-C2H2O-C2H4-2",0.164,1.05,1.391,0.341,"Clethodim sulfoxide","Clethodim sulfoxide","M-M",177,"LC"
"16316","Clethodim sulfoxide:-C2H2O-C2H4-1","Clethodim sulfoxide",0.241,1.05,7.256,6.206,"Clethodim sulfoxide","Clethodim sulfoxide","P-M",178,"LC"
"16409","Clethodim sulfoxide:-C2H2O-C2H4-2","Clethodim sulfoxide",0.014,1.391,7.256,5.865,"Clethodim sulfoxide","Clethodim sulfoxide","P-M",179,"LC"
"16436","Pirimiphos ethyl:-C2H4-2","Pirimiphos ethyl:-S+O",0.942,7.939,8.118,0.179,"Pirimiphos ethyl","Pirimiphos ethyl","M-M",180,"LC"
"16466","Pirimiphos ethyl:-C2H4-2","Pirimiphos ethyl",0.661,7.939,9.102,1.163,"Pirimiphos ethyl","Pirimiphos ethyl","P-M",181,"HC"
"16604","Clethodim:-NH3-NH3","Clethodim:-C2H4",0.26,6.135,8.446,2.311,"Clethodim","Clethodim","M-M",182,"LC"
"16636","Clethodim:-NH3-NH3","Clethodim",0.395,6.135,8.897,2.762,"Clethodim","Clethodim","P-M",183,"LC"
"16749","Pirimiphos ethyl:-S+O","Pirimiphos ethyl",0.617,8.118,9.102,0.984,"Pirimiphos ethyl","Pirimiphos ethyl","P-M",184,"HC"
"16857","Crufomate:+O","Crufomate:+CH2-1",0.05,6.753,7.798,1.045,"Crufomate","Crufomate","M-M",185,"LC"
"16874","Crufomate:+O","Crufomate:+H2O+NH",0.783,6.753,6.753,0,"Crufomate","Crufomate","M-M",186,"LC"
"16998","Thenylchlor:-Cl+H+H2O-2","Thenylchlor:-Cl+H+H2O-1",0.962,5.567,6.33,0.763,"Thenylchlor","Thenylchlor","M-M",187,"LC"
"17000","Thenylchlor:-Cl+H+H2O-2","Thenylchlor:-CH2-1",0.322,5.567,7.631,2.064,"Thenylchlor","Thenylchlor","M-M",188,"LC"
"17006","Thenylchlor:-Cl+H+H2O-2","Thenylchlor:-C2H4+H2O",0.155,5.567,4.612,0.955,"Thenylchlor","Thenylchlor","M-M",189,"LC"
"17017","Thenylchlor:-Cl+H+H2O-2","Thenylchlor:-CH2-2",0.033,5.567,6.254,0.686999999999999,"Thenylchlor","Thenylchlor","M-M",190,"LC"
"17021","Thenylchlor:-Cl+H+H2O-2","Thenylchlor",0.374,5.567,8.045,2.478,"Thenylchlor","Thenylchlor","P-M",191,"LC"
"17145","Thenylchlor:-Cl+H+H2O-1","Thenylchlor:-CH2-1",0.351,6.33,7.631,1.301,"Thenylchlor","Thenylchlor","M-M",192,"LC"
"17151","Thenylchlor:-Cl+H+H2O-1","Thenylchlor:-C2H4+H2O",0.164,6.33,4.612,1.718,"Thenylchlor","Thenylchlor","M-M",193,"LC"
"17162","Thenylchlor:-Cl+H+H2O-1","Thenylchlor:-CH2-2",0.058,6.33,6.254,0.0760000000000005,"Thenylchlor","Thenylchlor","M-M",194,"LC"
"17166","Thenylchlor:-Cl+H+H2O-1","Thenylchlor",0.377,6.33,8.045,1.715,"Thenylchlor","Thenylchlor","P-M",195,"LC"
"17382","Thenylchlor:-CH2-1","Thenylchlor:-C2H4+H2O",0.15,7.631,4.612,3.019,"Thenylchlor","Thenylchlor","M-M",196,"LC"
"17392","Thenylchlor:-CH2-1","Thenylchlor:-CH2-2",0.082,7.631,6.254,1.377,"Thenylchlor","Thenylchlor","M-M",197,"LC"
"17396","Thenylchlor:-CH2-1","Thenylchlor",0.08,7.631,8.045,0.414,"Thenylchlor","Thenylchlor","P-M",198,"LC"
"17525","Flusilazole:-NH3+O-NH3+O","Flusilazole",0.052,6.355,8.249,1.894,"Flusilazole","Flusilazole","P-M",199,"LC"
"17667","Ethaboxam:-C2H4+NH3","Ethaboxam",0.106,6.753,6.659,0.0940000000000003,"Ethaboxam","Ethaboxam","P-M",200,"LC"
"17796","Mefluidide","Mefluidide:-CH2+NH",0.052,6.213,7.631,1.418,"Mefluidide","Mefluidide","P-M",201,"LC"
"18103","Bensulide:-CO2-C2H2O","Bensulide:-C2H4-CH2",0.1,5.015,5.58,0.565,"Bensulide","Bensulide","M-M",202,"LC"
"18130","Bensulide:-CO2-C2H2O","Bensulide:-S+O",0.06,5.015,7.159,2.144,"Bensulide","Bensulide","M-M",203,"LC"
"18139","Bensulide:-CO2-C2H2O","Bensulide",0.084,5.015,8.191,3.176,"Bensulide","Bensulide","P-M",204,"LC"
"18140","Bensulide:-CO2-C2H2O","Bensulide:-S+O+NH3-1",0.083,5.015,6.64,1.625,"Bensulide","Bensulide","M-M",205,"LC"
"18141","Bensulide:-CO2-C2H2O","Bensulide:-S+O+NH3-2",0.06,5.015,7.159,2.144,"Bensulide","Bensulide","M-M",206,"LC"
"18145","Bensulide:-CO2-C2H2O","Bensulide:-C2H4",0.162,5.015,4.494,0.521,"Bensulide","Bensulide","M-M",207,"LC"
"18151","Bensulide:-CO2-C2H2O","Bensulide:+NH",0.125,5.015,8.115,3.1,"Bensulide","Bensulide","M-M",208,"LC"
"18198","Thenylchlor:-C2H4+H2O","Thenylchlor:-CH2-2",0.154,4.612,6.254,1.642,"Thenylchlor","Thenylchlor","M-M",209,"LC"
"18202","Thenylchlor:-C2H4+H2O","Thenylchlor",0.157,4.612,8.045,3.433,"Thenylchlor","Thenylchlor","P-M",210,"LC"
"18324","Crufomate:+CH2-1","Crufomate:+H2O+NH",0.099,7.798,6.753,1.045,"Crufomate","Crufomate","M-M",211,"LC"
"18436","Nuarimol","Nuarimol:-O+NH3",0.028,7.508,5.567,1.941,"Nuarimol","Nuarimol","P-M",212,"LC"
"18530","Sethoxydim:-C2H4+NH-2","Sethoxydim:-C2H4+NH-1",0.485,9.275,9.46,0.185,"Sethoxydim","Sethoxydim","M-M",213,"LC"
"18547","Sethoxydim:-C2H4+NH-2","Sethoxydim",0.46,9.275,9.066,0.209,"Sethoxydim","Sethoxydim","P-M",214,"HC"
"18565","Sethoxydim:-C2H4+NH-2","Sethoxydim:+O",0.295,9.275,7.323,1.952,"Sethoxydim","Sethoxydim","M-M",215,"LC"
"18675","Sethoxydim:-C2H4+NH-1","Sethoxydim",0.23,9.46,9.066,0.394,"Sethoxydim","Sethoxydim","P-M",216,"LC"
"18688","Sethoxydim:-C2H4+NH-1","Sethoxydim:+O",0.14,9.46,7.323,2.137,"Sethoxydim","Sethoxydim","M-M",217,"LC"
"18757","Iprovalicarb:+O-2","Iprovalicarb",0.12,6.397,7.893,1.496,"Iprovalicarb","Iprovalicarb","P-M",218,"LC"
"18760","Iprovalicarb:+O-2","Iprovalicarb:-CH2+H2O",0.064,6.397,9.937,3.54,"Iprovalicarb","Iprovalicarb","M-M",219,"LC"
"18770","Iprovalicarb:+O-2","Iprovalicarb:+O-1",0.1,6.397,6.47,0.0729999999999995,"Iprovalicarb","Iprovalicarb","M-M",220,"LC"
"19117","Azinphos methyl","Azinphos methyl:-CO+C2H4",0.065,7.32,4.084,3.236,"Azinphos methyl","Azinphos methyl","P-M",221,"LC"
"19165","Azinphos methyl","Azinphos methyl:-NH3+O+CO2",0.017,7.32,8.312,0.991999999999999,"Azinphos methyl","Azinphos methyl","P-M",222,"LC"
"19425","Thiamethoxam:-S+O+CO2","Thiamethoxam:+CO2+CO2",0.048,6.561,7.342,0.781,"Thiamethoxam","Thiamethoxam","M-M",223,"LC"
"19583","Phenthoate","Phenthoate:-NH+C2H2O",0.331,8.279,8.696,0.417,"Phenthoate","Phenthoate","P-M",224,"LC"
"19694","Ethaboxam","Ethaboxam:+H2O",0.032,6.659,5.411,1.248,"Ethaboxam","Ethaboxam","P-M",225,"LC"
"19777","Iprovalicarb","Iprovalicarb:-CH2+H2O",0.146,7.893,9.937,2.044,"Iprovalicarb","Iprovalicarb","P-M",226,"LC"
"19786","Iprovalicarb","Iprovalicarb:+O-1",0.553,7.893,6.47,1.423,"Iprovalicarb","Iprovalicarb","P-M",227,"HC"
"20079","Fenthion sulfoxide:+NH+NH","Fenthion sulfoxide:+CO+NH3",0.138,4.741,7.159,2.418,"Fenthion sulfoxide","Fenthion sulfoxide","M-M",228,"LC"
"20302","Iprovalicarb:-CH2+H2O","Iprovalicarb:+O-1",0.188,9.937,6.47,3.467,"Iprovalicarb","Iprovalicarb","M-M",229,"LC"
"20404","Benalaxyl","Benalaxyl:+O-1",0.692,8.457,8.03,0.427000000000001,"Benalaxyl","Benalaxyl","P-M",230,"HC"
"20405","Benalaxyl","Benalaxyl:+O-2",0.484,8.457,7.398,1.059,"Benalaxyl","Benalaxyl","P-M",231,"HC"
"20409","Benalaxyl","Benalaxyl:+O-4",0.237,8.457,7.611,0.846000000000001,"Benalaxyl","Benalaxyl","P-M",232,"LC"
"20506","Sethoxydim","Sethoxydim:+O",0.546,9.066,7.323,1.743,"Sethoxydim","Sethoxydim","P-M",233,"HC"
"20632","Azinphos methyl oxon:-NH3+CO2","Azinphos methyl oxon:-NH3+O+CO2",0.356,8.48,7.079,1.401,"Azinphos methyl oxon","Azinphos methyl oxon","M-M",234,"LC"
"20743","Propiconazole:-C2H4+O","Propiconazole",0.265,6.105,8.548,2.443,"Propiconazole","Propiconazole","P-M",235,"LC"
"20757","Propiconazole:-C2H4+O","Propiconazole:+O-2",0.33,6.105,7.223,1.118,"Propiconazole","Propiconazole","M-M",236,"LC"
"20758","Propiconazole:-C2H4+O","Propiconazole:+O-1",0.318,6.105,7.159,1.054,"Propiconazole","Propiconazole","M-M",237,"LC"
"20972","Famoxadone:-CO2-NH3","Famoxadone",0.762,7.776,8.484,0.708,"Famoxadone","Famoxadone","P-M",238,"HC"
"21057","Clethodim:-C2H4","Clethodim",0.44,8.446,8.897,0.451000000000001,"Clethodim","Clethodim","P-M",239,"HC"
"21170","Fenpyrazamine","Fenpyrazamine:+H2O+O-1",0.004,7.829,6.047,1.782,"Fenpyrazamine","Fenpyrazamine","P-M",240,"LC"
"21580","Bromuconazole, cis-:-Br+H+C2H2O","Bromuconazole, cis-:-CO2+NH3",0.159,8.206,8.696,0.49,"Bromuconazole, cis-","Bromuconazole, cis-","M-M",241,"LC"
"21602","Bromuconazole, cis-:-Br+H+C2H2O","Bromuconazole, cis-",0.638,8.206,8.393,0.187000000000001,"Bromuconazole, cis-","Bromuconazole, cis-","P-M",242,"HC"
"21611","Bromuconazole, cis-:-Br+H+C2H2O","Bromuconazole, cis-:+O-1",0.525,8.206,7.299,0.906999999999999,"Bromuconazole, cis-","Bromuconazole, cis-","M-M",243,"LC"
"21774","Propiconazole","Propiconazole:+O-2",0.629,8.548,7.223,1.325,"Propiconazole","Propiconazole","P-M",244,"HC"
"21775","Propiconazole","Propiconazole:+O-1",0.622,8.548,7.159,1.389,"Propiconazole","Propiconazole","P-M",245,"HC"
"21841","Benalaxyl:+O-1","Benalaxyl:+O-2",0.326,8.03,7.398,0.632,"Benalaxyl","Benalaxyl","M-M",246,"LC"
"21846","Benalaxyl:+O-1","Benalaxyl:+O-4",0.16,8.03,7.611,0.419,"Benalaxyl","Benalaxyl","M-M",247,"LC"
"21941","Benalaxyl:+O-2","Benalaxyl:+O-4",0.23,7.398,7.611,0.213,"Benalaxyl","Benalaxyl","M-M",248,"LC"
"22025","Carbophenothion","Carbophenothion:-S+O+O",0.255,9.471,7.086,2.385,"Carbophenothion","Carbophenothion","P-M",249,"LC"
"22037","Carbophenothion","Carbophenothion:+O",0.464,9.471,8.312,1.159,"Carbophenothion","Carbophenothion","P-M",250,"HC"
"22054","Carbophenothion","Carbophenothion:+O+O",0.263,9.471,8.36,1.111,"Carbophenothion","Carbophenothion","P-M",251,"LC"
"22129","Carbophenothion:-S+O+O","Carbophenothion:+O",0.328,7.086,8.312,1.226,"Carbophenothion","Carbophenothion","M-M",252,"LC"
"22147","Carbophenothion:-S+O+O","Carbophenothion:+O+O",0.264,7.086,8.36,1.274,"Carbophenothion","Carbophenothion","M-M",253,"LC"
"22477","Chlorthiophos:-S+O","Chlorthiophos",0.236,8.546,9.514,0.968,"Chlorthiophos","Chlorthiophos","P-M",254,"LC"
"22478","Chlorthiophos:-S+O","Chlorthiophos:-S+O+O",0.18,8.546,7.065,1.481,"Chlorthiophos","Chlorthiophos","M-M",255,"LC"
"22479","Chlorthiophos:-S+O","Chlorthiophos:-S+O+NH3",0.009,8.546,8.546,0,"Chlorthiophos","Chlorthiophos","M-M",256,"LC"
"22499","Chlorthiophos:-S+O","Chlorthiophos:+H2O+NH",0.081,8.546,8.44,0.106,"Chlorthiophos","Chlorthiophos","M-M",257,"LC"
"22732","Bromuconazole, trans-:-CO2+NH","Bromuconazole, trans-:-CO+NH",0.048,8.546,7.065,1.481,"Bromuconazole, trans-","Bromuconazole, trans-","M-M",258,"LC"
"22743","Bromuconazole, trans-:-CO2+NH","Bromuconazole, trans-",0.135,8.546,7.939,0.606999999999999,"Bromuconazole, trans-","Bromuconazole, trans-","P-M",259,"LC"
"22751","Bromuconazole, trans-:-CO2+NH","Bromuconazole, trans-:+O-2",0.01,8.546,8.004,0.542,"Bromuconazole, trans-","Bromuconazole, trans-","M-M",260,"LC"
"22776","Bromuconazole, trans-:-CO2+NH","Bromuconazole, trans-:+C2H4+C2H4-1",0.006,8.546,7.747,0.798999999999999,"Bromuconazole, trans-","Bromuconazole, trans-","M-M",261,"LC"
"22777","Bromuconazole, trans-:-CO2+NH","Bromuconazole, trans-:+C2H4+C2H4-2",0.011,8.546,7.997,0.548999999999999,"Bromuconazole, trans-","Bromuconazole, trans-","M-M",262,"LC"
"23001","Azamethiphos:-H2+C2H4","Azamethiphos:-S+O+CO2",0.066,8.696,8.696,0,"Azamethiphos","Azamethiphos","M-M",263,"LC"
"23137","Cafenstrole","Cafenstrole:+O-1",0.802,7.861,6.381,1.48,"Cafenstrole","Cafenstrole","P-M",264,"HC"
"23138","Cafenstrole","Cafenstrole:+O-2",0.117,7.861,6.923,0.938,"Cafenstrole","Cafenstrole","P-M",265,"LC"
"23142","Cafenstrole","Cafenstrole:+H2O+NH",0.694,7.861,6.381,1.48,"Cafenstrole","Cafenstrole","P-M",266,"HC"
"23233","Bensulide:-C2H4-CH2","Bensulide:-S+O",0.779,5.58,7.159,1.579,"Bensulide","Bensulide","M-M",267,"LC"
"23241","Bensulide:-C2H4-CH2","Bensulide",0.954,5.58,8.191,2.611,"Bensulide","Bensulide","P-M",268,"HC"
"23242","Bensulide:-C2H4-CH2","Bensulide:-S+O+NH3-1",0.062,5.58,6.64,1.06,"Bensulide","Bensulide","M-M",269,"LC"
"23243","Bensulide:-C2H4-CH2","Bensulide:-S+O+NH3-2",0.752,5.58,7.159,1.579,"Bensulide","Bensulide","M-M",270,"LC"
"23247","Bensulide:-C2H4-CH2","Bensulide:-C2H4",0.162,5.58,4.494,1.086,"Bensulide","Bensulide","M-M",271,"LC"
"23254","Bensulide:-C2H4-CH2","Bensulide:+NH",0.483,5.58,8.115,2.535,"Bensulide","Bensulide","M-M",272,"LC"
"23293","Propiconazole:+O-2","Propiconazole:+O-1",0.992,7.223,7.159,0.0640000000000001,"Propiconazole","Propiconazole","M-M",273,"LC"
"23465","Carbophenothion:+O","Carbophenothion:+O+O",0.511,8.312,8.36,0.048,"Carbophenothion","Carbophenothion","M-M",274,"LC"
"23561","Pyrasulfotole:-NH+CH2","Pyrasulfotole",0.018,7.223,5.733,1.49,"Pyrasulfotole","Pyrasulfotole","P-M",275,"LC"
"23666","Permethrin, trans-:-O2+H2-H2O","Permethrin, trans-",0.048,6.105,9.877,3.772,"Permethrin, trans-","Permethrin, trans-","P-M",276,"LC"
"23795","Chlorthiophos","Chlorthiophos:-S+O+O",0.43,9.514,7.065,2.449,"Chlorthiophos","Chlorthiophos","P-M",277,"HC"
"23813","Chlorthiophos","Chlorthiophos:+H2O+NH",0.103,9.514,8.44,1.074,"Chlorthiophos","Chlorthiophos","P-M",278,"LC"
"23878","Chlorthiophos:-S+O+O","Chlorthiophos:+H2O+NH",0.161,7.065,8.44,1.375,"Chlorthiophos","Chlorthiophos","M-M",279,"LC"
"23929","Chlorthiophos:-S+O+NH3","Chlorthiophos:+H2O+NH",0.339,8.546,8.44,0.106,"Chlorthiophos","Chlorthiophos","M-M",280,"LC"
"23995","Bromuconazole, trans-:-CO+NH","Bromuconazole, trans-",0.041,7.065,7.939,0.874,"Bromuconazole, trans-","Bromuconazole, trans-","P-M",281,"LC"
"24003","Bromuconazole, trans-:-CO+NH","Bromuconazole, trans-:+O-2",0.026,7.065,8.004,0.938999999999999,"Bromuconazole, trans-","Bromuconazole, trans-","M-M",282,"LC"
"24029","Bromuconazole, trans-:-CO+NH","Bromuconazole, trans-:+C2H4+C2H4-1",0.129,7.065,7.747,0.681999999999999,"Bromuconazole, trans-","Bromuconazole, trans-","M-M",283,"LC"
"24030","Bromuconazole, trans-:-CO+NH","Bromuconazole, trans-:+C2H4+C2H4-2",0.116,7.065,7.997,0.931999999999999,"Bromuconazole, trans-","Bromuconazole, trans-","M-M",284,"LC"
"24079","Flazasulfuron:-C2H4-NH3-1","Flazasulfuron:-CH2+O",0.066,4.741,7.997,3.256,"Flazasulfuron","Flazasulfuron","M-M",285,"LC"
"24303","Cafenstrole:+O-1","Cafenstrole:+O-2",0.104,6.381,6.923,0.542,"Cafenstrole","Cafenstrole","M-M",286,"LC"
"24307","Cafenstrole:+O-1","Cafenstrole:+H2O+NH",0.573,6.381,6.381,0,"Cafenstrole","Cafenstrole","M-M",287,"LC"
"24326","Cafenstrole:+O-2","Cafenstrole:+H2O+NH",0.122,6.923,6.381,0.542,"Cafenstrole","Cafenstrole","M-M",288,"LC"
"24379","Profenofos:-H2-2","Profenofos:-H2-1",0.761,8.941,8.858,0.0830000000000002,"Profenofos","Profenofos","M-M",289,"LC"
"24381","Profenofos:-H2-2","Profenofos",0.005,8.941,9.05,0.109,"Profenofos","Profenofos","P-M",290,"LC"
"24398","Profenofos:-H2-2","Profenofos:+CO",0.188,8.941,8.418,0.523000000000001,"Profenofos","Profenofos","M-M",291,"LC"
"24444","Profenofos:-H2-1","Profenofos",0.02,8.858,9.05,0.192,"Profenofos","Profenofos","P-M",292,"LC"
"24465","Profenofos:-H2-1","Profenofos:+CO",0.184,8.858,8.418,0.440000000000001,"Profenofos","Profenofos","M-M",293,"LC"
"24538","Bromfenvinphos ethyl:-Cl+H+H2","Bromfenvinphos ethyl",0.031,8.696,8.556,0.140000000000001,"Bromfenvinphos ethyl","Bromfenvinphos ethyl","P-M",294,"LC"
"24605","Profenofos","Profenofos:+CO",0.013,9.05,8.418,0.632000000000001,"Profenofos","Profenofos","P-M",295,"LC"
"24654","Bensulfuron methyl:-C2H4-NH3+O","Bensulfuron methyl:-NH3-CH2-2",0.19,5.661,7.223,1.562,"Bensulfuron methyl","Bensulfuron methyl","M-M",296,"LC"
"24663","Bensulfuron methyl:-C2H4-NH3+O","Bensulfuron methyl:-O+H2",0.012,5.661,6.64,0.979,"Bensulfuron methyl","Bensulfuron methyl","M-M",297,"LC"
"24674","Bensulfuron methyl:-C2H4-NH3+O","Bensulfuron methyl",0.164,5.661,7.277,1.616,"Bensulfuron methyl","Bensulfuron methyl","P-M",298,"LC"
"24682","Bensulfuron methyl:-C2H4-NH3+O","Bensulfuron methyl:-H2+O",0.004,5.661,6.499,0.838,"Bensulfuron methyl","Bensulfuron methyl","M-M",299,"LC"
"24691","Bensulfuron methyl:-C2H4-NH3+O","Bensulfuron methyl:+C2H2O+CH2",0.1,5.661,9.168,3.507,"Bensulfuron methyl","Bensulfuron methyl","M-M",300,"LC"
"24765","Bromuconazole, cis-","Bromuconazole, cis-:+O-1",0.663,8.393,7.299,1.094,"Bromuconazole, cis-","Bromuconazole, cis-","P-M",301,"HC"
"24795","Bromuconazole, trans-","Bromuconazole, trans-:+O-2",0.046,7.939,8.004,0.0649999999999995,"Bromuconazole, trans-","Bromuconazole, trans-","P-M",302,"LC"
"24817","Bromuconazole, trans-","Bromuconazole, trans-:+C2H4+C2H4-1",0.053,7.939,7.747,0.192,"Bromuconazole, trans-","Bromuconazole, trans-","P-M",303,"LC"
"24818","Bromuconazole, trans-","Bromuconazole, trans-:+C2H4+C2H4-2",0.045,7.939,7.997,0.0579999999999998,"Bromuconazole, trans-","Bromuconazole, trans-","P-M",304,"LC"
"24937","Pyridate","Pyridate:+CO+NH3",0.037,10.001,6.622,3.379,"Pyridate","Pyridate","P-M",305,"LC"
"25044","Bensulfuron methyl:-NH3-CH2-2","Bensulfuron methyl:-O+H2",0.083,7.223,6.64,0.583,"Bensulfuron methyl","Bensulfuron methyl","M-M",306,"LC"
"25056","Bensulfuron methyl:-NH3-CH2-2","Bensulfuron methyl",0.204,7.223,7.277,0.0540000000000003,"Bensulfuron methyl","Bensulfuron methyl","P-M",307,"LC"
"25064","Bensulfuron methyl:-NH3-CH2-2","Bensulfuron methyl:-H2+O",0.084,7.223,6.499,0.724,"Bensulfuron methyl","Bensulfuron methyl","M-M",308,"LC"
"25073","Bensulfuron methyl:-NH3-CH2-2","Bensulfuron methyl:+C2H2O+CH2",0.159,7.223,9.168,1.945,"Bensulfuron methyl","Bensulfuron methyl","M-M",309,"LC"
"25107","Bensulide:-S+O","Bensulide",0.75,7.159,8.191,1.032,"Bensulide","Bensulide","P-M",310,"HC"
"25108","Bensulide:-S+O","Bensulide:-S+O+NH3-1",0.062,7.159,6.64,0.519,"Bensulide","Bensulide","M-M",311,"LC"
"25109","Bensulide:-S+O","Bensulide:-S+O+NH3-2",0.983,7.159,7.159,0,"Bensulide","Bensulide","M-M",312,"LC"
"25112","Bensulide:-S+O","Bensulide:-C2H4",0.177,7.159,4.494,2.665,"Bensulide","Bensulide","M-M",313,"LC"
"25118","Bensulide:-S+O","Bensulide:+NH",0.5,7.159,8.115,0.956,"Bensulide","Bensulide","M-M",314,"LC"
"25174","Nicosulfuron:-CO2+NH","Nicosulfuron",0.053,6.971,6.099,0.872,"Nicosulfuron","Nicosulfuron","P-M",315,"LC"
"25182","Nicosulfuron:-CO2+NH","Nicosulfuron:-C2H4+CO2",0.018,6.971,7.997,1.026,"Nicosulfuron","Nicosulfuron","M-M",316,"LC"
"25260","Diafenthiuron","Diafenthiuron:+O+O",0.14,9.485,7.72,1.765,"Diafenthiuron","Diafenthiuron","P-M",317,"LC"
"25261","Diafenthiuron","Diafenthiuron:+H2O+O",0.17,9.485,10.073,0.588000000000001,"Diafenthiuron","Diafenthiuron","P-M",318,"LC"
"25317","Bromuconazole, trans-:+O-2","Bromuconazole, trans-:+C2H4+C2H4-1",0.126,8.004,7.747,0.257,"Bromuconazole, trans-","Bromuconazole, trans-","M-M",319,"LC"
"25318","Bromuconazole, trans-:+O-2","Bromuconazole, trans-:+C2H4+C2H4-2",0.218,8.004,7.997,0.00699999999999967,"Bromuconazole, trans-","Bromuconazole, trans-","M-M",320,"LC"
"25505","Bensulfuron methyl:-O+H2","Bensulfuron methyl:-H2+O",0.046,6.64,6.499,0.141,"Bensulfuron methyl","Bensulfuron methyl","M-M",321,"LC"
"25525","Bensulide","Bensulide:-S+O+NH3-1",0.057,8.191,6.64,1.551,"Bensulide","Bensulide","P-M",322,"LC"
"25526","Bensulide","Bensulide:-S+O+NH3-2",0.723,8.191,7.159,1.032,"Bensulide","Bensulide","P-M",323,"HC"
"25529","Bensulide","Bensulide:-C2H4",0.14,8.191,4.494,3.697,"Bensulide","Bensulide","P-M",324,"LC"
"25535","Bensulide","Bensulide:+NH",0.453,8.191,8.115,0.0760000000000005,"Bensulide","Bensulide","P-M",325,"HC"
"25574","Bensulide:-S+O+NH3-1","Bensulide:-S+O+NH3-2",0.06,6.64,7.159,0.519,"Bensulide","Bensulide","M-M",326,"LC"
"25576","Bensulide:-S+O+NH3-1","Bensulide:-C2H4",0.053,6.64,4.494,2.146,"Bensulide","Bensulide","M-M",327,"LC"
"25582","Bensulide:-S+O+NH3-1","Bensulide:+NH",0.065,6.64,8.115,1.475,"Bensulide","Bensulide","M-M",328,"LC"
"25624","Bensulide:-S+O+NH3-2","Bensulide:-C2H4",0.176,7.159,4.494,2.665,"Bensulide","Bensulide","M-M",329,"LC"
"25630","Bensulide:-S+O+NH3-2","Bensulide:+NH",0.497,7.159,8.115,0.956,"Bensulide","Bensulide","M-M",330,"LC"
"25740","Triflusulfuron-methyl:-C2H4-F+H","Triflusulfuron-methyl",0.05,4.333,7.609,3.276,"Triflusulfuron-methyl","Triflusulfuron-methyl","P-M",331,"LC"
"25759","Bensulide:-C2H4","Bensulide:+NH",0.255,4.494,8.115,3.621,"Bensulide","Bensulide","M-M",332,"LC"
"25829","Permethrin, cis-","Permethrin, cis-:+O",0.398,10.021,9.349,0.672000000000001,"Permethrin, cis-","Permethrin, cis-","P-M",333,"LC"
"25837","Permethrin, cis-","Permethrin, cis-:+H2O+O-1",0.061,10.021,7.753,2.268,"Permethrin, cis-","Permethrin, cis-","P-M",334,"LC"
"25840","Permethrin, cis-","Permethrin, cis-:+CO2+CH2",0.048,10.021,8.622,1.399,"Permethrin, cis-","Permethrin, cis-","P-M",335,"LC"
"25846","Permethrin, cis-","Permethrin, cis-:+H2O+O-2",0.103,10.021,6.831,3.19,"Permethrin, cis-","Permethrin, cis-","P-M",336,"LC"
"25949","Bensulfuron methyl","Bensulfuron methyl:-H2+O",0.065,7.277,6.499,0.778,"Bensulfuron methyl","Bensulfuron methyl","P-M",337,"LC"
"25950","Bensulfuron methyl","Bensulfuron methyl:+O+O",0.286,7.277,6.355,0.922,"Bensulfuron methyl","Bensulfuron methyl","P-M",338,"LC"
"25959","Bensulfuron methyl","Bensulfuron methyl:+C2H2O+CH2",0.052,7.277,9.168,1.891,"Bensulfuron methyl","Bensulfuron methyl","P-M",339,"LC"
"25990","Nicosulfuron","Nicosulfuron:-C2H4+CO2",0.02,6.099,7.997,1.898,"Nicosulfuron","Nicosulfuron","P-M",340,"LC"
"26059","Diafenthiuron:+O+O","Diafenthiuron:+H2O+O",0.184,7.72,10.073,2.353,"Diafenthiuron","Diafenthiuron","M-M",341,"LC"
"26170","Permethrin, cis-:+O","Permethrin, cis-:+H2O+O-1",0.083,9.349,7.753,1.596,"Permethrin, cis-","Permethrin, cis-","M-M",342,"LC"
"26173","Permethrin, cis-:+O","Permethrin, cis-:+CO2+CH2",0.063,9.349,8.622,0.727,"Permethrin, cis-","Permethrin, cis-","M-M",343,"LC"
"26179","Permethrin, cis-:+O","Permethrin, cis-:+H2O+O-2",0.135,9.349,6.831,2.518,"Permethrin, cis-","Permethrin, cis-","M-M",344,"LC"
"26230","Bensulfuron methyl:-H2+O","Bensulfuron methyl:+O+O",0.035,6.499,6.355,0.143999999999999,"Bensulfuron methyl","Bensulfuron methyl","M-M",345,"LC"
"26304","Bromuconazole, trans-:+C2H4+C2H4-1","Bromuconazole, trans-:+C2H4+C2H4-2",0.437,7.747,7.997,0.25,"Bromuconazole, trans-","Bromuconazole, trans-","M-M",346,"LC"
"26371","Hydramethylnon:-CO2-CH2","Hydramethylnon:-F+H+H2",0.039,7.656,9.552,1.896,"Hydramethylnon","Hydramethylnon","M-M",347,"LC"
"26375","Hydramethylnon:-CO2-CH2","Hydramethylnon",0.031,7.656,8.781,1.125,"Hydramethylnon","Hydramethylnon","P-M",348,"LC"
"26379","Hydramethylnon:-CO2-CH2","Hydramethylnon:-H2+CO-2",0.007,7.656,10.322,2.666,"Hydramethylnon","Hydramethylnon","M-M",349,"LC"
"26380","Hydramethylnon:-CO2-CH2","Hydramethylnon:+CO-2",0.019,7.656,8.961,1.305,"Hydramethylnon","Hydramethylnon","M-M",350,"LC"
"26381","Hydramethylnon:-CO2-CH2","Hydramethylnon:+C2H4-1",0.709,7.656,7.753,0.0970000000000004,"Hydramethylnon","Hydramethylnon","M-M",351,"LC"
"26382","Hydramethylnon:-CO2-CH2","Hydramethylnon:+C2H4-2",0.879,7.656,8.146,0.490000000000001,"Hydramethylnon","Hydramethylnon","M-M",352,"LC"
"26396","Permethrin, cis-:+H2O+O-1","Permethrin, cis-:+CO2+CH2",0.693,7.753,8.622,0.869,"Permethrin, cis-","Permethrin, cis-","M-M",353,"LC"
"26402","Permethrin, cis-:+H2O+O-1","Permethrin, cis-:+H2O+O-2",0.394,7.753,6.831,0.922,"Permethrin, cis-","Permethrin, cis-","M-M",354,"LC"
"26422","Cyhalothrin iso 1:-NH","Cyhalothrin iso 1",0.49,9.141,9.521,0.380000000000001,"Cyhalothrin iso 1","Cyhalothrin iso 1","P-M",355,"HC"
"26424","Cyhalothrin iso 1:-NH","Cyhalothrin iso 1:-NH3+O+O",0.036,9.141,5.661,3.48,"Cyhalothrin iso 1","Cyhalothrin iso 1","M-M",356,"LC"
"26429","Cyhalothrin iso 1:-NH","Cyhalothrin iso 1:+H2O+H2O",0.15,9.141,6.397,2.744,"Cyhalothrin iso 1","Cyhalothrin iso 1","M-M",357,"LC"
"26465","Antimycin A:-CO2-C2H2O","Antimycin A:-C2H4+O-2",0.039,4.869,8.191,3.322,"Antimycin A","Antimycin A","M-M",358,"LC"
"26466","Antimycin A:-CO2-C2H2O","Antimycin A",0.026,4.869,9.611,4.742,"Antimycin A","Antimycin A","P-M",359,"LC"
"26467","Antimycin A:-CO2-C2H2O","Antimycin A:-CH2+O-2",0.068,4.869,8.206,3.337,"Antimycin A","Antimycin A","M-M",360,"LC"
"26468","Antimycin A:-CO2-C2H2O","Antimycin A:-CH2+O-1",0.07,4.869,8.457,3.588,"Antimycin A","Antimycin A","M-M",361,"LC"
"26469","Antimycin A:-CO2-C2H2O","Antimycin A:-H2+O",0.057,4.869,8.393,3.524,"Antimycin A","Antimycin A","M-M",362,"LC"
"26470","Antimycin A:-CO2-C2H2O","Antimycin A:+O",0.058,4.869,8.487,3.618,"Antimycin A","Antimycin A","M-M",363,"LC"
"26471","Antimycin A:-CO2-C2H2O","Antimycin A:+O+NH",0.043,4.869,8.393,3.524,"Antimycin A","Antimycin A","M-M",364,"LC"
"26472","Antimycin A:-CO2-C2H2O","Antimycin A:+H2O+NH",0.056,4.869,8.484,3.615,"Antimycin A","Antimycin A","M-M",365,"LC"
"26478","Permethrin, cis-:+CO2+CH2","Permethrin, cis-:+H2O+O-2",0.233,8.622,6.831,1.791,"Permethrin, cis-","Permethrin, cis-","M-M",366,"LC"
"26524","Cyhalothrin iso 1","Cyhalothrin iso 1:-NH3+O+O",0.05,9.521,5.661,3.86,"Cyhalothrin iso 1","Cyhalothrin iso 1","P-M",367,"LC"
"26529","Cyhalothrin iso 1","Cyhalothrin iso 1:+H2O+H2O",0.14,9.521,6.397,3.124,"Cyhalothrin iso 1","Cyhalothrin iso 1","P-M",368,"LC"
"26552","Hydramethylnon:-F+H+H2","Hydramethylnon",0.076,9.552,8.781,0.770999999999999,"Hydramethylnon","Hydramethylnon","P-M",369,"LC"
"26556","Hydramethylnon:-F+H+H2","Hydramethylnon:-H2+CO-3",0.027,9.552,10.118,0.566000000000001,"Hydramethylnon","Hydramethylnon","M-M",370,"LC"
"26557","Hydramethylnon:-F+H+H2","Hydramethylnon:-H2+CO-1",0.086,9.552,10.513,0.961,"Hydramethylnon","Hydramethylnon","M-M",371,"LC"
"26558","Hydramethylnon:-F+H+H2","Hydramethylnon:-H2+CO-2",0.066,9.552,10.322,0.77,"Hydramethylnon","Hydramethylnon","M-M",372,"LC"
"26559","Hydramethylnon:-F+H+H2","Hydramethylnon:-H2+CO-6",0.029,9.552,8.667,0.885,"Hydramethylnon","Hydramethylnon","M-M",373,"LC"
"26560","Hydramethylnon:-F+H+H2","Hydramethylnon:+CO-2",0.127,9.552,8.961,0.590999999999999,"Hydramethylnon","Hydramethylnon","M-M",374,"LC"
"26561","Hydramethylnon:-F+H+H2","Hydramethylnon:+C2H4-1",0.231,9.552,7.753,1.799,"Hydramethylnon","Hydramethylnon","M-M",375,"LC"
"26562","Hydramethylnon:-F+H+H2","Hydramethylnon:+C2H4-2",0.049,9.552,8.146,1.406,"Hydramethylnon","Hydramethylnon","M-M",376,"LC"
"26578","Cyhalothrin iso 1:-NH3+O+O","Cyhalothrin iso 1:+H2O+H2O",0.057,5.661,6.397,0.736000000000001,"Cyhalothrin iso 1","Cyhalothrin iso 1","M-M",377,"LC"
"26598","Triflusulfuron-methyl","Triflusulfuron-methyl:+O-1",0.777,7.609,7.068,0.541,"Triflusulfuron-methyl","Triflusulfuron-methyl","P-M",378,"HC"
"26638","Hydramethylnon","Hydramethylnon:-H2+CO-3",0.296,8.781,10.118,1.337,"Hydramethylnon","Hydramethylnon","P-M",379,"LC"
"26639","Hydramethylnon","Hydramethylnon:-H2+CO-1",0.174,8.781,10.513,1.732,"Hydramethylnon","Hydramethylnon","P-M",380,"LC"
"26640","Hydramethylnon","Hydramethylnon:-H2+CO-5",0.231,8.781,10.202,1.421,"Hydramethylnon","Hydramethylnon","P-M",381,"LC"
"26641","Hydramethylnon","Hydramethylnon:-H2+CO-2",0.351,8.781,10.322,1.541,"Hydramethylnon","Hydramethylnon","P-M",382,"LC"
"26642","Hydramethylnon","Hydramethylnon:-H2+CO-6",0.242,8.781,8.667,0.114000000000001,"Hydramethylnon","Hydramethylnon","P-M",383,"LC"
"26643","Hydramethylnon","Hydramethylnon:+CO-2",0.171,8.781,8.961,0.18,"Hydramethylnon","Hydramethylnon","P-M",384,"LC"
"26644","Hydramethylnon","Hydramethylnon:+C2H4-1",0.059,8.781,7.753,1.028,"Hydramethylnon","Hydramethylnon","P-M",385,"LC"
"26645","Hydramethylnon","Hydramethylnon:+C2H4-2",0.03,8.781,8.146,0.635,"Hydramethylnon","Hydramethylnon","P-M",386,"LC"
"26661","Indoxacarb:-O2+H2-H2","Indoxacarb",0.042,6.753,8.757,2.004,"Indoxacarb","Indoxacarb","P-M",387,"LC"
"26699","Hydramethylnon:-H2+CO-3","Hydramethylnon:-H2+CO-1",0.642,10.118,10.513,0.395,"Hydramethylnon","Hydramethylnon","M-M",388,"LC"
"26700","Hydramethylnon:-H2+CO-3","Hydramethylnon:-H2+CO-5",0.79,10.118,10.202,0.0839999999999996,"Hydramethylnon","Hydramethylnon","M-M",389,"LC"
"26701","Hydramethylnon:-H2+CO-3","Hydramethylnon:-H2+CO-2",0.834,10.118,10.322,0.203999999999999,"Hydramethylnon","Hydramethylnon","M-M",390,"LC"
"26702","Hydramethylnon:-H2+CO-3","Hydramethylnon:-H2+CO-6",0.653,10.118,8.667,1.451,"Hydramethylnon","Hydramethylnon","M-M",391,"LC"
"26703","Hydramethylnon:-H2+CO-3","Hydramethylnon:+CO-2",0.114,10.118,8.961,1.157,"Hydramethylnon","Hydramethylnon","M-M",392,"LC"
"26710","Hydramethylnon:-H2+CO-1","Hydramethylnon:-H2+CO-5",0.631,10.513,10.202,0.311,"Hydramethylnon","Hydramethylnon","M-M",393,"LC"
"26711","Hydramethylnon:-H2+CO-1","Hydramethylnon:-H2+CO-2",0.633,10.513,10.322,0.191000000000001,"Hydramethylnon","Hydramethylnon","M-M",394,"LC"
"26712","Hydramethylnon:-H2+CO-1","Hydramethylnon:-H2+CO-6",0.61,10.513,8.667,1.846,"Hydramethylnon","Hydramethylnon","M-M",395,"LC"
"26713","Hydramethylnon:-H2+CO-1","Hydramethylnon:+CO-2",0.089,10.513,8.961,1.552,"Hydramethylnon","Hydramethylnon","M-M",396,"LC"
"26714","Hydramethylnon:-H2+CO-1","Hydramethylnon:+C2H4-1",0.017,10.513,7.753,2.76,"Hydramethylnon","Hydramethylnon","M-M",397,"LC"
"26721","Hydramethylnon:-H2+CO-5","Hydramethylnon:-H2+CO-2",0.701,10.202,10.322,0.119999999999999,"Hydramethylnon","Hydramethylnon","M-M",398,"LC"
"26722","Hydramethylnon:-H2+CO-5","Hydramethylnon:-H2+CO-6",0.644,10.202,8.667,1.535,"Hydramethylnon","Hydramethylnon","M-M",399,"LC"
"26723","Hydramethylnon:-H2+CO-5","Hydramethylnon:+CO-2",0.067,10.202,8.961,1.241,"Hydramethylnon","Hydramethylnon","M-M",400,"LC"
"26728","Hydramethylnon:-H2+CO-2","Hydramethylnon:-H2+CO-6",0.653,10.322,8.667,1.655,"Hydramethylnon","Hydramethylnon","M-M",401,"LC"
"26729","Hydramethylnon:-H2+CO-2","Hydramethylnon:+CO-2",0.15,10.322,8.961,1.361,"Hydramethylnon","Hydramethylnon","M-M",402,"LC"
"26730","Hydramethylnon:-H2+CO-2","Hydramethylnon:+C2H4-1",0.039,10.322,7.753,2.569,"Hydramethylnon","Hydramethylnon","M-M",403,"LC"
"26731","Hydramethylnon:-H2+CO-2","Hydramethylnon:+C2H4-2",0.01,10.322,8.146,2.176,"Hydramethylnon","Hydramethylnon","M-M",404,"LC"
"26743","Hydramethylnon:-H2+CO-6","Hydramethylnon:+CO-2",0.05,8.667,8.961,0.294,"Hydramethylnon","Hydramethylnon","M-M",405,"LC"
"26744","Hydramethylnon:-H2+CO-6","Hydramethylnon:+C2H4-1",0.012,8.667,7.753,0.914,"Hydramethylnon","Hydramethylnon","M-M",406,"LC"
"26751","Hydramethylnon:+CO-2","Hydramethylnon:+C2H4-1",0.115,8.961,7.753,1.208,"Hydramethylnon","Hydramethylnon","M-M",407,"LC"
"26752","Hydramethylnon:+CO-2","Hydramethylnon:+C2H4-2",0.034,8.961,8.146,0.815,"Hydramethylnon","Hydramethylnon","M-M",408,"LC"
"26763","Hydramethylnon:+C2H4-1","Hydramethylnon:+C2H4-2",0.734,7.753,8.146,0.393000000000001,"Hydramethylnon","Hydramethylnon","M-M",409,"LC"
"26797","Antimycin A:-C2H4+O-2","Antimycin A",0.966,8.191,9.611,1.42,"Antimycin A","Antimycin A","P-M",410,"HC"
"26798","Antimycin A:-C2H4+O-2","Antimycin A:-CH2+O-2",0.94,8.191,8.206,0.0149999999999988,"Antimycin A","Antimycin A","M-M",411,"LC"
"26799","Antimycin A:-C2H4+O-2","Antimycin A:-CH2+O-1",0.88,8.191,8.457,0.266,"Antimycin A","Antimycin A","M-M",412,"LC"
"26800","Antimycin A:-C2H4+O-2","Antimycin A:-H2+O",0.941,8.191,8.393,0.202,"Antimycin A","Antimycin A","M-M",413,"LC"
"26801","Antimycin A:-C2H4+O-2","Antimycin A:+NH",0.075,8.191,9.514,1.323,"Antimycin A","Antimycin A","M-M",414,"LC"
"26802","Antimycin A:-C2H4+O-2","Antimycin A:+O",0.923,8.191,8.487,0.295999999999999,"Antimycin A","Antimycin A","M-M",415,"LC"
"26803","Antimycin A:-C2H4+O-2","Antimycin A:+CO+H2",0.656,8.191,8.781,0.59,"Antimycin A","Antimycin A","M-M",416,"LC"
"26804","Antimycin A:-C2H4+O-2","Antimycin A:+O+NH",0.92,8.191,8.393,0.202,"Antimycin A","Antimycin A","M-M",417,"LC"
"26805","Antimycin A:-C2H4+O-2","Antimycin A:+H2O+NH",0.937,8.191,8.484,0.292999999999999,"Antimycin A","Antimycin A","M-M",418,"LC"
"26806","Antimycin A","Antimycin A:-CH2+O-2",0.939,9.611,8.206,1.405,"Antimycin A","Antimycin A","P-M",419,"HC"
"26807","Antimycin A","Antimycin A:-CH2+O-1",0.868,9.611,8.457,1.154,"Antimycin A","Antimycin A","P-M",420,"HC"
"26808","Antimycin A","Antimycin A:-H2+O",0.942,9.611,8.393,1.218,"Antimycin A","Antimycin A","P-M",421,"HC"
"26809","Antimycin A","Antimycin A:+NH",0.082,9.611,9.514,0.0970000000000013,"Antimycin A","Antimycin A","P-M",422,"LC"
"26810","Antimycin A","Antimycin A:+O",0.93,9.611,8.487,1.124,"Antimycin A","Antimycin A","P-M",423,"HC"
"26811","Antimycin A","Antimycin A:+CO+H2",0.655,9.611,8.781,0.83,"Antimycin A","Antimycin A","P-M",424,"HC"
"26812","Antimycin A","Antimycin A:+O+NH",0.916,9.611,8.393,1.218,"Antimycin A","Antimycin A","P-M",425,"HC"
"26813","Antimycin A","Antimycin A:+H2O+NH",0.941,9.611,8.484,1.127,"Antimycin A","Antimycin A","P-M",426,"HC"
"26814","Antimycin A:-CH2+O-2","Antimycin A:-CH2+O-1",0.887,8.206,8.457,0.251000000000001,"Antimycin A","Antimycin A","M-M",427,"LC"
"26815","Antimycin A:-CH2+O-2","Antimycin A:-H2+O",0.925,8.206,8.393,0.187000000000001,"Antimycin A","Antimycin A","M-M",428,"LC"
"26816","Antimycin A:-CH2+O-2","Antimycin A:+NH",0.066,8.206,9.514,1.308,"Antimycin A","Antimycin A","M-M",429,"LC"
"26817","Antimycin A:-CH2+O-2","Antimycin A:+O",0.963,8.206,8.487,0.281000000000001,"Antimycin A","Antimycin A","M-M",430,"LC"
"26818","Antimycin A:-CH2+O-2","Antimycin A:+CO+H2",0.651,8.206,8.781,0.575000000000001,"Antimycin A","Antimycin A","M-M",431,"LC"
"26819","Antimycin A:-CH2+O-2","Antimycin A:+O+NH",0.902,8.206,8.393,0.187000000000001,"Antimycin A","Antimycin A","M-M",432,"LC"
"26820","Antimycin A:-CH2+O-2","Antimycin A:+H2O+NH",0.977,8.206,8.484,0.278,"Antimycin A","Antimycin A","M-M",433,"LC"
"26821","Antimycin A:-CH2+O-1","Antimycin A:-H2+O",0.857,8.457,8.393,0.0640000000000001,"Antimycin A","Antimycin A","M-M",434,"LC"
"26822","Antimycin A:-CH2+O-1","Antimycin A:+NH",0.057,8.457,9.514,1.057,"Antimycin A","Antimycin A","M-M",435,"LC"
"26823","Antimycin A:-CH2+O-1","Antimycin A:+O",0.877,8.457,8.487,0.0299999999999994,"Antimycin A","Antimycin A","M-M",436,"LC"
"26824","Antimycin A:-CH2+O-1","Antimycin A:+CO+H2",0.613,8.457,8.781,0.324,"Antimycin A","Antimycin A","M-M",437,"LC"
"26825","Antimycin A:-CH2+O-1","Antimycin A:+O+NH",0.855,8.457,8.393,0.0640000000000001,"Antimycin A","Antimycin A","M-M",438,"LC"
"26826","Antimycin A:-CH2+O-1","Antimycin A:+H2O+NH",0.889,8.457,8.484,0.0269999999999992,"Antimycin A","Antimycin A","M-M",439,"LC"
"26827","Antimycin A:-H2+O","Antimycin A:+NH",0.07,8.393,9.514,1.121,"Antimycin A","Antimycin A","M-M",440,"LC"
"26828","Antimycin A:-H2+O","Antimycin A:+O",0.913,8.393,8.487,0.0939999999999994,"Antimycin A","Antimycin A","M-M",441,"LC"
"26829","Antimycin A:-H2+O","Antimycin A:+CO+H2",0.651,8.393,8.781,0.388,"Antimycin A","Antimycin A","M-M",442,"LC"
"26830","Antimycin A:-H2+O","Antimycin A:+O+NH",0.917,8.393,8.393,0,"Antimycin A","Antimycin A","M-M",443,"LC"
"26831","Antimycin A:-H2+O","Antimycin A:+H2O+NH",0.917,8.393,8.484,0.0909999999999993,"Antimycin A","Antimycin A","M-M",444,"LC"
"26832","Antimycin A:+NH","Antimycin A:+O",0.065,9.514,8.487,1.027,"Antimycin A","Antimycin A","M-M",445,"LC"
"26833","Antimycin A:+NH","Antimycin A:+O+NH",0.07,9.514,8.393,1.121,"Antimycin A","Antimycin A","M-M",446,"LC"
"26834","Antimycin A:+NH","Antimycin A:+H2O+NH",0.065,9.514,8.484,1.03,"Antimycin A","Antimycin A","M-M",447,"LC"
"26835","Antimycin A:+O","Antimycin A:+CO+H2",0.647,8.487,8.781,0.294,"Antimycin A","Antimycin A","M-M",448,"LC"
"26836","Antimycin A:+O","Antimycin A:+O+NH",0.89,8.487,8.393,0.0939999999999994,"Antimycin A","Antimycin A","M-M",449,"LC"
"26837","Antimycin A:+O","Antimycin A:+H2O+NH",0.97,8.487,8.484,0.00300000000000011,"Antimycin A","Antimycin A","M-M",450,"LC"
"26838","Antimycin A:+CO+H2","Antimycin A:+O+NH",0.649,8.781,8.393,0.388,"Antimycin A","Antimycin A","M-M",451,"LC"
"26839","Antimycin A:+CO+H2","Antimycin A:+H2O+NH",0.644,8.781,8.484,0.297000000000001,"Antimycin A","Antimycin A","M-M",452,"LC"
"26840","Antimycin A:+O+NH","Antimycin A:+H2O+NH",0.899,8.393,8.484,0.0909999999999993,"Antimycin A","Antimycin A","M-M",453,"LC"
