"","Source","Target","Distance","Source_RT","Target_RT","rt_defect"
"26","Ethiofencarb (special adduct)","Ethiofencarb",0.936366379261017,6.578,6.58,0.00199999999999978
"484","Ethiofencarb (special adduct):-H2O+C2H4-2","Sethoxydim:-C2H4+NH-1",0.899963021278381,9.46,9.46,0
"606","Ethiofencarb (special adduct):-H2O+C2H4-1","Aldicarb-sulfone:-O2+H2+C2H4",0.816317796707153,9.213,9.215,0.00200000000000067
"1299","Diamidafos:-C2H2O-NH3","Chlortoluron:-CH2",0.747078061103821,6.64,6.64,0
"1469","Diamidafos:-C2H2O-NH3","Bensulfuron methyl:-O+H2",0.639390408992767,6.64,6.64,0
"1471","Diamidafos:-C2H2O-NH3","Bensulide:-S+O+NH3-1",0.599822342395782,6.64,6.64,0
"1486","Diamidafos:-C2H2O-NH3","Pyridate:+CO+NH3",0.603489279747009,6.64,6.622,0.0179999999999998
"3349","Methacrifos (special adduct):-S+O","Methacrifos:-S+O",0.795769453048706,5.358,5.358,0
"4051","Dimethachlor:N-Dealkylation of tertiary carboxamide-l","Thenylchlor:-CH2-1",0.875903189182281,7.631,7.631,0
"4055","Dimethachlor:N-Dealkylation of tertiary carboxamide-l","Mefluidide:-CH2+NH",0.653038918972015,7.631,7.631,0
"4339","Chlortoluron:-CH2","Bensulfuron methyl:-O+H2",0.862851202487946,6.64,6.64,0
"4341","Chlortoluron:-CH2","Bensulide:-S+O+NH3-1",0.800037801265717,6.64,6.64,0
"4355","Chlortoluron:-CH2","Pyridate:+CO+NH3",0.824881017208099,6.64,6.622,0.0179999999999998
"4867","Methacrifos (special adduct)","Methacrifos",0.964550375938416,7.223,7.221,0.00199999999999978
"7711","Chlortoluron:+O","Etrimfos:-CO2-H2O",0.518197596073151,4.721,4.721,0
"9038","Quinalphos:-CO2-H2","Quinalphos:-CO2+NH",0.909046411514282,5.733,5.733,0
"12568","Chlortoluron:+C2H2O+C2H4","Cyhalothrin iso 1:+H2O+H2O",0.616822421550751,6.397,6.397,0
"15116","Carbophenothion:-O2+H2-NH","Fenthion sulfoxide:+CO+NH3",0.96007114648819,7.159,7.159,0
"15164","Carbophenothion:-O2+H2-NH","Bensulide:-S+O",0.937534511089325,7.159,7.159,0
"15174","Carbophenothion:-O2+H2-NH","Bensulide:-S+O+NH3-2",0.911565899848938,7.159,7.159,0
"16874","Crufomate:+O","Crufomate:+H2O+NH",0.783054947853088,6.753,6.753,0
"17380","Thenylchlor:-CH2-1","Mefluidide:-CH2+NH",0.699566125869751,7.631,7.631,0
"20394","Benalaxyl","Azinphos methyl oxon:-NH3+CO2",0.501263618469238,8.457,8.48,0.0229999999999997
"21082","Clethodim:-C2H4","Famoxadone",0.789130985736847,8.446,8.484,0.0380000000000003
"21083","Clethodim:-C2H4","Chlorthiophos:+H2O+NH",0.819339215755463,8.446,8.44,0.00600000000000023
"21507","Fenthion sulfoxide:+CO+NH3","Bensulide:-S+O",0.972864627838135,7.159,7.159,0
"21517","Fenthion sulfoxide:+CO+NH3","Bensulide:-S+O+NH3-2",0.94869476556778,7.159,7.159,0
"23459","Carbophenothion:+O","Azinphos methyl:-NH3+O+CO2",0.888452172279358,8.312,8.312,0
"23465","Carbophenothion:+O","Carbophenothion:+O+O",0.511469125747681,8.312,8.36,0.048
"24307","Cafenstrole:+O-1","Cafenstrole:+H2O+NH",0.573113083839417,6.381,6.381,0
"24850","Clethodim sulfoxide","Bensulfuron methyl:-NH3-CH2-2",0.677104771137238,7.256,7.223,0.0330000000000004
"25109","Bensulide:-S+O","Bensulide:-S+O+NH3-2",0.982891917228699,7.159,7.159,0
"25383","Famoxadone","Chlorthiophos:+H2O+NH",0.693259298801422,8.484,8.44,0.0440000000000005
"25496","Bensulfuron methyl:-O+H2","Bensulide:-S+O+NH3-1",0.753216624259949,6.64,6.64,0
"25504","Bensulfuron methyl:-O+H2","Pyridate:+CO+NH3",0.810790836811066,6.64,6.622,0.0179999999999998
"25586","Bensulide:-S+O+NH3-1","Pyridate:+CO+NH3",0.731282353401184,6.64,6.622,0.0179999999999998
"25916","Flazasulfuron:-CH2+O","Nicosulfuron:-C2H4+CO2",0.635261058807373,7.997,7.997,0
"26776","Hydramethylnon:+C2H4-2","Antimycin A:-C2H4+O-2",0.915864169597626,8.146,8.191,0.0449999999999999
"26798","Antimycin A:-C2H4+O-2","Antimycin A:-CH2+O-2",0.940482556819916,8.191,8.206,0.0149999999999988
"26823","Antimycin A:-CH2+O-1","Antimycin A:+O",0.877175450325012,8.457,8.487,0.0299999999999994
"26826","Antimycin A:-CH2+O-1","Antimycin A:+H2O+NH",0.889012157917023,8.457,8.484,0.0269999999999992
"26830","Antimycin A:-H2+O","Antimycin A:+O+NH",0.917450666427612,8.393,8.393,0
"26837","Antimycin A:+O","Antimycin A:+H2O+NH",0.970135629177094,8.487,8.484,0.00300000000000011
