"","Source","Target","Distance","Source_RT","Target_RT","rt_defect","Source_DR","Target_DR","Distance_Type"
"191","Ethiofencarb (special adduct):-H2O+C2H4-3","Ethiofencarb (special adduct):-H2O+C2H4-2",0.903831541538239,9.299,9.46,0.161000000000001,"Ethiofencarb (special adduct)","Ethiofencarb (special adduct)","M-M"
"192","Ethiofencarb (special adduct):-H2O+C2H4-3","Ethiofencarb (special adduct):-H2O+C2H4-1",0.89564037322998,9.299,9.213,0.0860000000000003,"Ethiofencarb (special adduct)","Ethiofencarb (special adduct)","M-M"
"399","Ethiofencarb (special adduct):-H2O+C2H4-2","Ethiofencarb (special adduct):-H2O+C2H4-1",0.954553306102753,9.46,9.213,0.247000000000002,"Ethiofencarb (special adduct)","Ethiofencarb (special adduct)","M-M"
"775","Methamidophos:-NH3+O-1","Methamidophos:-NH3+O-2",0.851776003837585,7.159,5.973,1.186,"Methamidophos","Methamidophos","M-M"
"779","Methamidophos:-NH3+O-1","Methamidophos:-NH+CO",0.344680428504944,7.159,3.636,3.523,"Methamidophos","Methamidophos","M-M"
"1008","Methamidophos:-NH3+O-2","Methamidophos:-NH+CO",0.440720319747925,5.973,3.636,2.337,"Methamidophos","Methamidophos","M-M"
"1287","Diamidafos:-C2H2O-NH3","Diamidafos:-C2H4-C2H4",0.148527756333351,6.64,1.589,5.051,"Diamidafos","Diamidafos","M-M"
"1555","Fenthion sulfoxide:Dearylation of organphosphosulfur compound-s","Fenthion sulfoxide:-CO2-S+O",0.087678998708725,0.978,5.279,4.301,"Fenthion sulfoxide","Fenthion sulfoxide","M-M"
"1574","Fenthion sulfoxide:Dearylation of organphosphosulfur compound-s","Fenthion sulfoxide:-S+O",0.0829848647117615,0.978,4.869,3.891,"Fenthion sulfoxide","Fenthion sulfoxide","M-M"
"1575","Fenthion sulfoxide:Dearylation of organphosphosulfur compound-s","Fenthion sulfoxide:-CH2",0.587363958358765,0.978,3.132,2.154,"Fenthion sulfoxide","Fenthion sulfoxide","M-M"
"1592","Fenthion sulfoxide:Dearylation of organphosphosulfur compound-s","Fenthion sulfoxide",0.0229417569935322,0.978,6.47,5.492,"Fenthion sulfoxide","Fenthion sulfoxide","P-M"
"1636","Fenthion sulfoxide:Dearylation of organphosphosulfur compound-s","Fenthion sulfoxide:+NH+NH",0.288883775472641,0.978,4.741,3.763,"Fenthion sulfoxide","Fenthion sulfoxide","M-M"
"1648","Fenthion sulfoxide:Dearylation of organphosphosulfur compound-s","Fenthion sulfoxide:+CO+NH3",0.0940483883023262,0.978,7.159,6.181,"Fenthion sulfoxide","Fenthion sulfoxide","M-M"
"2162","Ethiofencarb:-CO2-S+O-1","Ethiofencarb",0.390245646238327,1.694,6.58,4.886,"Ethiofencarb","Ethiofencarb","P-M"
"2169","Ethiofencarb:-CO2-S+O-1","Ethiofencarb:+O",0.376577198505402,1.694,4.238,2.544,"Ethiofencarb","Ethiofencarb","M-M"
"2502","Pirimiphos ethyl: Dearylation of organphosphosulfur compound-l-2","Pirimiphos ethyl: Dearylation of organphosphosulfur compound-l-1",0.131376713514328,2.939,4.496,1.557,"Pirimiphos ethyl","Pirimiphos ethyl","M-M"
"2582","Pirimiphos ethyl: Dearylation of organphosphosulfur compound-l-2","Pirimiphos ethyl:-C2H4-2",0.147503256797791,2.939,7.939,5,"Pirimiphos ethyl","Pirimiphos ethyl","M-M"
"2584","Pirimiphos ethyl: Dearylation of organphosphosulfur compound-l-2","Pirimiphos ethyl:-S+O",0.134949117898941,2.939,8.118,5.179,"Pirimiphos ethyl","Pirimiphos ethyl","M-M"
"2622","Pirimiphos ethyl: Dearylation of organphosphosulfur compound-l-2","Pirimiphos ethyl",0.131793424487114,2.939,9.102,6.163,"Pirimiphos ethyl","Pirimiphos ethyl","P-M"
"2747","Diuron:-C2H2O-H2O","Diuron:-CH2-H2-1",0.0330569632351398,0.998,6.834,5.836,"Diuron","Diuron","M-M"
"2748","Diuron:-C2H2O-H2O","Diuron:-CH2-H2-2",0.069119781255722,0.998,7.068,6.07,"Diuron","Diuron","M-M"
"2750","Diuron:-C2H2O-H2O","Diuron:-CH2-1",0.247796431183815,0.998,6.701,5.703,"Diuron","Diuron","M-M"
"3207","Pirimiphos ethyl: Dearylation of organphosphosulfur compound-l-1","Pirimiphos ethyl:-C2H4-2",0.297564119100571,4.496,7.939,3.443,"Pirimiphos ethyl","Pirimiphos ethyl","M-M"
"3209","Pirimiphos ethyl: Dearylation of organphosphosulfur compound-l-1","Pirimiphos ethyl:-S+O",0.27592208981514,4.496,8.118,3.622,"Pirimiphos ethyl","Pirimiphos ethyl","M-M"
"3239","Pirimiphos ethyl: Dearylation of organphosphosulfur compound-l-1","Pirimiphos ethyl",0.437280744314194,4.496,9.102,4.606,"Pirimiphos ethyl","Pirimiphos ethyl","P-M"
"3338","Methacrifos (special adduct):-S+O","Methacrifos (special adduct)",0.325849980115891,5.358,7.223,1.865,"Methacrifos (special adduct)","Methacrifos (special adduct)","P-M"
"3555","Methacrifos:-C2H4-H2O","Methacrifos:-S+O",0.0303948819637299,3.53,5.358,1.828,"Methacrifos","Methacrifos","M-M"
"3563","Methacrifos:-C2H4-H2O","Methacrifos:-S+O+NH3",0.0568701513111591,3.53,5.304,1.774,"Methacrifos","Methacrifos","M-M"
"3765","Chlortoluron:-CH2-H2","Chlortoluron:-CH2",0.0515595488250256,6.707,6.64,0.0670000000000002,"Chlortoluron","Chlortoluron","M-M"
"3770","Chlortoluron:-CH2-H2","Chlortoluron",0.0603549443185329,6.707,6.834,0.127,"Chlortoluron","Chlortoluron","P-M"
"3785","Chlortoluron:-CH2-H2","Chlortoluron:+O",0.0335143432021141,6.707,4.721,1.986,"Chlortoluron","Chlortoluron","M-M"
"3810","Chlortoluron:-CH2-H2","Chlortoluron:+C2H2O+C2H4",0.430460780858994,6.707,6.397,0.31,"Chlortoluron","Chlortoluron","M-M"
"4002","Dimethachlor:N-Dealkylation of tertiary carboxamide-l","Dimethachlor",0.218569725751877,7.631,7.192,0.439,"Dimethachlor","Dimethachlor","P-M"
"4192","Chlortoluron:-CH2","Chlortoluron",0.0772846415638924,6.64,6.834,0.194,"Chlortoluron","Chlortoluron","P-M"
"4205","Chlortoluron:-CH2","Chlortoluron:+O",0.107771903276443,6.64,4.721,1.919,"Chlortoluron","Chlortoluron","M-M"
"4233","Chlortoluron:-CH2","Chlortoluron:+C2H2O+C2H4",0.044117271900177,6.64,6.397,0.242999999999999,"Chlortoluron","Chlortoluron","M-M"
"4539","Diuron:-C2H4","Diuron:-CH2-H2-2",0.0432306677103043,6.701,7.068,0.367,"Diuron","Diuron","M-M"
"4540","Diuron:-C2H4","Diuron:-CH2-2",0.560658693313599,6.701,6.999,0.298,"Diuron","Diuron","M-M"
"4709","Isoproturon","Isoproturon:-CH2+O-1",0.0482323914766312,7.043,2.601,4.442,"Isoproturon","Isoproturon","P-M"
"4716","Isoproturon","Isoproturon:+O-1",0.443951934576035,7.043,4.813,2.23,"Isoproturon","Isoproturon","P-M"
"4717","Isoproturon","Isoproturon:+O-2",0.471229076385498,7.043,4.721,2.322,"Isoproturon","Isoproturon","P-M"
"4978","Isoproturon:-CH2+O-1","Isoproturon:+O-1",0.170567363500595,2.601,4.813,2.212,"Isoproturon","Isoproturon","M-M"
"4979","Isoproturon:-CH2+O-1","Isoproturon:+O-2",0.166649714112282,2.601,4.721,2.12,"Isoproturon","Isoproturon","M-M"
"5123","Chlortoluron","Chlortoluron:+O",0.593739151954651,6.834,4.721,2.113,"Chlortoluron","Chlortoluron","P-M"
"5139","Chlortoluron","Chlortoluron:+C2H2O+C2H4",0.0354615524411201,6.834,6.397,0.436999999999999,"Chlortoluron","Chlortoluron","P-M"
"5267","Diuron:-CH2-H2-1","Diuron:-CH2-H2-2",0.156278386712074,6.834,7.068,0.234,"Diuron","Diuron","M-M"
"5269","Diuron:-CH2-H2-1","Diuron:-CH2-2",0.0415530651807785,6.834,6.999,0.165,"Diuron","Diuron","M-M"
"5270","Diuron:-CH2-H2-1","Diuron:-CH2-1",0.0699907168745995,6.834,6.701,0.133,"Diuron","Diuron","M-M"
"5282","Diuron:-CH2-H2-1","Diuron",0.36950021982193,6.834,7.159,0.325,"Diuron","Diuron","P-M"
"5461","Diuron:-CH2-H2-2","Diuron:-CH2-2",0.0759967416524887,7.068,6.999,0.069,"Diuron","Diuron","M-M"
"5462","Diuron:-CH2-H2-2","Diuron:-CH2-1",0.235887452960014,7.068,6.701,0.367,"Diuron","Diuron","M-M"
"5825","Diuron:-CH2-2","Diuron",0.105752982199192,6.999,7.159,0.16,"Diuron","Diuron","P-M"
"6136","Aldicarb-sulfone:-O2+H2+C2H4","Aldicarb-sulfone",0.0257266163825989,9.215,2.735,6.48,"Aldicarb-sulfone","Aldicarb-sulfone","P-M"
"6343","Ethiofencarb:-CO2-S+O-2","Ethiofencarb",0.0507204011082649,2.397,6.58,4.183,"Ethiofencarb","Ethiofencarb","P-M"
"6349","Ethiofencarb:-CO2-S+O-2","Ethiofencarb:+O",0.0441535040736198,2.397,4.238,1.841,"Ethiofencarb","Ethiofencarb","M-M"
"6640","Isoproturon:+O-1","Isoproturon:+O-2",0.813072860240936,4.813,4.721,0.0919999999999996,"Isoproturon","Isoproturon","M-M"
"7017","Methacrifos:-S+O","Methacrifos",0.349085569381714,5.358,7.221,1.863,"Methacrifos","Methacrifos","P-M"
"7018","Methacrifos:-S+O","Methacrifos:-S+O+NH3",0.795016407966614,5.358,5.304,0.0539999999999994,"Methacrifos","Methacrifos","M-M"
"7198","Ethiofencarb","Ethiofencarb:+O",0.942940413951874,6.58,4.238,2.342,"Ethiofencarb","Ethiofencarb","P-M"
"7355","Mepronil:-C2H4-CH2-2","Mepronil:-C2H4-CH2-1",0.807616174221039,5.804,7.861,2.057,"Mepronil","Mepronil","M-M"
"7369","Mepronil:-C2H4-CH2-2","Mepronil",0.924993753433228,5.804,7.72,1.916,"Mepronil","Mepronil","P-M"
"7379","Mepronil:-C2H4-CH2-2","Mepronil:+O-1",0.533981740474701,5.804,6.701,0.896999999999999,"Mepronil","Mepronil","M-M"
"7380","Mepronil:-C2H4-CH2-2","Mepronil:+O-2",0.138800829648972,5.804,7.159,1.355,"Mepronil","Mepronil","M-M"
"7381","Mepronil:-C2H4-CH2-2","Mepronil:+O-4",0.906892955303192,5.804,6.561,0.757,"Mepronil","Mepronil","M-M"
"7524","Mepronil:-C2H4-CH2-1","Mepronil",0.761428773403168,7.861,7.72,0.141,"Mepronil","Mepronil","P-M"
"7536","Mepronil:-C2H4-CH2-1","Mepronil:+O-1",0.477820038795471,7.861,6.701,1.16,"Mepronil","Mepronil","M-M"
"7537","Mepronil:-C2H4-CH2-1","Mepronil:+O-2",0.144663229584694,7.861,7.159,0.702,"Mepronil","Mepronil","M-M"
"7538","Mepronil:-C2H4-CH2-1","Mepronil:+O-4",0.809000492095947,7.861,6.561,1.3,"Mepronil","Mepronil","M-M"
"7725","Chlortoluron:+O","Chlortoluron:+C2H2O+C2H4",0.0285369269549847,4.721,6.397,1.676,"Chlortoluron","Chlortoluron","M-M"
"7975","Etrimfos:-CO2-H2O","Etrimfos:-NH-NH",0.0346676856279373,4.721,7.334,2.613,"Etrimfos","Etrimfos","M-M"
"7976","Etrimfos:-CO2-H2O","Etrimfos:-C2H4",0.0570421777665615,4.721,5.854,1.133,"Etrimfos","Etrimfos","M-M"
"7997","Etrimfos:-CO2-H2O","Etrimfos",0.0329120233654976,4.721,8.405,3.684,"Etrimfos","Etrimfos","P-M"
"8014","Etrimfos:-CO2-H2O","Etrimfos:+O",0.0188500750809908,4.721,7.367,2.646,"Etrimfos","Etrimfos","M-M"
"8209","Fenthion sulfoxide:-CO2-S+O","Fenthion sulfoxide:-S+O",0.112862020730972,5.279,4.869,0.41,"Fenthion sulfoxide","Fenthion sulfoxide","M-M"
"8210","Fenthion sulfoxide:-CO2-S+O","Fenthion sulfoxide:-CH2",0.142951965332031,5.279,3.132,2.147,"Fenthion sulfoxide","Fenthion sulfoxide","M-M"
"8226","Fenthion sulfoxide:-CO2-S+O","Fenthion sulfoxide",0.0799020752310753,5.279,6.47,1.191,"Fenthion sulfoxide","Fenthion sulfoxide","P-M"
"8267","Fenthion sulfoxide:-CO2-S+O","Fenthion sulfoxide:+NH+NH",0.148982331156731,5.279,4.741,0.538,"Fenthion sulfoxide","Fenthion sulfoxide","M-M"
"8280","Fenthion sulfoxide:-CO2-S+O","Fenthion sulfoxide:+CO+NH3",0.679570257663727,5.279,7.159,1.88,"Fenthion sulfoxide","Fenthion sulfoxide","M-M"
"8382","Methacrifos","Methacrifos:-S+O+NH3",0.308263570070267,7.221,5.304,1.917,"Methacrifos","Methacrifos","P-M"
"9038","Quinalphos:-CO2-H2","Quinalphos:-CO2+NH",0.909046411514282,5.733,5.733,0,"Quinalphos","Quinalphos","M-M"
"9066","Quinalphos:-CO2-H2","Quinalphos",0.0315436571836472,5.733,8.361,2.628,"Quinalphos","Quinalphos","P-M"
"9240","Propyzamide","Propyzamide:+H2O",0.589868903160095,7.753,7.984,0.231,"Propyzamide","Propyzamide","P-M"
"9252","Propyzamide","Propyzamide:+H2O+O",0.148095473647118,7.753,6.381,1.372,"Propyzamide","Propyzamide","P-M"
"9255","Propyzamide","Propyzamide:+CO2+H2-2",0.0536798574030399,7.753,3.317,4.436,"Propyzamide","Propyzamide","P-M"
"9724","Etrimfos:-NH-NH","Etrimfos:-C2H4",0.345724612474442,7.334,5.854,1.48,"Etrimfos","Etrimfos","M-M"
"9732","Etrimfos:-NH-NH","Etrimfos:-S+O",0.0638088658452034,7.334,7.176,0.157999999999999,"Etrimfos","Etrimfos","M-M"
"9750","Etrimfos:-NH-NH","Etrimfos",0.350992202758789,7.334,8.405,1.071,"Etrimfos","Etrimfos","P-M"
"9766","Etrimfos:-NH-NH","Etrimfos:+O",0.367739379405975,7.334,7.367,0.0330000000000004,"Etrimfos","Etrimfos","M-M"
"9911","Metalaxyl:-CH2-H2","Metalaxyl",0.0200489200651646,5.279,7.016,1.737,"Metalaxyl","Metalaxyl","P-M"
"9930","Metalaxyl:-CH2-H2","Metalaxyl:+O-1",0.283373832702637,5.279,5.854,0.575,"Metalaxyl","Metalaxyl","M-M"
"10077","Etrimfos:-C2H4","Etrimfos:-S+O",0.457575142383575,5.854,7.176,1.322,"Etrimfos","Etrimfos","M-M"
"10094","Etrimfos:-C2H4","Etrimfos",0.739860713481903,5.854,8.405,2.551,"Etrimfos","Etrimfos","P-M"
"10110","Etrimfos:-C2H4","Etrimfos:+O",0.537044942378998,5.854,7.367,1.513,"Etrimfos","Etrimfos","M-M"
"10311","Ethidimuron","Ethidimuron:+CO2+C2H2O",0.00650746608152986,4.333,4.813,0.48,"Ethidimuron","Ethidimuron","P-M"
"10507","Quinalphos:-CO2+NH","Quinalphos",0.0700353980064392,5.733,8.361,2.628,"Quinalphos","Quinalphos","P-M"
"10685","Metolachlor:-CH2","Metolachlor",0.750526368618011,7.292,8.146,0.854000000000001,"Metolachlor","Metolachlor","P-M"
"10704","Metolachlor:-CH2","Metolachlor:+O-1",0.287279665470123,7.292,6.88,0.412,"Metolachlor","Metolachlor","M-M"
"10705","Metolachlor:-CH2","Metolachlor:+O-2",0.197197541594505,7.292,7.03,0.262,"Metolachlor","Metolachlor","M-M"
"10872","Mepronil","Mepronil:+O-1",0.498583316802979,7.72,6.701,1.019,"Mepronil","Mepronil","P-M"
"10873","Mepronil","Mepronil:+O-2",0.135180905461311,7.72,7.159,0.561,"Mepronil","Mepronil","P-M"
"10874","Mepronil","Mepronil:+O-4",0.856461465358734,7.72,6.561,1.159,"Mepronil","Mepronil","P-M"
"11026","Propyzamide:+H2O","Propyzamide:+H2O+O",0.0366319715976715,7.984,6.381,1.603,"Propyzamide","Propyzamide","M-M"
"11029","Propyzamide:+H2O","Propyzamide:+CO2+H2-2",0.0238206535577774,7.984,3.317,4.667,"Propyzamide","Propyzamide","M-M"
"11209","Flusilazole:-C2H4-CH2","Flusilazole",0.072819784283638,6.397,8.249,1.852,"Flusilazole","Flusilazole","P-M"
"11336","Azinphos methyl oxon:-C2H2O+NH","Azinphos methyl oxon:-O2+H2+C2H4",0.037468459457159,5.733,5.279,0.454,"Azinphos methyl oxon","Azinphos methyl oxon","M-M"
"11367","Azinphos methyl oxon:-C2H2O+NH","Azinphos methyl oxon:-NH3+CO2",0.0695704519748688,5.733,8.48,2.747,"Azinphos methyl oxon","Azinphos methyl oxon","M-M"
"11384","Azinphos methyl oxon:-C2H2O+NH","Azinphos methyl oxon:-NH3+O+CO2",0.049535121768713,5.733,7.079,1.346,"Azinphos methyl oxon","Azinphos methyl oxon","M-M"
"11465","Thiamethoxam:-O2+H2+CH2","Thiamethoxam",0.054271399974823,5.58,3.53,2.05,"Thiamethoxam","Thiamethoxam","P-M"
"11530","Thiamethoxam:-O2+H2+CH2","Thiamethoxam:+CO2+CO2",0.0954591259360313,5.58,7.342,1.762,"Thiamethoxam","Thiamethoxam","M-M"
"11577","Etrimfos:-S+O","Etrimfos",0.4188192486763,7.176,8.405,1.229,"Etrimfos","Etrimfos","P-M"
"11590","Etrimfos:-S+O","Etrimfos:+O",0.277530014514923,7.176,7.367,0.191,"Etrimfos","Etrimfos","M-M"
"11666","Fenthion sulfoxide:-S+O","Fenthion sulfoxide:-CH2",0.162328884005547,4.869,3.132,1.737,"Fenthion sulfoxide","Fenthion sulfoxide","M-M"
"11683","Fenthion sulfoxide:-S+O","Fenthion sulfoxide",0.40909206867218,4.869,6.47,1.601,"Fenthion sulfoxide","Fenthion sulfoxide","P-M"
"11725","Fenthion sulfoxide:-S+O","Fenthion sulfoxide:+NH+NH",0.0707568600773811,4.869,4.741,0.128,"Fenthion sulfoxide","Fenthion sulfoxide","M-M"
"11738","Fenthion sulfoxide:-S+O","Fenthion sulfoxide:+CO+NH3",0.147978454828262,4.869,7.159,2.29,"Fenthion sulfoxide","Fenthion sulfoxide","M-M"
"11857","Metalaxyl","Metalaxyl:+O-1",0.0294022429734468,7.016,5.854,1.162,"Metalaxyl","Metalaxyl","P-M"
"11906","Fenthion sulfoxide:-CH2","Fenthion sulfoxide",0.100580751895905,3.132,6.47,3.338,"Fenthion sulfoxide","Fenthion sulfoxide","P-M"
"11949","Fenthion sulfoxide:-CH2","Fenthion sulfoxide:+NH+NH",0.270394384860992,3.132,4.741,1.609,"Fenthion sulfoxide","Fenthion sulfoxide","M-M"
"11962","Fenthion sulfoxide:-CH2","Fenthion sulfoxide:+CO+NH3",0.112316749989986,3.132,7.159,4.027,"Fenthion sulfoxide","Fenthion sulfoxide","M-M"
"12152","Boscalid:-O2+H2-O2+H2","Boscalid",0.0177844166755676,3.932,7.656,3.724,"Boscalid","Boscalid","P-M"
"12269","Carbophenothion:-CO-S+O-2","Carbophenothion:-O2+H2-NH",0.104169465601444,3.823,7.159,3.336,"Carbophenothion","Carbophenothion","M-M"
"12323","Carbophenothion:-CO-S+O-2","Carbophenothion",0.0556225329637527,3.823,9.471,5.648,"Carbophenothion","Carbophenothion","P-M"
"12324","Carbophenothion:-CO-S+O-2","Carbophenothion:-S+O+O",0.029429666697979,3.823,7.086,3.263,"Carbophenothion","Carbophenothion","M-M"
"12354","Carbophenothion:-CO-S+O-2","Carbophenothion:+O+O",0.0519427284598351,3.823,8.36,4.537,"Carbophenothion","Carbophenothion","M-M"
"12603","Metolachlor","Metolachlor:+O-1",0.350269764661789,8.146,6.88,1.266,"Metolachlor","Metolachlor","P-M"
"12604","Metolachlor","Metolachlor:+O-2",0.163554713129997,8.146,7.03,1.116,"Metolachlor","Metolachlor","P-M"
"12732","Mepronil:+O-1","Mepronil:+O-2",0.0915016084909439,6.701,7.159,0.458,"Mepronil","Mepronil","M-M"
"12733","Mepronil:+O-1","Mepronil:+O-4",0.519145309925079,6.701,6.561,0.14,"Mepronil","Mepronil","M-M"
"12863","Mepronil:+O-2","Mepronil:+O-4",0.337640970945358,7.159,6.561,0.598,"Mepronil","Mepronil","M-M"
"13218","Sethoxydim:-C2H4-CH2","Sethoxydim:-C2H4",0.410987704992294,4.496,8.611,4.115,"Sethoxydim","Sethoxydim","M-M"
"13238","Sethoxydim:-C2H4-CH2","Sethoxydim:-C2H4+NH-2",0.31904873251915,4.496,9.275,4.779,"Sethoxydim","Sethoxydim","M-M"
"13239","Sethoxydim:-C2H4-CH2","Sethoxydim:-C2H4+NH-1",0.132843509316444,4.496,9.46,4.964,"Sethoxydim","Sethoxydim","M-M"
"13256","Sethoxydim:-C2H4-CH2","Sethoxydim",0.421830713748932,4.496,9.066,4.57,"Sethoxydim","Sethoxydim","P-M"
"13274","Sethoxydim:-C2H4-CH2","Sethoxydim:+O",0.285850644111633,4.496,7.323,2.827,"Sethoxydim","Sethoxydim","M-M"
"13390","Thenylchlor:-NH3-NH3","Thenylchlor:-H2",0.0802991911768913,6.753,5.506,1.247,"Thenylchlor","Thenylchlor","M-M"
"13397","Thenylchlor:-NH3-NH3","Thenylchlor:-Cl+H+H2O-2",0.0610580295324326,6.753,5.567,1.186,"Thenylchlor","Thenylchlor","M-M"
"13398","Thenylchlor:-NH3-NH3","Thenylchlor:-Cl+H+H2O-1",0.0599503479897976,6.753,6.33,0.423,"Thenylchlor","Thenylchlor","M-M"
"13400","Thenylchlor:-NH3-NH3","Thenylchlor:-CH2-1",0.0361248813569546,6.753,7.631,0.878,"Thenylchlor","Thenylchlor","M-M"
"13406","Thenylchlor:-NH3-NH3","Thenylchlor:-C2H4+H2O",0.0537910014390945,6.753,4.612,2.141,"Thenylchlor","Thenylchlor","M-M"
"13417","Thenylchlor:-NH3-NH3","Thenylchlor:-CH2-2",0.00800322089344263,6.753,6.254,0.499000000000001,"Thenylchlor","Thenylchlor","M-M"
"13421","Thenylchlor:-NH3-NH3","Thenylchlor",0.0110425297170877,6.753,8.045,1.292,"Thenylchlor","Thenylchlor","P-M"
"13549","Propyzamide:+H2O+O","Propyzamide:+CO2+H2-2",0.0755676776170731,6.381,3.317,3.064,"Propyzamide","Propyzamide","M-M"
"13684","Crufomate:-H2","Crufomate",0.187406599521637,7.609,8.231,0.622,"Crufomate","Crufomate","P-M"
"13703","Crufomate:-H2","Crufomate:+O",0.215407967567444,7.609,6.753,0.856,"Crufomate","Crufomate","M-M"
"13714","Crufomate:-H2","Crufomate:+CH2-1",0.106505088508129,7.609,7.798,0.189,"Crufomate","Crufomate","M-M"
"13730","Crufomate:-H2","Crufomate:+H2O+NH",0.133251652121544,7.609,6.753,0.856,"Crufomate","Crufomate","M-M"
"13876","Phenthoate:-S+O-CH2","Phenthoate",0.423947513103485,6.58,8.279,1.699,"Phenthoate","Phenthoate","P-M"
"13905","Phenthoate:-S+O-CH2","Phenthoate:-NH+C2H2O",0.233099073171616,6.58,8.696,2.116,"Phenthoate","Phenthoate","M-M"
"14190","Thiamethoxam","Thiamethoxam:-S+O+CO2",0.100863091647625,3.53,6.561,3.031,"Thiamethoxam","Thiamethoxam","P-M"
"14257","Thiamethoxam","Thiamethoxam:+CO2+CO2",0.19322144985199,3.53,7.342,3.812,"Thiamethoxam","Thiamethoxam","P-M"
"14339","Crufomate","Crufomate:+O",0.493580847978592,8.231,6.753,1.478,"Crufomate","Crufomate","P-M"
"14350","Crufomate","Crufomate:+CH2-1",0.0731162279844284,8.231,7.798,0.433,"Crufomate","Crufomate","P-M"
"14366","Crufomate","Crufomate:+H2O+NH",0.375519275665283,8.231,6.753,1.478,"Crufomate","Crufomate","P-M"
"14496","Etrimfos","Etrimfos:+O",0.525258839130402,8.405,7.367,1.038,"Etrimfos","Etrimfos","P-M"
"14619","Fenthion sulfoxide","Fenthion sulfoxide:+NH+NH",0.0437102355062962,6.47,4.741,1.729,"Fenthion sulfoxide","Fenthion sulfoxide","P-M"
"14632","Fenthion sulfoxide","Fenthion sulfoxide:+CO+NH3",0.150228515267372,6.47,7.159,0.689,"Fenthion sulfoxide","Fenthion sulfoxide","P-M"
"15045","Carbophenothion:-CO2-NH3+O","Carbophenothion:-O2+H2-NH",0.0297149661928415,8.102,7.159,0.943000000000001,"Carbophenothion","Carbophenothion","M-M"
"15122","Carbophenothion:-O2+H2-NH","Carbophenothion",0.232759803533554,7.159,9.471,2.312,"Carbophenothion","Carbophenothion","P-M"
"15123","Carbophenothion:-O2+H2-NH","Carbophenothion:-S+O+O",0.156707614660263,7.159,7.086,0.0729999999999995,"Carbophenothion","Carbophenothion","M-M"
"15138","Carbophenothion:-O2+H2-NH","Carbophenothion:+O",0.0896112024784088,7.159,8.312,1.153,"Carbophenothion","Carbophenothion","M-M"
"15157","Carbophenothion:-O2+H2-NH","Carbophenothion:+O+O",0.0764229297637939,7.159,8.36,1.201,"Carbophenothion","Carbophenothion","M-M"
"15369","Azinphos methyl oxon:-O2+H2+C2H4","Azinphos methyl oxon",0.0836872234940529,5.279,5.632,0.353,"Azinphos methyl oxon","Azinphos methyl oxon","P-M"
"15404","Azinphos methyl oxon:-O2+H2+C2H4","Azinphos methyl oxon:-NH3+CO2",0.245372116565704,5.279,8.48,3.201,"Azinphos methyl oxon","Azinphos methyl oxon","M-M"
"15422","Azinphos methyl oxon:-O2+H2+C2H4","Azinphos methyl oxon:-NH3+O+CO2",0.368621855974197,5.279,7.079,1.8,"Azinphos methyl oxon","Azinphos methyl oxon","M-M"
"15517","Metolachlor:+O-1","Metolachlor:+O-2",0.255540788173676,6.88,7.03,0.15,"Metolachlor","Metolachlor","M-M"
"15805","Sethoxydim:-C2H4","Sethoxydim:-C2H4+NH-2",0.4273382127285,8.611,9.275,0.664,"Sethoxydim","Sethoxydim","M-M"
"15806","Sethoxydim:-C2H4","Sethoxydim:-C2H4+NH-1",0.195191591978073,8.611,9.46,0.849,"Sethoxydim","Sethoxydim","M-M"
"15823","Sethoxydim:-C2H4","Sethoxydim",0.768470168113708,8.611,9.066,0.455,"Sethoxydim","Sethoxydim","P-M"
"15841","Sethoxydim:-C2H4","Sethoxydim:+O",0.582047760486603,8.611,7.323,1.288,"Sethoxydim","Sethoxydim","M-M"
"15952","Thenylchlor:-H2","Thenylchlor:-Cl+H+H2O-2",0.276323288679123,5.506,5.567,0.0609999999999999,"Thenylchlor","Thenylchlor","M-M"
"15953","Thenylchlor:-H2","Thenylchlor:-Cl+H+H2O-1",0.270622402429581,5.506,6.33,0.824,"Thenylchlor","Thenylchlor","M-M"
"15955","Thenylchlor:-H2","Thenylchlor:-CH2-1",0.0595151521265507,5.506,7.631,2.125,"Thenylchlor","Thenylchlor","M-M"
"15961","Thenylchlor:-H2","Thenylchlor:-C2H4+H2O",0.407114595174789,5.506,4.612,0.894,"Thenylchlor","Thenylchlor","M-M"
"15974","Thenylchlor:-H2","Thenylchlor",0.228778496384621,5.506,8.045,2.539,"Thenylchlor","Thenylchlor","P-M"
"16126","Azinphos methyl oxon","Azinphos methyl oxon:-NH3+CO2",0.0725388154387474,5.632,8.48,2.848,"Azinphos methyl oxon","Azinphos methyl oxon","P-M"
"16144","Azinphos methyl oxon","Azinphos methyl oxon:-NH3+O+CO2",0.100587666034698,5.632,7.079,1.447,"Azinphos methyl oxon","Azinphos methyl oxon","P-M"
"16240","Clethodim sulfoxide:-C2H2O-C2H4-1","Clethodim sulfoxide:-C2H2O-C2H4-2",0.164114564657211,1.05,1.391,0.341,"Clethodim sulfoxide","Clethodim sulfoxide","M-M"
"16316","Clethodim sulfoxide:-C2H2O-C2H4-1","Clethodim sulfoxide",0.240968346595764,1.05,7.256,6.206,"Clethodim sulfoxide","Clethodim sulfoxide","P-M"
"16409","Clethodim sulfoxide:-C2H2O-C2H4-2","Clethodim sulfoxide",0.0137362265959382,1.391,7.256,5.865,"Clethodim sulfoxide","Clethodim sulfoxide","P-M"
"16436","Pirimiphos ethyl:-C2H4-2","Pirimiphos ethyl:-S+O",0.941500127315521,7.939,8.118,0.179,"Pirimiphos ethyl","Pirimiphos ethyl","M-M"
"16466","Pirimiphos ethyl:-C2H4-2","Pirimiphos ethyl",0.660563707351685,7.939,9.102,1.163,"Pirimiphos ethyl","Pirimiphos ethyl","P-M"
"16604","Clethodim:-NH3-NH3","Clethodim:-C2H4",0.259601652622223,6.135,8.446,2.311,"Clethodim","Clethodim","M-M"
"16636","Clethodim:-NH3-NH3","Clethodim",0.394822716712952,6.135,8.897,2.762,"Clethodim","Clethodim","P-M"
"16749","Pirimiphos ethyl:-S+O","Pirimiphos ethyl",0.617079734802246,8.118,9.102,0.984,"Pirimiphos ethyl","Pirimiphos ethyl","P-M"
"16857","Crufomate:+O","Crufomate:+CH2-1",0.0500877276062965,6.753,7.798,1.045,"Crufomate","Crufomate","M-M"
"16874","Crufomate:+O","Crufomate:+H2O+NH",0.783054947853088,6.753,6.753,0,"Crufomate","Crufomate","M-M"
"16998","Thenylchlor:-Cl+H+H2O-2","Thenylchlor:-Cl+H+H2O-1",0.962172508239746,5.567,6.33,0.763,"Thenylchlor","Thenylchlor","M-M"
"17000","Thenylchlor:-Cl+H+H2O-2","Thenylchlor:-CH2-1",0.321549385786057,5.567,7.631,2.064,"Thenylchlor","Thenylchlor","M-M"
"17006","Thenylchlor:-Cl+H+H2O-2","Thenylchlor:-C2H4+H2O",0.155416414141655,5.567,4.612,0.955,"Thenylchlor","Thenylchlor","M-M"
"17017","Thenylchlor:-Cl+H+H2O-2","Thenylchlor:-CH2-2",0.0325730293989182,5.567,6.254,0.686999999999999,"Thenylchlor","Thenylchlor","M-M"
"17021","Thenylchlor:-Cl+H+H2O-2","Thenylchlor",0.373765885829926,5.567,8.045,2.478,"Thenylchlor","Thenylchlor","P-M"
"17145","Thenylchlor:-Cl+H+H2O-1","Thenylchlor:-CH2-1",0.351280480623245,6.33,7.631,1.301,"Thenylchlor","Thenylchlor","M-M"
"17151","Thenylchlor:-Cl+H+H2O-1","Thenylchlor:-C2H4+H2O",0.163651660084724,6.33,4.612,1.718,"Thenylchlor","Thenylchlor","M-M"
"17162","Thenylchlor:-Cl+H+H2O-1","Thenylchlor:-CH2-2",0.0578386262059212,6.33,6.254,0.0760000000000005,"Thenylchlor","Thenylchlor","M-M"
"17166","Thenylchlor:-Cl+H+H2O-1","Thenylchlor",0.377309739589691,6.33,8.045,1.715,"Thenylchlor","Thenylchlor","P-M"
"17382","Thenylchlor:-CH2-1","Thenylchlor:-C2H4+H2O",0.149530112743378,7.631,4.612,3.019,"Thenylchlor","Thenylchlor","M-M"
"17392","Thenylchlor:-CH2-1","Thenylchlor:-CH2-2",0.0821360796689987,7.631,6.254,1.377,"Thenylchlor","Thenylchlor","M-M"
"17396","Thenylchlor:-CH2-1","Thenylchlor",0.0798696577548981,7.631,8.045,0.414,"Thenylchlor","Thenylchlor","P-M"
"17525","Flusilazole:-NH3+O-NH3+O","Flusilazole",0.0523065775632858,6.355,8.249,1.894,"Flusilazole","Flusilazole","P-M"
"17667","Ethaboxam:-C2H4+NH3","Ethaboxam",0.106419935822487,6.753,6.659,0.0940000000000003,"Ethaboxam","Ethaboxam","P-M"
"17796","Mefluidide","Mefluidide:-CH2+NH",0.0517185069620609,6.213,7.631,1.418,"Mefluidide","Mefluidide","P-M"
"18103","Bensulide:-CO2-C2H2O","Bensulide:-C2H4-CH2",0.100414216518402,5.015,5.58,0.565,"Bensulide","Bensulide","M-M"
"18130","Bensulide:-CO2-C2H2O","Bensulide:-S+O",0.0601576194167137,5.015,7.159,2.144,"Bensulide","Bensulide","M-M"
"18139","Bensulide:-CO2-C2H2O","Bensulide",0.0838518291711807,5.015,8.191,3.176,"Bensulide","Bensulide","P-M"
"18140","Bensulide:-CO2-C2H2O","Bensulide:-S+O+NH3-1",0.0826008468866348,5.015,6.64,1.625,"Bensulide","Bensulide","M-M"
"18141","Bensulide:-CO2-C2H2O","Bensulide:-S+O+NH3-2",0.0595786422491074,5.015,7.159,2.144,"Bensulide","Bensulide","M-M"
"18145","Bensulide:-CO2-C2H2O","Bensulide:-C2H4",0.161640629172325,5.015,4.494,0.521,"Bensulide","Bensulide","M-M"
"18151","Bensulide:-CO2-C2H2O","Bensulide:+NH",0.124805733561516,5.015,8.115,3.1,"Bensulide","Bensulide","M-M"
"18198","Thenylchlor:-C2H4+H2O","Thenylchlor:-CH2-2",0.15357118844986,4.612,6.254,1.642,"Thenylchlor","Thenylchlor","M-M"
"18202","Thenylchlor:-C2H4+H2O","Thenylchlor",0.156823486089706,4.612,8.045,3.433,"Thenylchlor","Thenylchlor","P-M"
"18324","Crufomate:+CH2-1","Crufomate:+H2O+NH",0.0986859723925591,7.798,6.753,1.045,"Crufomate","Crufomate","M-M"
"18436","Nuarimol","Nuarimol:-O+NH3",0.0277906730771065,7.508,5.567,1.941,"Nuarimol","Nuarimol","P-M"
"18530","Sethoxydim:-C2H4+NH-2","Sethoxydim:-C2H4+NH-1",0.485248744487762,9.275,9.46,0.185,"Sethoxydim","Sethoxydim","M-M"
"18547","Sethoxydim:-C2H4+NH-2","Sethoxydim",0.460095912218094,9.275,9.066,0.209,"Sethoxydim","Sethoxydim","P-M"
"18565","Sethoxydim:-C2H4+NH-2","Sethoxydim:+O",0.295269250869751,9.275,7.323,1.952,"Sethoxydim","Sethoxydim","M-M"
"18675","Sethoxydim:-C2H4+NH-1","Sethoxydim",0.229943946003914,9.46,9.066,0.394,"Sethoxydim","Sethoxydim","P-M"
"18688","Sethoxydim:-C2H4+NH-1","Sethoxydim:+O",0.140160754323006,9.46,7.323,2.137,"Sethoxydim","Sethoxydim","M-M"
"18757","Iprovalicarb:+O-2","Iprovalicarb",0.120337933301926,6.397,7.893,1.496,"Iprovalicarb","Iprovalicarb","P-M"
"18760","Iprovalicarb:+O-2","Iprovalicarb:-CH2+H2O",0.0643197298049927,6.397,9.937,3.54,"Iprovalicarb","Iprovalicarb","M-M"
"18770","Iprovalicarb:+O-2","Iprovalicarb:+O-1",0.0995557531714439,6.397,6.47,0.0729999999999995,"Iprovalicarb","Iprovalicarb","M-M"
"19117","Azinphos methyl","Azinphos methyl:-CO+C2H4",0.0654502585530281,7.32,4.084,3.236,"Azinphos methyl","Azinphos methyl","P-M"
"19165","Azinphos methyl","Azinphos methyl:-NH3+O+CO2",0.0165450349450111,7.32,8.312,0.991999999999999,"Azinphos methyl","Azinphos methyl","P-M"
"19425","Thiamethoxam:-S+O+CO2","Thiamethoxam:+CO2+CO2",0.0483488254249096,6.561,7.342,0.781,"Thiamethoxam","Thiamethoxam","M-M"
"19583","Phenthoate","Phenthoate:-NH+C2H2O",0.331224888563156,8.279,8.696,0.417,"Phenthoate","Phenthoate","P-M"
"19694","Ethaboxam","Ethaboxam:+H2O",0.0319663845002651,6.659,5.411,1.248,"Ethaboxam","Ethaboxam","P-M"
"19777","Iprovalicarb","Iprovalicarb:-CH2+H2O",0.145766988396645,7.893,9.937,2.044,"Iprovalicarb","Iprovalicarb","P-M"
"19786","Iprovalicarb","Iprovalicarb:+O-1",0.552719116210938,7.893,6.47,1.423,"Iprovalicarb","Iprovalicarb","P-M"
"20079","Fenthion sulfoxide:+NH+NH","Fenthion sulfoxide:+CO+NH3",0.137625351548195,4.741,7.159,2.418,"Fenthion sulfoxide","Fenthion sulfoxide","M-M"
"20302","Iprovalicarb:-CH2+H2O","Iprovalicarb:+O-1",0.188371688127518,9.937,6.47,3.467,"Iprovalicarb","Iprovalicarb","M-M"
"20404","Benalaxyl","Benalaxyl:+O-1",0.691873610019684,8.457,8.03,0.427000000000001,"Benalaxyl","Benalaxyl","P-M"
"20405","Benalaxyl","Benalaxyl:+O-2",0.483872681856155,8.457,7.398,1.059,"Benalaxyl","Benalaxyl","P-M"
"20409","Benalaxyl","Benalaxyl:+O-4",0.236689358949661,8.457,7.611,0.846000000000001,"Benalaxyl","Benalaxyl","P-M"
"20506","Sethoxydim","Sethoxydim:+O",0.546244084835052,9.066,7.323,1.743,"Sethoxydim","Sethoxydim","P-M"
"20632","Azinphos methyl oxon:-NH3+CO2","Azinphos methyl oxon:-NH3+O+CO2",0.35624760389328,8.48,7.079,1.401,"Azinphos methyl oxon","Azinphos methyl oxon","M-M"
"20743","Propiconazole:-C2H4+O","Propiconazole",0.264593958854675,6.105,8.548,2.443,"Propiconazole","Propiconazole","P-M"
"20757","Propiconazole:-C2H4+O","Propiconazole:+O-2",0.330389976501465,6.105,7.223,1.118,"Propiconazole","Propiconazole","M-M"
"20758","Propiconazole:-C2H4+O","Propiconazole:+O-1",0.318053752183914,6.105,7.159,1.054,"Propiconazole","Propiconazole","M-M"
"20972","Famoxadone:-CO2-NH3","Famoxadone",0.762028872966766,7.776,8.484,0.708,"Famoxadone","Famoxadone","P-M"
"21057","Clethodim:-C2H4","Clethodim",0.440124422311783,8.446,8.897,0.451000000000001,"Clethodim","Clethodim","P-M"
"21170","Fenpyrazamine","Fenpyrazamine:+H2O+O-1",0.00418077223002911,7.829,6.047,1.782,"Fenpyrazamine","Fenpyrazamine","P-M"
"21580","Bromuconazole, cis-:-Br+H+C2H2O","Bromuconazole, cis-:-CO2+NH3",0.159031927585602,8.206,8.696,0.49,"Bromuconazole, cis-","Bromuconazole, cis-","M-M"
"21602","Bromuconazole, cis-:-Br+H+C2H2O","Bromuconazole, cis-",0.638483762741089,8.206,8.393,0.187000000000001,"Bromuconazole, cis-","Bromuconazole, cis-","P-M"
"21611","Bromuconazole, cis-:-Br+H+C2H2O","Bromuconazole, cis-:+O-1",0.524530529975891,8.206,7.299,0.906999999999999,"Bromuconazole, cis-","Bromuconazole, cis-","M-M"
"21774","Propiconazole","Propiconazole:+O-2",0.629486322402954,8.548,7.223,1.325,"Propiconazole","Propiconazole","P-M"
"21775","Propiconazole","Propiconazole:+O-1",0.621557950973511,8.548,7.159,1.389,"Propiconazole","Propiconazole","P-M"
"21841","Benalaxyl:+O-1","Benalaxyl:+O-2",0.325809955596924,8.03,7.398,0.632,"Benalaxyl","Benalaxyl","M-M"
"21846","Benalaxyl:+O-1","Benalaxyl:+O-4",0.160077229142189,8.03,7.611,0.419,"Benalaxyl","Benalaxyl","M-M"
"21941","Benalaxyl:+O-2","Benalaxyl:+O-4",0.2298514097929,7.398,7.611,0.213,"Benalaxyl","Benalaxyl","M-M"
"22025","Carbophenothion","Carbophenothion:-S+O+O",0.254888623952866,9.471,7.086,2.385,"Carbophenothion","Carbophenothion","P-M"
"22037","Carbophenothion","Carbophenothion:+O",0.464486539363861,9.471,8.312,1.159,"Carbophenothion","Carbophenothion","P-M"
"22054","Carbophenothion","Carbophenothion:+O+O",0.262630194425583,9.471,8.36,1.111,"Carbophenothion","Carbophenothion","P-M"
"22129","Carbophenothion:-S+O+O","Carbophenothion:+O",0.327835351228714,7.086,8.312,1.226,"Carbophenothion","Carbophenothion","M-M"
"22147","Carbophenothion:-S+O+O","Carbophenothion:+O+O",0.26445534825325,7.086,8.36,1.274,"Carbophenothion","Carbophenothion","M-M"
"22477","Chlorthiophos:-S+O","Chlorthiophos",0.23623163998127,8.546,9.514,0.968,"Chlorthiophos","Chlorthiophos","P-M"
"22478","Chlorthiophos:-S+O","Chlorthiophos:-S+O+O",0.180485278367996,8.546,7.065,1.481,"Chlorthiophos","Chlorthiophos","M-M"
"22479","Chlorthiophos:-S+O","Chlorthiophos:-S+O+NH3",0.0091420030221343,8.546,8.546,0,"Chlorthiophos","Chlorthiophos","M-M"
"22499","Chlorthiophos:-S+O","Chlorthiophos:+H2O+NH",0.0812279433012009,8.546,8.44,0.106,"Chlorthiophos","Chlorthiophos","M-M"
"22732","Bromuconazole, trans-:-CO2+NH","Bromuconazole, trans-:-CO+NH",0.0480459816753864,8.546,7.065,1.481,"Bromuconazole, trans-","Bromuconazole, trans-","M-M"
"22743","Bromuconazole, trans-:-CO2+NH","Bromuconazole, trans-",0.135146722197533,8.546,7.939,0.606999999999999,"Bromuconazole, trans-","Bromuconazole, trans-","P-M"
"22751","Bromuconazole, trans-:-CO2+NH","Bromuconazole, trans-:+O-2",0.00950447283685207,8.546,8.004,0.542,"Bromuconazole, trans-","Bromuconazole, trans-","M-M"
"22776","Bromuconazole, trans-:-CO2+NH","Bromuconazole, trans-:+C2H4+C2H4-1",0.00575149711221457,8.546,7.747,0.798999999999999,"Bromuconazole, trans-","Bromuconazole, trans-","M-M"
"22777","Bromuconazole, trans-:-CO2+NH","Bromuconazole, trans-:+C2H4+C2H4-2",0.0108523368835449,8.546,7.997,0.548999999999999,"Bromuconazole, trans-","Bromuconazole, trans-","M-M"
"23001","Azamethiphos:-H2+C2H4","Azamethiphos:-S+O+CO2",0.0662862285971642,8.696,8.696,0,"Azamethiphos","Azamethiphos","M-M"
"23137","Cafenstrole","Cafenstrole:+O-1",0.802390456199646,7.861,6.381,1.48,"Cafenstrole","Cafenstrole","P-M"
"23138","Cafenstrole","Cafenstrole:+O-2",0.117216154932976,7.861,6.923,0.938,"Cafenstrole","Cafenstrole","P-M"
"23142","Cafenstrole","Cafenstrole:+H2O+NH",0.694304943084717,7.861,6.381,1.48,"Cafenstrole","Cafenstrole","P-M"
"23233","Bensulide:-C2H4-CH2","Bensulide:-S+O",0.778915524482727,5.58,7.159,1.579,"Bensulide","Bensulide","M-M"
"23241","Bensulide:-C2H4-CH2","Bensulide",0.954120099544525,5.58,8.191,2.611,"Bensulide","Bensulide","P-M"
"23242","Bensulide:-C2H4-CH2","Bensulide:-S+O+NH3-1",0.0616794340312481,5.58,6.64,1.06,"Bensulide","Bensulide","M-M"
"23243","Bensulide:-C2H4-CH2","Bensulide:-S+O+NH3-2",0.75153774023056,5.58,7.159,1.579,"Bensulide","Bensulide","M-M"
"23247","Bensulide:-C2H4-CH2","Bensulide:-C2H4",0.161641746759415,5.58,4.494,1.086,"Bensulide","Bensulide","M-M"
"23254","Bensulide:-C2H4-CH2","Bensulide:+NH",0.482755482196808,5.58,8.115,2.535,"Bensulide","Bensulide","M-M"
"23293","Propiconazole:+O-2","Propiconazole:+O-1",0.992388367652893,7.223,7.159,0.0640000000000001,"Propiconazole","Propiconazole","M-M"
"23465","Carbophenothion:+O","Carbophenothion:+O+O",0.511469125747681,8.312,8.36,0.048,"Carbophenothion","Carbophenothion","M-M"
"23561","Pyrasulfotole:-NH+CH2","Pyrasulfotole",0.0182723365724087,7.223,5.733,1.49,"Pyrasulfotole","Pyrasulfotole","P-M"
"23666","Permethrin, trans-:-O2+H2-H2O","Permethrin, trans-",0.0484410226345062,6.105,9.877,3.772,"Permethrin, trans-","Permethrin, trans-","P-M"
"23795","Chlorthiophos","Chlorthiophos:-S+O+O",0.430274188518524,9.514,7.065,2.449,"Chlorthiophos","Chlorthiophos","P-M"
"23813","Chlorthiophos","Chlorthiophos:+H2O+NH",0.102654881775379,9.514,8.44,1.074,"Chlorthiophos","Chlorthiophos","P-M"
"23878","Chlorthiophos:-S+O+O","Chlorthiophos:+H2O+NH",0.161127761006355,7.065,8.44,1.375,"Chlorthiophos","Chlorthiophos","M-M"
"23929","Chlorthiophos:-S+O+NH3","Chlorthiophos:+H2O+NH",0.338507503271103,8.546,8.44,0.106,"Chlorthiophos","Chlorthiophos","M-M"
"23995","Bromuconazole, trans-:-CO+NH","Bromuconazole, trans-",0.0405635163187981,7.065,7.939,0.874,"Bromuconazole, trans-","Bromuconazole, trans-","P-M"
"24003","Bromuconazole, trans-:-CO+NH","Bromuconazole, trans-:+O-2",0.0261606220155954,7.065,8.004,0.938999999999999,"Bromuconazole, trans-","Bromuconazole, trans-","M-M"
"24029","Bromuconazole, trans-:-CO+NH","Bromuconazole, trans-:+C2H4+C2H4-1",0.128592655062675,7.065,7.747,0.681999999999999,"Bromuconazole, trans-","Bromuconazole, trans-","M-M"
"24030","Bromuconazole, trans-:-CO+NH","Bromuconazole, trans-:+C2H4+C2H4-2",0.115837588906288,7.065,7.997,0.931999999999999,"Bromuconazole, trans-","Bromuconazole, trans-","M-M"
"24079","Flazasulfuron:-C2H4-NH3-1","Flazasulfuron:-CH2+O",0.0662343874573708,4.741,7.997,3.256,"Flazasulfuron","Flazasulfuron","M-M"
"24303","Cafenstrole:+O-1","Cafenstrole:+O-2",0.104319490492344,6.381,6.923,0.542,"Cafenstrole","Cafenstrole","M-M"
"24307","Cafenstrole:+O-1","Cafenstrole:+H2O+NH",0.573113083839417,6.381,6.381,0,"Cafenstrole","Cafenstrole","M-M"
"24326","Cafenstrole:+O-2","Cafenstrole:+H2O+NH",0.12169423699379,6.923,6.381,0.542,"Cafenstrole","Cafenstrole","M-M"
"24379","Profenofos:-H2-2","Profenofos:-H2-1",0.760523438453674,8.941,8.858,0.0830000000000002,"Profenofos","Profenofos","M-M"
"24381","Profenofos:-H2-2","Profenofos",0.00495349336415529,8.941,9.05,0.109,"Profenofos","Profenofos","P-M"
"24398","Profenofos:-H2-2","Profenofos:+CO",0.187592417001724,8.941,8.418,0.523000000000001,"Profenofos","Profenofos","M-M"
"24444","Profenofos:-H2-1","Profenofos",0.0204482823610306,8.858,9.05,0.192,"Profenofos","Profenofos","P-M"
"24465","Profenofos:-H2-1","Profenofos:+CO",0.183682888746262,8.858,8.418,0.440000000000001,"Profenofos","Profenofos","M-M"
"24538","Bromfenvinphos ethyl:-Cl+H+H2","Bromfenvinphos ethyl",0.0314868912100792,8.696,8.556,0.140000000000001,"Bromfenvinphos ethyl","Bromfenvinphos ethyl","P-M"
"24605","Profenofos","Profenofos:+CO",0.0127125503495336,9.05,8.418,0.632000000000001,"Profenofos","Profenofos","P-M"
"24654","Bensulfuron methyl:-C2H4-NH3+O","Bensulfuron methyl:-NH3-CH2-2",0.190143942832947,5.661,7.223,1.562,"Bensulfuron methyl","Bensulfuron methyl","M-M"
"24663","Bensulfuron methyl:-C2H4-NH3+O","Bensulfuron methyl:-O+H2",0.0122637553140521,5.661,6.64,0.979,"Bensulfuron methyl","Bensulfuron methyl","M-M"
"24674","Bensulfuron methyl:-C2H4-NH3+O","Bensulfuron methyl",0.163601219654083,5.661,7.277,1.616,"Bensulfuron methyl","Bensulfuron methyl","P-M"
"24682","Bensulfuron methyl:-C2H4-NH3+O","Bensulfuron methyl:-H2+O",0.00399058219045401,5.661,6.499,0.838,"Bensulfuron methyl","Bensulfuron methyl","M-M"
"24691","Bensulfuron methyl:-C2H4-NH3+O","Bensulfuron methyl:+C2H2O+CH2",0.0996033549308777,5.661,9.168,3.507,"Bensulfuron methyl","Bensulfuron methyl","M-M"
"24765","Bromuconazole, cis-","Bromuconazole, cis-:+O-1",0.66262286901474,8.393,7.299,1.094,"Bromuconazole, cis-","Bromuconazole, cis-","P-M"
"24795","Bromuconazole, trans-","Bromuconazole, trans-:+O-2",0.0458613000810146,7.939,8.004,0.0649999999999995,"Bromuconazole, trans-","Bromuconazole, trans-","P-M"
"24817","Bromuconazole, trans-","Bromuconazole, trans-:+C2H4+C2H4-1",0.0531829744577408,7.939,7.747,0.192,"Bromuconazole, trans-","Bromuconazole, trans-","P-M"
"24818","Bromuconazole, trans-","Bromuconazole, trans-:+C2H4+C2H4-2",0.0453713871538639,7.939,7.997,0.0579999999999998,"Bromuconazole, trans-","Bromuconazole, trans-","P-M"
"24937","Pyridate","Pyridate:+CO+NH3",0.0371726602315903,10.001,6.622,3.379,"Pyridate","Pyridate","P-M"
"25044","Bensulfuron methyl:-NH3-CH2-2","Bensulfuron methyl:-O+H2",0.0834823250770569,7.223,6.64,0.583,"Bensulfuron methyl","Bensulfuron methyl","M-M"
"25056","Bensulfuron methyl:-NH3-CH2-2","Bensulfuron methyl",0.20364636182785,7.223,7.277,0.0540000000000003,"Bensulfuron methyl","Bensulfuron methyl","P-M"
"25064","Bensulfuron methyl:-NH3-CH2-2","Bensulfuron methyl:-H2+O",0.0840521976351738,7.223,6.499,0.724,"Bensulfuron methyl","Bensulfuron methyl","M-M"
"25073","Bensulfuron methyl:-NH3-CH2-2","Bensulfuron methyl:+C2H2O+CH2",0.1589485257864,7.223,9.168,1.945,"Bensulfuron methyl","Bensulfuron methyl","M-M"
"25107","Bensulide:-S+O","Bensulide",0.749737977981567,7.159,8.191,1.032,"Bensulide","Bensulide","P-M"
"25108","Bensulide:-S+O","Bensulide:-S+O+NH3-1",0.0618899874389172,7.159,6.64,0.519,"Bensulide","Bensulide","M-M"
"25109","Bensulide:-S+O","Bensulide:-S+O+NH3-2",0.982891917228699,7.159,7.159,0,"Bensulide","Bensulide","M-M"
"25112","Bensulide:-S+O","Bensulide:-C2H4",0.176568910479546,7.159,4.494,2.665,"Bensulide","Bensulide","M-M"
"25118","Bensulide:-S+O","Bensulide:+NH",0.500216424465179,7.159,8.115,0.956,"Bensulide","Bensulide","M-M"
"25174","Nicosulfuron:-CO2+NH","Nicosulfuron",0.053369864821434,6.971,6.099,0.872,"Nicosulfuron","Nicosulfuron","P-M"
"25182","Nicosulfuron:-CO2+NH","Nicosulfuron:-C2H4+CO2",0.0177292041480541,6.971,7.997,1.026,"Nicosulfuron","Nicosulfuron","M-M"
"25260","Diafenthiuron","Diafenthiuron:+O+O",0.139536157250404,9.485,7.72,1.765,"Diafenthiuron","Diafenthiuron","P-M"
"25261","Diafenthiuron","Diafenthiuron:+H2O+O",0.169996947050095,9.485,10.073,0.588000000000001,"Diafenthiuron","Diafenthiuron","P-M"
"25317","Bromuconazole, trans-:+O-2","Bromuconazole, trans-:+C2H4+C2H4-1",0.125778064131737,8.004,7.747,0.257,"Bromuconazole, trans-","Bromuconazole, trans-","M-M"
"25318","Bromuconazole, trans-:+O-2","Bromuconazole, trans-:+C2H4+C2H4-2",0.217925518751144,8.004,7.997,0.00699999999999967,"Bromuconazole, trans-","Bromuconazole, trans-","M-M"
"25505","Bensulfuron methyl:-O+H2","Bensulfuron methyl:-H2+O",0.0456897765398026,6.64,6.499,0.141,"Bensulfuron methyl","Bensulfuron methyl","M-M"
"25525","Bensulide","Bensulide:-S+O+NH3-1",0.0570209324359894,8.191,6.64,1.551,"Bensulide","Bensulide","P-M"
"25526","Bensulide","Bensulide:-S+O+NH3-2",0.72258585691452,8.191,7.159,1.032,"Bensulide","Bensulide","P-M"
"25529","Bensulide","Bensulide:-C2H4",0.139927685260773,8.191,4.494,3.697,"Bensulide","Bensulide","P-M"
"25535","Bensulide","Bensulide:+NH",0.452621549367905,8.191,8.115,0.0760000000000005,"Bensulide","Bensulide","P-M"
"25574","Bensulide:-S+O+NH3-1","Bensulide:-S+O+NH3-2",0.0602821633219719,6.64,7.159,0.519,"Bensulide","Bensulide","M-M"
"25576","Bensulide:-S+O+NH3-1","Bensulide:-C2H4",0.0526952110230923,6.64,4.494,2.146,"Bensulide","Bensulide","M-M"
"25582","Bensulide:-S+O+NH3-1","Bensulide:+NH",0.0649987235665321,6.64,8.115,1.475,"Bensulide","Bensulide","M-M"
"25624","Bensulide:-S+O+NH3-2","Bensulide:-C2H4",0.176085248589516,7.159,4.494,2.665,"Bensulide","Bensulide","M-M"
"25630","Bensulide:-S+O+NH3-2","Bensulide:+NH",0.497113883495331,7.159,8.115,0.956,"Bensulide","Bensulide","M-M"
"25740","Triflusulfuron-methyl:-C2H4-F+H","Triflusulfuron-methyl",0.0501279160380363,4.333,7.609,3.276,"Triflusulfuron-methyl","Triflusulfuron-methyl","P-M"
"25759","Bensulide:-C2H4","Bensulide:+NH",0.255400002002716,4.494,8.115,3.621,"Bensulide","Bensulide","M-M"
"25829","Permethrin, cis-","Permethrin, cis-:+O",0.398024678230286,10.021,9.349,0.672000000000001,"Permethrin, cis-","Permethrin, cis-","P-M"
"25837","Permethrin, cis-","Permethrin, cis-:+H2O+O-1",0.0609213970601559,10.021,7.753,2.268,"Permethrin, cis-","Permethrin, cis-","P-M"
"25840","Permethrin, cis-","Permethrin, cis-:+CO2+CH2",0.0478028692305088,10.021,8.622,1.399,"Permethrin, cis-","Permethrin, cis-","P-M"
"25846","Permethrin, cis-","Permethrin, cis-:+H2O+O-2",0.102654345333576,10.021,6.831,3.19,"Permethrin, cis-","Permethrin, cis-","P-M"
"25949","Bensulfuron methyl","Bensulfuron methyl:-H2+O",0.0645581930875778,7.277,6.499,0.778,"Bensulfuron methyl","Bensulfuron methyl","P-M"
"25950","Bensulfuron methyl","Bensulfuron methyl:+O+O",0.286457926034927,7.277,6.355,0.922,"Bensulfuron methyl","Bensulfuron methyl","P-M"
"25959","Bensulfuron methyl","Bensulfuron methyl:+C2H2O+CH2",0.0516467429697514,7.277,9.168,1.891,"Bensulfuron methyl","Bensulfuron methyl","P-M"
"25990","Nicosulfuron","Nicosulfuron:-C2H4+CO2",0.019692812114954,6.099,7.997,1.898,"Nicosulfuron","Nicosulfuron","P-M"
"26059","Diafenthiuron:+O+O","Diafenthiuron:+H2O+O",0.183819830417633,7.72,10.073,2.353,"Diafenthiuron","Diafenthiuron","M-M"
"26170","Permethrin, cis-:+O","Permethrin, cis-:+H2O+O-1",0.0828689634799957,9.349,7.753,1.596,"Permethrin, cis-","Permethrin, cis-","M-M"
"26173","Permethrin, cis-:+O","Permethrin, cis-:+CO2+CH2",0.0628572106361389,9.349,8.622,0.727,"Permethrin, cis-","Permethrin, cis-","M-M"
"26179","Permethrin, cis-:+O","Permethrin, cis-:+H2O+O-2",0.135261595249176,9.349,6.831,2.518,"Permethrin, cis-","Permethrin, cis-","M-M"
"26230","Bensulfuron methyl:-H2+O","Bensulfuron methyl:+O+O",0.0351227819919586,6.499,6.355,0.143999999999999,"Bensulfuron methyl","Bensulfuron methyl","M-M"
"26304","Bromuconazole, trans-:+C2H4+C2H4-1","Bromuconazole, trans-:+C2H4+C2H4-2",0.436665683984756,7.747,7.997,0.25,"Bromuconazole, trans-","Bromuconazole, trans-","M-M"
"26371","Hydramethylnon:-CO2-CH2","Hydramethylnon:-F+H+H2",0.0394326038658619,7.656,9.552,1.896,"Hydramethylnon","Hydramethylnon","M-M"
"26375","Hydramethylnon:-CO2-CH2","Hydramethylnon",0.0305283926427364,7.656,8.781,1.125,"Hydramethylnon","Hydramethylnon","P-M"
"26379","Hydramethylnon:-CO2-CH2","Hydramethylnon:-H2+CO-2",0.00688131200149655,7.656,10.322,2.666,"Hydramethylnon","Hydramethylnon","M-M"
"26380","Hydramethylnon:-CO2-CH2","Hydramethylnon:+CO-2",0.0186309050768614,7.656,8.961,1.305,"Hydramethylnon","Hydramethylnon","M-M"
"26381","Hydramethylnon:-CO2-CH2","Hydramethylnon:+C2H4-1",0.708938241004944,7.656,7.753,0.0970000000000004,"Hydramethylnon","Hydramethylnon","M-M"
"26382","Hydramethylnon:-CO2-CH2","Hydramethylnon:+C2H4-2",0.879201531410217,7.656,8.146,0.490000000000001,"Hydramethylnon","Hydramethylnon","M-M"
"26396","Permethrin, cis-:+H2O+O-1","Permethrin, cis-:+CO2+CH2",0.692954957485199,7.753,8.622,0.869,"Permethrin, cis-","Permethrin, cis-","M-M"
"26402","Permethrin, cis-:+H2O+O-1","Permethrin, cis-:+H2O+O-2",0.393742203712463,7.753,6.831,0.922,"Permethrin, cis-","Permethrin, cis-","M-M"
"26422","Cyhalothrin iso 1:-NH","Cyhalothrin iso 1",0.489696085453033,9.141,9.521,0.380000000000001,"Cyhalothrin iso 1","Cyhalothrin iso 1","P-M"
"26424","Cyhalothrin iso 1:-NH","Cyhalothrin iso 1:-NH3+O+O",0.0357649140059948,9.141,5.661,3.48,"Cyhalothrin iso 1","Cyhalothrin iso 1","M-M"
"26429","Cyhalothrin iso 1:-NH","Cyhalothrin iso 1:+H2O+H2O",0.149717599153519,9.141,6.397,2.744,"Cyhalothrin iso 1","Cyhalothrin iso 1","M-M"
"26465","Antimycin A:-CO2-C2H2O","Antimycin A:-C2H4+O-2",0.0385445915162563,4.869,8.191,3.322,"Antimycin A","Antimycin A","M-M"
"26466","Antimycin A:-CO2-C2H2O","Antimycin A",0.0257915705442429,4.869,9.611,4.742,"Antimycin A","Antimycin A","P-M"
"26467","Antimycin A:-CO2-C2H2O","Antimycin A:-CH2+O-2",0.0681365877389908,4.869,8.206,3.337,"Antimycin A","Antimycin A","M-M"
"26468","Antimycin A:-CO2-C2H2O","Antimycin A:-CH2+O-1",0.0703321471810341,4.869,8.457,3.588,"Antimycin A","Antimycin A","M-M"
"26469","Antimycin A:-CO2-C2H2O","Antimycin A:-H2+O",0.0569709874689579,4.869,8.393,3.524,"Antimycin A","Antimycin A","M-M"
"26470","Antimycin A:-CO2-C2H2O","Antimycin A:+O",0.0584869869053364,4.869,8.487,3.618,"Antimycin A","Antimycin A","M-M"
"26471","Antimycin A:-CO2-C2H2O","Antimycin A:+O+NH",0.0429626815021038,4.869,8.393,3.524,"Antimycin A","Antimycin A","M-M"
"26472","Antimycin A:-CO2-C2H2O","Antimycin A:+H2O+NH",0.0561542063951492,4.869,8.484,3.615,"Antimycin A","Antimycin A","M-M"
"26478","Permethrin, cis-:+CO2+CH2","Permethrin, cis-:+H2O+O-2",0.232530280947685,8.622,6.831,1.791,"Permethrin, cis-","Permethrin, cis-","M-M"
"26524","Cyhalothrin iso 1","Cyhalothrin iso 1:-NH3+O+O",0.0496362708508968,9.521,5.661,3.86,"Cyhalothrin iso 1","Cyhalothrin iso 1","P-M"
"26529","Cyhalothrin iso 1","Cyhalothrin iso 1:+H2O+H2O",0.140457034111023,9.521,6.397,3.124,"Cyhalothrin iso 1","Cyhalothrin iso 1","P-M"
"26552","Hydramethylnon:-F+H+H2","Hydramethylnon",0.0755705609917641,9.552,8.781,0.770999999999999,"Hydramethylnon","Hydramethylnon","P-M"
"26556","Hydramethylnon:-F+H+H2","Hydramethylnon:-H2+CO-3",0.0271799545735121,9.552,10.118,0.566000000000001,"Hydramethylnon","Hydramethylnon","M-M"
"26557","Hydramethylnon:-F+H+H2","Hydramethylnon:-H2+CO-1",0.0864764899015427,9.552,10.513,0.961,"Hydramethylnon","Hydramethylnon","M-M"
"26558","Hydramethylnon:-F+H+H2","Hydramethylnon:-H2+CO-2",0.0658556520938873,9.552,10.322,0.77,"Hydramethylnon","Hydramethylnon","M-M"
"26559","Hydramethylnon:-F+H+H2","Hydramethylnon:-H2+CO-6",0.0290469843894243,9.552,8.667,0.885,"Hydramethylnon","Hydramethylnon","M-M"
"26560","Hydramethylnon:-F+H+H2","Hydramethylnon:+CO-2",0.126899555325508,9.552,8.961,0.590999999999999,"Hydramethylnon","Hydramethylnon","M-M"
"26561","Hydramethylnon:-F+H+H2","Hydramethylnon:+C2H4-1",0.231124803423882,9.552,7.753,1.799,"Hydramethylnon","Hydramethylnon","M-M"
"26562","Hydramethylnon:-F+H+H2","Hydramethylnon:+C2H4-2",0.0489763393998146,9.552,8.146,1.406,"Hydramethylnon","Hydramethylnon","M-M"
"26578","Cyhalothrin iso 1:-NH3+O+O","Cyhalothrin iso 1:+H2O+H2O",0.0570210479199886,5.661,6.397,0.736000000000001,"Cyhalothrin iso 1","Cyhalothrin iso 1","M-M"
"26598","Triflusulfuron-methyl","Triflusulfuron-methyl:+O-1",0.776775896549225,7.609,7.068,0.541,"Triflusulfuron-methyl","Triflusulfuron-methyl","P-M"
"26638","Hydramethylnon","Hydramethylnon:-H2+CO-3",0.296083778142929,8.781,10.118,1.337,"Hydramethylnon","Hydramethylnon","P-M"
"26639","Hydramethylnon","Hydramethylnon:-H2+CO-1",0.174134895205498,8.781,10.513,1.732,"Hydramethylnon","Hydramethylnon","P-M"
"26640","Hydramethylnon","Hydramethylnon:-H2+CO-5",0.230942726135254,8.781,10.202,1.421,"Hydramethylnon","Hydramethylnon","P-M"
"26641","Hydramethylnon","Hydramethylnon:-H2+CO-2",0.350890874862671,8.781,10.322,1.541,"Hydramethylnon","Hydramethylnon","P-M"
"26642","Hydramethylnon","Hydramethylnon:-H2+CO-6",0.241894245147705,8.781,8.667,0.114000000000001,"Hydramethylnon","Hydramethylnon","P-M"
"26643","Hydramethylnon","Hydramethylnon:+CO-2",0.17054608464241,8.781,8.961,0.18,"Hydramethylnon","Hydramethylnon","P-M"
"26644","Hydramethylnon","Hydramethylnon:+C2H4-1",0.0586584657430649,8.781,7.753,1.028,"Hydramethylnon","Hydramethylnon","P-M"
"26645","Hydramethylnon","Hydramethylnon:+C2H4-2",0.029871916398406,8.781,8.146,0.635,"Hydramethylnon","Hydramethylnon","P-M"
"26661","Indoxacarb:-O2+H2-H2","Indoxacarb",0.0420019924640656,6.753,8.757,2.004,"Indoxacarb","Indoxacarb","P-M"
"26699","Hydramethylnon:-H2+CO-3","Hydramethylnon:-H2+CO-1",0.64226371049881,10.118,10.513,0.395,"Hydramethylnon","Hydramethylnon","M-M"
"26700","Hydramethylnon:-H2+CO-3","Hydramethylnon:-H2+CO-5",0.78998738527298,10.118,10.202,0.0839999999999996,"Hydramethylnon","Hydramethylnon","M-M"
"26701","Hydramethylnon:-H2+CO-3","Hydramethylnon:-H2+CO-2",0.834450542926788,10.118,10.322,0.203999999999999,"Hydramethylnon","Hydramethylnon","M-M"
"26702","Hydramethylnon:-H2+CO-3","Hydramethylnon:-H2+CO-6",0.652906954288483,10.118,8.667,1.451,"Hydramethylnon","Hydramethylnon","M-M"
"26703","Hydramethylnon:-H2+CO-3","Hydramethylnon:+CO-2",0.114084728062153,10.118,8.961,1.157,"Hydramethylnon","Hydramethylnon","M-M"
"26710","Hydramethylnon:-H2+CO-1","Hydramethylnon:-H2+CO-5",0.630576193332672,10.513,10.202,0.311,"Hydramethylnon","Hydramethylnon","M-M"
"26711","Hydramethylnon:-H2+CO-1","Hydramethylnon:-H2+CO-2",0.632892191410065,10.513,10.322,0.191000000000001,"Hydramethylnon","Hydramethylnon","M-M"
"26712","Hydramethylnon:-H2+CO-1","Hydramethylnon:-H2+CO-6",0.610487818717957,10.513,8.667,1.846,"Hydramethylnon","Hydramethylnon","M-M"
"26713","Hydramethylnon:-H2+CO-1","Hydramethylnon:+CO-2",0.0889495387673378,10.513,8.961,1.552,"Hydramethylnon","Hydramethylnon","M-M"
"26714","Hydramethylnon:-H2+CO-1","Hydramethylnon:+C2H4-1",0.0165744833648205,10.513,7.753,2.76,"Hydramethylnon","Hydramethylnon","M-M"
"26721","Hydramethylnon:-H2+CO-5","Hydramethylnon:-H2+CO-2",0.701153099536896,10.202,10.322,0.119999999999999,"Hydramethylnon","Hydramethylnon","M-M"
"26722","Hydramethylnon:-H2+CO-5","Hydramethylnon:-H2+CO-6",0.644178509712219,10.202,8.667,1.535,"Hydramethylnon","Hydramethylnon","M-M"
"26723","Hydramethylnon:-H2+CO-5","Hydramethylnon:+CO-2",0.0666300281882286,10.202,8.961,1.241,"Hydramethylnon","Hydramethylnon","M-M"
"26728","Hydramethylnon:-H2+CO-2","Hydramethylnon:-H2+CO-6",0.652940988540649,10.322,8.667,1.655,"Hydramethylnon","Hydramethylnon","M-M"
"26729","Hydramethylnon:-H2+CO-2","Hydramethylnon:+CO-2",0.149819523096085,10.322,8.961,1.361,"Hydramethylnon","Hydramethylnon","M-M"
"26730","Hydramethylnon:-H2+CO-2","Hydramethylnon:+C2H4-1",0.039365828037262,10.322,7.753,2.569,"Hydramethylnon","Hydramethylnon","M-M"
"26731","Hydramethylnon:-H2+CO-2","Hydramethylnon:+C2H4-2",0.00965128839015961,10.322,8.146,2.176,"Hydramethylnon","Hydramethylnon","M-M"
"26743","Hydramethylnon:-H2+CO-6","Hydramethylnon:+CO-2",0.0498992167413235,8.667,8.961,0.294,"Hydramethylnon","Hydramethylnon","M-M"
"26744","Hydramethylnon:-H2+CO-6","Hydramethylnon:+C2H4-1",0.0117120863869786,8.667,7.753,0.914,"Hydramethylnon","Hydramethylnon","M-M"
"26751","Hydramethylnon:+CO-2","Hydramethylnon:+C2H4-1",0.114749491214752,8.961,7.753,1.208,"Hydramethylnon","Hydramethylnon","M-M"
"26752","Hydramethylnon:+CO-2","Hydramethylnon:+C2H4-2",0.0335463248193264,8.961,8.146,0.815,"Hydramethylnon","Hydramethylnon","M-M"
"26763","Hydramethylnon:+C2H4-1","Hydramethylnon:+C2H4-2",0.733610928058624,7.753,8.146,0.393000000000001,"Hydramethylnon","Hydramethylnon","M-M"
"26797","Antimycin A:-C2H4+O-2","Antimycin A",0.966163754463196,8.191,9.611,1.42,"Antimycin A","Antimycin A","P-M"
"26798","Antimycin A:-C2H4+O-2","Antimycin A:-CH2+O-2",0.940482556819916,8.191,8.206,0.0149999999999988,"Antimycin A","Antimycin A","M-M"
"26799","Antimycin A:-C2H4+O-2","Antimycin A:-CH2+O-1",0.879862546920776,8.191,8.457,0.266,"Antimycin A","Antimycin A","M-M"
"26800","Antimycin A:-C2H4+O-2","Antimycin A:-H2+O",0.940886259078979,8.191,8.393,0.202,"Antimycin A","Antimycin A","M-M"
"26801","Antimycin A:-C2H4+O-2","Antimycin A:+NH",0.0749009698629379,8.191,9.514,1.323,"Antimycin A","Antimycin A","M-M"
"26802","Antimycin A:-C2H4+O-2","Antimycin A:+O",0.923436760902405,8.191,8.487,0.295999999999999,"Antimycin A","Antimycin A","M-M"
"26803","Antimycin A:-C2H4+O-2","Antimycin A:+CO+H2",0.656260013580322,8.191,8.781,0.59,"Antimycin A","Antimycin A","M-M"
"26804","Antimycin A:-C2H4+O-2","Antimycin A:+O+NH",0.91996818780899,8.191,8.393,0.202,"Antimycin A","Antimycin A","M-M"
"26805","Antimycin A:-C2H4+O-2","Antimycin A:+H2O+NH",0.937379658222198,8.191,8.484,0.292999999999999,"Antimycin A","Antimycin A","M-M"
"26806","Antimycin A","Antimycin A:-CH2+O-2",0.939401268959045,9.611,8.206,1.405,"Antimycin A","Antimycin A","P-M"
"26807","Antimycin A","Antimycin A:-CH2+O-1",0.867775976657867,9.611,8.457,1.154,"Antimycin A","Antimycin A","P-M"
"26808","Antimycin A","Antimycin A:-H2+O",0.941597580909729,9.611,8.393,1.218,"Antimycin A","Antimycin A","P-M"
"26809","Antimycin A","Antimycin A:+NH",0.0815639570355415,9.611,9.514,0.0970000000000013,"Antimycin A","Antimycin A","P-M"
"26810","Antimycin A","Antimycin A:+O",0.930297315120697,9.611,8.487,1.124,"Antimycin A","Antimycin A","P-M"
"26811","Antimycin A","Antimycin A:+CO+H2",0.655478715896606,9.611,8.781,0.83,"Antimycin A","Antimycin A","P-M"
"26812","Antimycin A","Antimycin A:+O+NH",0.916014313697815,9.611,8.393,1.218,"Antimycin A","Antimycin A","P-M"
"26813","Antimycin A","Antimycin A:+H2O+NH",0.940611004829407,9.611,8.484,1.127,"Antimycin A","Antimycin A","P-M"
"26814","Antimycin A:-CH2+O-2","Antimycin A:-CH2+O-1",0.887304544448853,8.206,8.457,0.251000000000001,"Antimycin A","Antimycin A","M-M"
"26815","Antimycin A:-CH2+O-2","Antimycin A:-H2+O",0.925382256507874,8.206,8.393,0.187000000000001,"Antimycin A","Antimycin A","M-M"
"26816","Antimycin A:-CH2+O-2","Antimycin A:+NH",0.0662391260266304,8.206,9.514,1.308,"Antimycin A","Antimycin A","M-M"
"26817","Antimycin A:-CH2+O-2","Antimycin A:+O",0.963100671768188,8.206,8.487,0.281000000000001,"Antimycin A","Antimycin A","M-M"
"26818","Antimycin A:-CH2+O-2","Antimycin A:+CO+H2",0.65069979429245,8.206,8.781,0.575000000000001,"Antimycin A","Antimycin A","M-M"
"26819","Antimycin A:-CH2+O-2","Antimycin A:+O+NH",0.901809334754944,8.206,8.393,0.187000000000001,"Antimycin A","Antimycin A","M-M"
"26820","Antimycin A:-CH2+O-2","Antimycin A:+H2O+NH",0.976715266704559,8.206,8.484,0.278,"Antimycin A","Antimycin A","M-M"
"26821","Antimycin A:-CH2+O-1","Antimycin A:-H2+O",0.857077777385712,8.457,8.393,0.0640000000000001,"Antimycin A","Antimycin A","M-M"
"26822","Antimycin A:-CH2+O-1","Antimycin A:+NH",0.057057362049818,8.457,9.514,1.057,"Antimycin A","Antimycin A","M-M"
"26823","Antimycin A:-CH2+O-1","Antimycin A:+O",0.877175450325012,8.457,8.487,0.0299999999999994,"Antimycin A","Antimycin A","M-M"
"26824","Antimycin A:-CH2+O-1","Antimycin A:+CO+H2",0.613331139087677,8.457,8.781,0.324,"Antimycin A","Antimycin A","M-M"
"26825","Antimycin A:-CH2+O-1","Antimycin A:+O+NH",0.854558348655701,8.457,8.393,0.0640000000000001,"Antimycin A","Antimycin A","M-M"
"26826","Antimycin A:-CH2+O-1","Antimycin A:+H2O+NH",0.889012157917023,8.457,8.484,0.0269999999999992,"Antimycin A","Antimycin A","M-M"
"26827","Antimycin A:-H2+O","Antimycin A:+NH",0.0704945623874664,8.393,9.514,1.121,"Antimycin A","Antimycin A","M-M"
"26828","Antimycin A:-H2+O","Antimycin A:+O",0.913054525852203,8.393,8.487,0.0939999999999994,"Antimycin A","Antimycin A","M-M"
"26829","Antimycin A:-H2+O","Antimycin A:+CO+H2",0.65069991350174,8.393,8.781,0.388,"Antimycin A","Antimycin A","M-M"
"26830","Antimycin A:-H2+O","Antimycin A:+O+NH",0.917450666427612,8.393,8.393,0,"Antimycin A","Antimycin A","M-M"
"26831","Antimycin A:-H2+O","Antimycin A:+H2O+NH",0.917090117931366,8.393,8.484,0.0909999999999993,"Antimycin A","Antimycin A","M-M"
"26832","Antimycin A:+NH","Antimycin A:+O",0.0651516690850258,9.514,8.487,1.027,"Antimycin A","Antimycin A","M-M"
"26833","Antimycin A:+NH","Antimycin A:+O+NH",0.069738358259201,9.514,8.393,1.121,"Antimycin A","Antimycin A","M-M"
"26834","Antimycin A:+NH","Antimycin A:+H2O+NH",0.064706563949585,9.514,8.484,1.03,"Antimycin A","Antimycin A","M-M"
"26835","Antimycin A:+O","Antimycin A:+CO+H2",0.646746277809143,8.487,8.781,0.294,"Antimycin A","Antimycin A","M-M"
"26836","Antimycin A:+O","Antimycin A:+O+NH",0.890040695667267,8.487,8.393,0.0939999999999994,"Antimycin A","Antimycin A","M-M"
"26837","Antimycin A:+O","Antimycin A:+H2O+NH",0.970135629177094,8.487,8.484,0.00300000000000011,"Antimycin A","Antimycin A","M-M"
"26838","Antimycin A:+CO+H2","Antimycin A:+O+NH",0.649055480957031,8.781,8.393,0.388,"Antimycin A","Antimycin A","M-M"
"26839","Antimycin A:+CO+H2","Antimycin A:+H2O+NH",0.644094407558441,8.781,8.484,0.297000000000001,"Antimycin A","Antimycin A","M-M"
"26840","Antimycin A:+O+NH","Antimycin A:+H2O+NH",0.899361133575439,8.393,8.484,0.0909999999999993,"Antimycin A","Antimycin A","M-M"
