"","Source","Target","Distance","Source_RT","Target_RT","rt_defect","Source_DR","Target_DR","Distance_Type","edge_ID","HCM"
"1","Pirimiphos ethyl","Pirimiphos ethyl: Dearylation of organphosphosulfur compound-l-1",0.437,4.496,9.102,4.606,"Pirimiphos ethyl","Pirimiphos ethyl","P-M",25,"HC"
"2","Isoproturon","Isoproturon:+O-1",0.444,7.043,4.813,2.23,"Isoproturon","Isoproturon","P-M",40,"HC"
"3","Isoproturon","Isoproturon:+O-2",0.471,7.043,4.721,2.322,"Isoproturon","Isoproturon","P-M",41,"HC"
"4","Chlortoluron","Chlortoluron:+O",0.594,6.834,4.721,2.113,"Chlortoluron","Chlortoluron","P-M",44,"HC"
"5","Ethiofencarb","Ethiofencarb:+O",0.943,6.58,4.238,2.342,"Ethiofencarb","Ethiofencarb","P-M",59,"HC"
"6","Mepronil","Mepronil:-C2H4-CH2-2",0.925,5.804,7.72,1.916,"Mepronil","Mepronil","P-M",61,"HC"
"7","Mepronil","Mepronil:-C2H4-CH2-1",0.761,7.861,7.72,0.141,"Mepronil","Mepronil","P-M",65,"HC"
"8","Propyzamide","Propyzamide:+H2O",0.59,7.753,7.984,0.231,"Propyzamide","Propyzamide","P-M",82,"HC"
"9","Etrimfos","Etrimfos:-C2H4",0.74,5.854,8.405,2.551,"Etrimfos","Etrimfos","P-M",92,"HC"
"10","Metolachlor","Metolachlor:-CH2",0.751,7.292,8.146,0.854000000000001,"Metolachlor","Metolachlor","P-M",96,"HC"
"11","Mepronil","Mepronil:+O-1",0.499,7.72,6.701,1.019,"Mepronil","Mepronil","P-M",99,"HC"
"12","Mepronil","Mepronil:+O-4",0.856,7.72,6.561,1.159,"Mepronil","Mepronil","P-M",101,"HC"
"13","Etrimfos","Etrimfos:-S+O",0.419,7.176,8.405,1.229,"Etrimfos","Etrimfos","P-M",110,"HC"
"14","Fenthion sulfoxide","Fenthion sulfoxide:-S+O",0.409,4.869,6.47,1.601,"Fenthion sulfoxide","Fenthion sulfoxide","P-M",113,"HC"
"15","Sethoxydim","Sethoxydim:-C2H4-CH2",0.422,4.496,9.066,4.57,"Sethoxydim","Sethoxydim","P-M",133,"HC"
"16","Phenthoate","Phenthoate:-S+O-CH2",0.424,6.58,8.279,1.699,"Phenthoate","Phenthoate","P-M",147,"HC"
"17","Crufomate","Crufomate:+O",0.494,8.231,6.753,1.478,"Crufomate","Crufomate","P-M",151,"HC"
"18","Etrimfos","Etrimfos:+O",0.525,8.405,7.367,1.038,"Etrimfos","Etrimfos","P-M",154,"HC"
"19","Sethoxydim","Sethoxydim:-C2H4",0.768,8.611,9.066,0.455,"Sethoxydim","Sethoxydim","P-M",168,"HC"
"20","Pirimiphos ethyl","Pirimiphos ethyl:-C2H4-2",0.661,7.939,9.102,1.163,"Pirimiphos ethyl","Pirimiphos ethyl","P-M",181,"HC"
"21","Pirimiphos ethyl","Pirimiphos ethyl:-S+O",0.617,8.118,9.102,0.984,"Pirimiphos ethyl","Pirimiphos ethyl","P-M",184,"HC"
"22","Sethoxydim","Sethoxydim:-C2H4+NH-2",0.46,9.275,9.066,0.209,"Sethoxydim","Sethoxydim","P-M",214,"HC"
"23","Iprovalicarb","Iprovalicarb:+O-1",0.553,7.893,6.47,1.423,"Iprovalicarb","Iprovalicarb","P-M",227,"HC"
"24","Benalaxyl","Benalaxyl:+O-1",0.692,8.457,8.03,0.427000000000001,"Benalaxyl","Benalaxyl","P-M",230,"HC"
"25","Benalaxyl","Benalaxyl:+O-2",0.484,8.457,7.398,1.059,"Benalaxyl","Benalaxyl","P-M",231,"HC"
"26","Sethoxydim","Sethoxydim:+O",0.546,9.066,7.323,1.743,"Sethoxydim","Sethoxydim","P-M",233,"HC"
"27","Famoxadone","Famoxadone:-CO2-NH3",0.762,7.776,8.484,0.708,"Famoxadone","Famoxadone","P-M",238,"HC"
"28","Clethodim","Clethodim:-C2H4",0.44,8.446,8.897,0.451000000000001,"Clethodim","Clethodim","P-M",239,"HC"
"29","Bromuconazole, cis-","Bromuconazole, cis-:-Br+H+C2H2O",0.638,8.206,8.393,0.187000000000001,"Bromuconazole, cis-","Bromuconazole, cis-","P-M",242,"HC"
"30","Propiconazole","Propiconazole:+O-2",0.629,8.548,7.223,1.325,"Propiconazole","Propiconazole","P-M",244,"HC"
"31","Propiconazole","Propiconazole:+O-1",0.622,8.548,7.159,1.389,"Propiconazole","Propiconazole","P-M",245,"HC"
"32","Carbophenothion","Carbophenothion:+O",0.464,9.471,8.312,1.159,"Carbophenothion","Carbophenothion","P-M",250,"HC"
"33","Cafenstrole","Cafenstrole:+O-1",0.802,7.861,6.381,1.48,"Cafenstrole","Cafenstrole","P-M",264,"HC"
"34","Cafenstrole","Cafenstrole:+H2O+NH",0.694,7.861,6.381,1.48,"Cafenstrole","Cafenstrole","P-M",266,"HC"
"35","Bensulide","Bensulide:-C2H4-CH2",0.954,5.58,8.191,2.611,"Bensulide","Bensulide","P-M",268,"HC"
"36","Chlorthiophos","Chlorthiophos:-S+O+O",0.43,9.514,7.065,2.449,"Chlorthiophos","Chlorthiophos","P-M",277,"HC"
"37","Bromuconazole, cis-","Bromuconazole, cis-:+O-1",0.663,8.393,7.299,1.094,"Bromuconazole, cis-","Bromuconazole, cis-","P-M",301,"HC"
"38","Bensulide","Bensulide:-S+O",0.75,7.159,8.191,1.032,"Bensulide","Bensulide","P-M",310,"HC"
"39","Bensulide","Bensulide:-S+O+NH3-2",0.723,8.191,7.159,1.032,"Bensulide","Bensulide","P-M",323,"HC"
"40","Bensulide","Bensulide:+NH",0.453,8.191,8.115,0.0760000000000005,"Bensulide","Bensulide","P-M",325,"HC"
"41","Cyhalothrin iso 1","Cyhalothrin iso 1:-NH",0.49,9.141,9.521,0.380000000000001,"Cyhalothrin iso 1","Cyhalothrin iso 1","P-M",355,"HC"
"42","Triflusulfuron-methyl","Triflusulfuron-methyl:+O-1",0.777,7.609,7.068,0.541,"Triflusulfuron-methyl","Triflusulfuron-methyl","P-M",378,"HC"
"43","Antimycin A","Antimycin A:-C2H4+O-2",0.966,8.191,9.611,1.42,"Antimycin A","Antimycin A","P-M",410,"HC"
"44","Antimycin A","Antimycin A:-CH2+O-2",0.939,9.611,8.206,1.405,"Antimycin A","Antimycin A","P-M",419,"HC"
"45","Antimycin A","Antimycin A:-CH2+O-1",0.868,9.611,8.457,1.154,"Antimycin A","Antimycin A","P-M",420,"HC"
"46","Antimycin A","Antimycin A:-H2+O",0.942,9.611,8.393,1.218,"Antimycin A","Antimycin A","P-M",421,"HC"
"47","Antimycin A","Antimycin A:+O",0.93,9.611,8.487,1.124,"Antimycin A","Antimycin A","P-M",423,"HC"
"48","Antimycin A","Antimycin A:+CO+H2",0.655,9.611,8.781,0.83,"Antimycin A","Antimycin A","P-M",424,"HC"
"49","Antimycin A","Antimycin A:+O+NH",0.916,9.611,8.393,1.218,"Antimycin A","Antimycin A","P-M",425,"HC"
"50","Antimycin A","Antimycin A:+H2O+NH",0.941,9.611,8.484,1.127,"Antimycin A","Antimycin A","P-M",426,"HC"
