"","...1","Compound.Name","Molecular_Formula","m.z","rt","Reaction_Type","Mass_Difference","Reaction_Description","Reaction_Order","RB_Metabolite_Name","RB_Metabolite_mz","Average.Mz","Average.Rt","Average.AID","mz_defect","RT_shift","Average.Mz.New","Average.Rt.min.New","Alignment.ID.New"
"1",112,"Aldicarb-sulfone","C7H14N2O4S",223.0747,2.73,"-O2+H2+C2H4",-1.94288,"Reductive amination+Addition of C2H4","Two-reaction","Aldicarb-sulfone:-O2+H2+C2H4",221.13182,221.13242,9.214,7686,2.7133137148308,6.484,221.13297,9.215,6864
"2",219,"Antimycin A","C28H40N2O9",549.28066,9.6,"+O",15.994915,"Oxidation","One-reaction","Antimycin A:+O",565.275575,565.27454,8.488,20337,1.83096536587783,-1.112,565.27527,8.487,23770
"3",220,"Antimycin A","C28H40N2O9",549.28066,9.6,"+NH",15.010899,"Addition of NH","One-reaction","Antimycin A:+NH",564.291559,564.29114,9.513,20317,0.742523954651798,-0.0869999999999997,564.29077,9.514,23738
"4",269,"Antimycin A","C28H40N2O9",549.28066,9.6,"+H2O+NH",33.021464,"Addition of water+Addition of NH","Two-reaction","Antimycin A:+H2O+NH",582.302124,582.30219,8.483,20707,0.113343223778199,-1.117,582.30322,8.484,24235
"5",274,"Antimycin A","C28H40N2O9",549.28066,9.6,"+O+NH",31.005814,"Oxidation+Addition of NH","Two-reaction","Antimycin A:+O+NH",580.286474,580.28522,8.396,20656,2.16100160214519,-1.204,580.28644,8.393,24178
"6",277,"Antimycin A","C28H40N2O9",549.28066,9.6,"+CO+H2",30.010565,"Addition of CO+Hydrogenation","Two-reaction","Antimycin A:+CO+H2",579.291225,579.29102,8.78,20635,0.353880727350667,-0.82,579.29211,8.781,24152
"7",293,"Antimycin A","C28H40N2O9",549.28066,9.6,"-H2+O",13.979265,"Dehydrogenation+Oxidation","Two-reaction","Antimycin A:-H2+O",563.259925,563.25946,8.396,20280,0.825551365052034,-1.204,563.25946,8.393,23711
"8",307,"Antimycin A","C28H40N2O9",549.28066,9.6,"-CH2+O",1.979265,"Demethylation+Oxidation","Two-reaction","Antimycin A:-CH2+O-1",551.259925,551.25934,8.454,20011,1.06120538328801,-1.146,551.25977,8.457,23412
"9",307,"Antimycin A","C28H40N2O9",549.28066,9.6,"-CH2+O",1.979265,"Demethylation+Oxidation","Two-reaction","Antimycin A:-CH2+O-2",551.259925,551.26093,8.201,20012,1.82309642783741,-1.399,551.25989,8.206,23411
"10",329,"Antimycin A","C28H40N2O9",549.28066,9.6,"-C2H4+O",-12.036385,"Loss of C2H4+Oxidation","Two-reaction","Antimycin A:-C2H4+O-2",537.244275,537.24341,8.191,19723,1.61006834363407,-1.409,537.24567,8.191,23013
"11",399,"Antimycin A","C28H40N2O9",549.28066,9.6,"-CO2-C2H2O",-86.000395,"Loss of CO2+Deacetylation","Two-reaction","Antimycin A:-CO2-C2H2O",463.280265,463.28082,4.858,17983,1.19797893834274,-4.742,463.2811,4.869,20601
"12",471,"Azamethiphos","C9H10ClN2O5PS",324.98093,5.99,"-S+O+CO2",28.01267,"Desulphuration+Addition of CO2","Two-reaction","Azamethiphos:-S+O+CO2",352.9936,352.99365,8.691,14012,0.141645627533896,2.701,352.99506,8.696,14858
"13",475,"Azamethiphos","C9H10ClN2O5PS",324.98093,5.99,"-H2+C2H4",26.01565,"Dehydrogenation+Addition of C2H4","Two-reaction","Azamethiphos:-H2+C2H4",350.99658,350.99677,8.686,13923,0.541315815760618,2.696,350.99811,8.696,14749
"14",478,"Azamethiphos","C9H10ClN2O5PS",324.98093,5.99,"-H2O+C2H2O",24,"Loss of water+Acetylation","Two-reaction","Azamethiphos:-H2O+C2H2O",348.98093,348.98059,8.545,13818,0.974265270008404,2.555,348.98166,8.546,14633
"15",686,"Azinphos methyl","C10H12N3O3PS2",318.01305,7.3,"-NH3+O+CO2",42.95819,"Deamination+Addition of CO2","Two-reaction","Azinphos methyl:-NH3+O+CO2",360.97124,360.97141,8.308,14401,0.470951646919835,1.008,360.97293,8.312,15393
"16",713,"Azinphos methyl","C10H12N3O3PS2",318.01305,7.3,"-NH3+C2H2O",24.984016,"Loss of ammonia+Acetylation","Two-reaction","Azinphos methyl:-NH3+C2H2O",342.997066,342.9975,7.083,13540,1.26531694584315,-0.217,342.99915,7.086,14240
"17",743,"Azinphos methyl","C10H12N3O3PS2",318.01305,7.3,"-CO+C2H4",0.036385,"Loss of CO+Addition of C2H4","Two-reaction","Azinphos methyl:-CO+C2H4",318.049435,318.04984,4.094,12353,1.27338695005276,-3.206,318.04977,4.084,12653
"18",898,"Azinphos methyl oxon","C10H12N3O4PS",302.03589,5.61,"-NH3+O+CO2",42.95819,"Deamination+Addition of CO2","Two-reaction","Azinphos methyl oxon:-NH3+O+CO2",344.99408,344.99509,7.082,13637,2.92758646759373,1.472,344.99667,7.079,14393
"19",921,"Azinphos methyl oxon","C10H12N3O4PS",302.03589,5.61,"-NH3+CO2",26.963281,"Loss of ammonia+Addition of CO2","Two-reaction","Azinphos methyl oxon:-NH3+CO2",328.999171,328.99948,8.48,12867,0.939212093077456,2.87,328.99899,8.48,13362
"20",961,"Azinphos methyl oxon","C10H12N3O4PS",302.03589,5.61,"-O2+H2+C2H4",-1.94288,"Reductive amination+Addition of C2H4","Two-reaction","Azinphos methyl oxon:-O2+H2+C2H4",300.09301,300.09241,5.256,11443,1.99938012558146,-0.354,300.09344,5.279,11530
"21",975,"Azinphos methyl oxon","C10H12N3O4PS",302.03589,5.61,"-CH2+H2",-12,"Demethylation+Hydrogenation","Two-reaction","Azinphos methyl oxon:-CH2+H2",290.03589,290.03568,6.389,10951,0.724048323748457,0.779,290.0365,6.381,10891
"22",998,"Azinphos methyl oxon","C10H12N3O4PS",302.03589,5.61,"-C2H2O+NH",-26.999666,"Deacetylation+Addition of NH","Two-reaction","Azinphos methyl oxon:-C2H2O+NH",275.036224,275.03741,5.733,10225,4.31215925949572,0.122999999999999,275.03815,5.733,10014
"23",1010,"Azinphos methyl oxon","C10H12N3O4PS",302.03589,5.61,"-S+O-S+O",-31.95432,"Desulphuration+Desulphuration","Two-reaction","Azinphos methyl oxon:-S+O-S+O",270.08157,270.08228,5.732,9995,2.62883542933497,0.122,270.08301,5.733,9715
"24",1068,"Benalaxyl","C20H23NO3",326.17507,8.45,"+O",15.994915,"Oxidation","One-reaction","Benalaxyl:+O-1",342.169985,342.16891,8.025,13492,3.14171332127326,-0.424999999999999,342.17004,8.03,14190
"25",1068,"Benalaxyl","C20H23NO3",326.17507,8.45,"+O",15.994915,"Oxidation","One-reaction","Benalaxyl:+O-2",342.169985,342.16901,7.394,13493,2.84946091920549,-1.056,342.17004,7.398,14191
"26",1068,"Benalaxyl","C20H23NO3",326.17507,8.45,"+O",15.994915,"Oxidation","One-reaction","Benalaxyl:+O-3",342.169985,342.16934,7.329,13494,1.88502799279718,-1.121,342.17004,7.334,14328
"27",1068,"Benalaxyl","C20H23NO3",326.17507,8.45,"+O",15.994915,"Oxidation","One-reaction","Benalaxyl:+O-4",342.169985,342.16959,7.61,13495,1.15439698771083,-0.839999999999999,342.17004,7.611,14334
"28",1289,"Bensulfuron methyl","C16H18N4O7S",411.0969,7.28,"+C2H2O+CH2",56.026215,"Acetylation+Methylation","Two-reaction","Bensulfuron methyl:+C2H2O+CH2",467.123115,467.12415,9.17,18100,2.21568996858927,1.89,467.12415,9.168,20747
"29",1310,"Bensulfuron methyl","C16H18N4O7S",411.0969,7.28,"+O+O",31.98983,"Oxidation+Oxidation","Two-reaction","Bensulfuron methyl:+O+O",443.08673,443.0867,6.351,17401,0.0677068346892282,-0.929,443.08832,6.355,18900
"30",1333,"Bensulfuron methyl","C16H18N4O7S",411.0969,7.28,"-H2+O",13.979265,"Dehydrogenation+Oxidation","Two-reaction","Bensulfuron methyl:-H2+O",425.076165,425.0769,6.501,16845,1.72910188935231,-0.779,425.077,6.499,18899
"31",1382,"Bensulfuron methyl","C16H18N4O7S",411.0969,7.28,"-O+H2",-13.979265,"Loss of oxygen+Hydrogenation","Two-reaction","Bensulfuron methyl:-O+H2",397.117635,397.11877,6.642,15861,2.85809518375222,-0.638,397.12054,6.64,17442
"32",1402,"Bensulfuron methyl","C16H18N4O7S",411.0969,7.28,"-C2H4-NH3+O",-29.06294,"Loss of C2H4+Deamination","Two-reaction","Bensulfuron methyl:-C2H4-NH3+O",382.03396,382.03229,5.649,15296,4.3713391343274,-1.631,382.03232,5.661,16083
"33",1409,"Bensulfuron methyl","C16H18N4O7S",411.0969,7.28,"-NH3-CH2",-31.042199,"Loss of ammonia+Demethylation","Two-reaction","Bensulfuron methyl:-NH3-CH2-1",380.054701,380.05313,7.157,15207,4.13361549239894,-0.123,380.05444,7.159,16638
"34",1409,"Bensulfuron methyl","C16H18N4O7S",411.0969,7.28,"-NH3-CH2",-31.042199,"Loss of ammonia+Demethylation","Two-reaction","Bensulfuron methyl:-NH3-CH2-2",380.054701,380.05328,7.226,15208,3.73893546458276,-0.0540000000000003,380.05444,7.223,16520
"35",1469,"Bensulide","C14H24NO4PS3",398.06778,8.19,"+NH",15.010899,"Addition of NH","One-reaction","Bensulide:+NH",413.078679,413.07864,8.11,16464,0.0944130065236829,-0.0800000000000001,413.07864,8.115,18319
"36",1476,"Bensulide","C14H24NO4PS3",398.06778,8.19,"-S+O",-15.97716,"Desulphuration","One-reaction","Bensulide:-S+O",382.09062,382.08902,7.162,15298,4.18748829792333,-1.028,382.09073,7.159,16638
"37",1481,"Bensulide","C14H24NO4PS3",398.06778,8.19,"-C2H4",-28.0313,"Loss of C2H4","One-reaction","Bensulide:-C2H4",370.03648,370.03503,4.442,14775,3.91853257272656,-3.748,370.03473,4.494,17764
"38",1563,"Bensulide","C14H24NO4PS3",398.06778,8.19,"-S+O+NH3",1.049389,"Desulphuration+Addition of ammonia","Two-reaction","Bensulide:-S+O+NH3-1",399.117169,399.11548,6.636,15937,4.2318399988424,-1.554,399.11566,6.64,17550
"39",1563,"Bensulide","C14H24NO4PS3",398.06778,8.19,"-S+O+NH3",1.049389,"Desulphuration+Addition of ammonia","Two-reaction","Bensulide:-S+O+NH3-2",399.117169,399.116,7.157,15938,2.92896445155036,-1.033,399.11566,7.159,17551
"40",1636,"Bensulide","C14H24NO4PS3",398.06778,8.19,"-C2H4-CH2",-42.04695,"Loss of C2H4+Demethylation","Two-reaction","Bensulide:-C2H4-CH2",356.02083,356.02097,5.59,14156,0.393235418241103,-2.6,356.02087,5.58,15067
"41",1671,"Bensulide","C14H24NO4PS3",398.06778,8.19,"-C2H2O-C2H2O",-84.02113,"Deacetylation+Deacetylation","Two-reaction","Bensulide:-C2H2O-C2H2O",314.04665,314.0451,6.351,12154,4.93557246991433,-1.839,314.04626,6.355,12161
"42",1672,"Bensulide","C14H24NO4PS3",398.06778,8.19,"-CO2-C2H2O",-86.000395,"Loss of CO2+Deacetylation","Two-reaction","Bensulide:-CO2-C2H2O",312.067385,312.06653,4.989,12057,2.73979288159633,-3.201,312.06741,5.015,12295
"43",1821,"Boscalid","C18H12Cl2N2O",343.03995,7.65,"-CO2+NH",-28.978931,"Loss of CO2+Addition of NH","Two-reaction","Boscalid:-CO2+NH",314.061019,314.06219,4.605,12157,3.72857479647726,-3.045,314.06342,4.612,12406
"44",1867,"Boscalid","C18H12Cl2N2O",343.03995,7.65,"-O2+H2-O2+H2",-59.94836,"Reductive amination+Reductive amination","Two-reaction","Boscalid:-O2+H2-O2+H2",283.09159,283.09262,3.993,10609,3.63839844205297,-3.657,283.09241,3.932,10486
"45",2042,"Bromfenvinphos ethyl","C12H14BrCl2O4P",402.92629,8.54,"-Cl+H+H2",-31.9454,"Dechlorination+Hydrogenation","Two-reaction","Bromfenvinphos ethyl:-Cl+H+H2",370.98089,370.98199,8.688,14817,2.96511230001118,0.148000000000001,370.98318,8.696,15967
"46",2129,"Bromuconazole, cis-","C13H12BrCl2N3O",375.96136,8.39,"+O",15.994915,"Oxidation","One-reaction","Bromuconazole, cis-:+O-1",391.956275,391.95511,7.305,15674,2.97227031258656,-1.085,391.95657,7.299,17145
"47",2129,"Bromuconazole, cis-","C13H12BrCl2N3O",375.96136,8.39,"+O",15.994915,"Oxidation","One-reaction","Bromuconazole, cis-:+O-2",391.956275,391.95529,8.008,15675,2.5130354145095,-0.382000000000001,391.95657,8.004,16994
"48",2162,"Bromuconazole, cis-","C13H12BrCl2N3O",375.96136,8.39,"+C2H4+C2H4",56.0626,"Addition of C2H4+Addition of C2H4","Two-reaction","Bromuconazole, cis-:+C2H4+C2H4-1",432.02396,432.02209,7.739,17059,4.32846363427785,-0.651000000000001,432.02194,7.747,19210
"49",2162,"Bromuconazole, cis-","C13H12BrCl2N3O",375.96136,8.39,"+C2H4+C2H4",56.0626,"Addition of C2H4+Addition of C2H4","Two-reaction","Bromuconazole, cis-:+C2H4+C2H4-2",432.02396,432.02286,7.997,17060,2.54615507901019,-0.393000000000001,432.02298,7.997,19211
"50",2247,"Bromuconazole, cis-","C13H12BrCl2N3O",375.96136,8.39,"-CO+NH",-12.984016,"Loss of CO+Addition of NH","Two-reaction","Bromuconazole, cis-:-CO+NH",362.977344,362.97903,7.062,14488,4.64491800349532,-1.328,362.98038,7.065,15529
"51",2268,"Bromuconazole, cis-","C13H12BrCl2N3O",375.96136,8.39,"-CO2+NH3",-26.963281,"Loss of CO2+Addition of ammonia","Two-reaction","Bromuconazole, cis-:-CO2+NH3",348.998079,348.9996,8.685,13819,4.35819017779852,0.295,349.00092,8.696,14634
"52",2271,"Bromuconazole, cis-","C13H12BrCl2N3O",375.96136,8.39,"-CO2+NH",-28.978931,"Loss of CO2+Addition of NH","Two-reaction","Bromuconazole, cis-:-CO2+NH",346.982429,346.9837,8.545,13714,3.66300969082865,0.154999999999999,346.98419,8.546,14507
"53",2289,"Bromuconazole, cis-","C13H12BrCl2N3O",375.96136,8.39,"-Br+H+C2H2O",-35.899975,"Debromination+Acetylation","Two-reaction","Bromuconazole, cis-:-Br+H+C2H2O",340.061385,340.06058,8.199,13398,2.36721967111053,-0.191000000000001,340.06052,8.206,14073
"54",2327,"Bromuconazole, cis-","C13H12BrCl2N3O",375.96136,8.39,"-Br+H+O",-61.915625,"Debromination+Oxidation","Two-reaction","Bromuconazole, cis-:-Br+H+O",314.045735,314.0451,6.351,12154,2.02199848371892,-2.039,314.04626,6.355,12161
"55",2332,"Bromuconazole, cis-","C13H12BrCl2N3O",375.96136,8.39,"-Br+H+CH2",-63.89489,"Debromination+Methylation","Two-reaction","Bromuconazole, cis-:-Br+H+CH2",312.06647,312.06653,4.989,12057,0.192266730927693,-3.401,312.06741,5.015,12295
"56",2366,"Bromuconazole, trans-","C13H12BrCl2N3O",375.96136,7.93,"+O",15.994915,"Oxidation","One-reaction","Bromuconazole, trans-:+O-1",391.956275,391.95511,7.305,15674,2.97227031258656,-0.625,391.95657,7.299,17145
"57",2366,"Bromuconazole, trans-","C13H12BrCl2N3O",375.96136,7.93,"+O",15.994915,"Oxidation","One-reaction","Bromuconazole, trans-:+O-2",391.956275,391.95529,8.008,15675,2.5130354145095,0.0779999999999994,391.95657,8.004,16994
"58",2399,"Bromuconazole, trans-","C13H12BrCl2N3O",375.96136,7.93,"+C2H4+C2H4",56.0626,"Addition of C2H4+Addition of C2H4","Two-reaction","Bromuconazole, trans-:+C2H4+C2H4-1",432.02396,432.02209,7.739,17059,4.32846363427785,-0.191,432.02194,7.747,19210
"59",2399,"Bromuconazole, trans-","C13H12BrCl2N3O",375.96136,7.93,"+C2H4+C2H4",56.0626,"Addition of C2H4+Addition of C2H4","Two-reaction","Bromuconazole, trans-:+C2H4+C2H4-2",432.02396,432.02286,7.997,17060,2.54615507901019,0.0670000000000002,432.02298,7.997,19211
"60",2484,"Bromuconazole, trans-","C13H12BrCl2N3O",375.96136,7.93,"-CO+NH",-12.984016,"Loss of CO+Addition of NH","Two-reaction","Bromuconazole, trans-:-CO+NH",362.977344,362.97903,7.062,14488,4.64491800349532,-0.867999999999999,362.98038,7.065,15529
"61",2505,"Bromuconazole, trans-","C13H12BrCl2N3O",375.96136,7.93,"-CO2+NH3",-26.963281,"Loss of CO2+Addition of ammonia","Two-reaction","Bromuconazole, trans-:-CO2+NH3",348.998079,348.9996,8.685,13819,4.35819017779852,0.755000000000001,349.00092,8.696,14634
"62",2508,"Bromuconazole, trans-","C13H12BrCl2N3O",375.96136,7.93,"-CO2+NH",-28.978931,"Loss of CO2+Addition of NH","Two-reaction","Bromuconazole, trans-:-CO2+NH",346.982429,346.9837,8.545,13714,3.66300969082865,0.615,346.98419,8.546,14507
"63",2526,"Bromuconazole, trans-","C13H12BrCl2N3O",375.96136,7.93,"-Br+H+C2H2O",-35.899975,"Debromination+Acetylation","Two-reaction","Bromuconazole, trans-:-Br+H+C2H2O",340.061385,340.06058,8.199,13398,2.36721967111053,0.269,340.06052,8.206,14073
"64",2564,"Bromuconazole, trans-","C13H12BrCl2N3O",375.96136,7.93,"-Br+H+O",-61.915625,"Debromination+Oxidation","Two-reaction","Bromuconazole, trans-:-Br+H+O",314.045735,314.0451,6.351,12154,2.02199848371892,-1.579,314.04626,6.355,12161
"65",2569,"Bromuconazole, trans-","C13H12BrCl2N3O",375.96136,7.93,"-Br+H+CH2",-63.89489,"Debromination+Methylation","Two-reaction","Bromuconazole, trans-:-Br+H+CH2",312.06647,312.06653,4.989,12057,0.192266730927693,-2.941,312.06741,5.015,12295
"66",2603,"Cafenstrole","C16H22N4O3S",351.14854,7.89,"+O",15.994915,"Oxidation","One-reaction","Cafenstrole:+O-1",367.143455,367.14273,6.386,14665,1.97470495571107,-1.504,367.14432,6.381,15778
"67",2603,"Cafenstrole","C16H22N4O3S",351.14854,7.89,"+O",15.994915,"Oxidation","One-reaction","Cafenstrole:+O-2",367.143455,367.14288,6.91,14667,1.56614530967519,-0.98,367.14432,6.923,15779
"68",2654,"Cafenstrole","C16H22N4O3S",351.14854,7.89,"+H2O+NH",33.021464,"Addition of water+Addition of NH","Two-reaction","Cafenstrole:+H2O+NH",384.170004,384.16986,6.384,15375,0.374834053877604,-1.506,384.16962,6.381,16730
"69",2731,"Cafenstrole","C16H22N4O3S",351.14854,7.89,"-CH2-NH3+O",-15.04729,"Demethylation+Deamination","Two-reaction","Cafenstrole:-CH2-NH3+O",336.10125,336.10193,7.055,13195,2.02319985417629,-0.835,336.10312,7.065,13820
"70",2738,"Cafenstrole","C16H22N4O3S",351.14854,7.89,"-NH3-H2",-19.042199,"Loss of ammonia+Dehydrogenation","Two-reaction","Cafenstrole:-NH3-H2",332.106341,332.10709,8.444,13011,2.25530171386168,0.554000000000001,332.10721,8.446,13575
"71",2815,"Carbophenothion","C11H16ClO2PS3",342.98113,9.47,"+O",15.994915,"Oxidation","One-reaction","Carbophenothion:+O",358.976045,358.97559,8.309,14292,1.26749404681893,-1.161,358.97565,8.312,15233
"72",2818,"Carbophenothion","C11H16ClO2PS3",342.98113,9.47,"+H2",2.01565,"Hydrogenation","One-reaction","Carbophenothion:+H2",344.99678,344.99509,7.082,13637,4.89859644486078,-2.388,344.99667,7.079,14393
"73",2870,"Carbophenothion","C11H16ClO2PS3",342.98113,9.47,"+O+O",31.98983,"Oxidation+Oxidation","Two-reaction","Carbophenothion:+O+O",374.97096,374.97156,8.356,14984,1.60012391364899,-1.114,374.97076,8.36,16179
"74",2918,"Carbophenothion","C11H16ClO2PS3",342.98113,9.47,"-S+O+O",0.017755,"Desulphuration+Oxidation","Two-reaction","Carbophenothion:-S+O+O",342.998885,342.9975,7.083,13540,4.03791400071362,-2.387,342.99915,7.086,14240
"75",2999,"Carbophenothion","C11H16ClO2PS3",342.98113,9.47,"-CO-S+O",-43.972075,"Loss of CO+Desulphuration","Two-reaction","Carbophenothion:-CO-S+O-1",299.009055,299.00916,5.256,11387,0.351159933999716,-4.214,299.0101,5.279,11530
"76",2999,"Carbophenothion","C11H16ClO2PS3",342.98113,9.47,"-CO-S+O",-43.972075,"Loss of CO+Desulphuration","Two-reaction","Carbophenothion:-CO-S+O-2",299.009055,299.00931,3.805,11388,0.852816982543582,-5.665,299.0101,3.823,10489
"77",3002,"Carbophenothion","C11H16ClO2PS3",342.98113,9.47,"-O2+H2-NH",-44.985079,"Reductive amination+Loss of NH","Two-reaction","Carbophenothion:-O2+H2-NH",297.996051,297.99625,7.157,11337,0.667794084131406,-2.313,297.99695,7.159,11398
"78",3003,"Carbophenothion","C11H16ClO2PS3",342.98113,9.47,"-CO2-NH3+O",-45.02147,"Loss of CO2+Deamination","Two-reaction","Carbophenothion:-CO2-NH3+O",297.95966,297.95834,8.107,11331,4.43012990404217,-1.363,297.95901,8.102,11395
"79",3006,"Carbophenothion","C11H16ClO2PS3",342.98113,9.47,"-O2+H2-O",-45.969095,"Reductive amination+Loss of oxygen","Two-reaction","Carbophenothion:-O2+H2-O-1",297.012035,297.01285,5.255,11288,2.74399655215549,-4.215,297.01273,5.279,11530
"80",3006,"Carbophenothion","C11H16ClO2PS3",342.98113,9.47,"-O2+H2-O",-45.969095,"Reductive amination+Loss of oxygen","Two-reaction","Carbophenothion:-O2+H2-O-2",297.012035,297.01288,3.802,11289,2.84500256014806,-5.668,297.01273,3.785,10489
"81",3034,"Carbophenothion","C11H16ClO2PS3",342.98113,9.47,"-Cl+H-O2+H2",-63.93523,"Dechlorination+Reductive amination","Two-reaction","Carbophenothion:-Cl+H-O2+H2",279.0459,279.04483,4.867,10416,3.83449461191508,-4.603,279.04456,4.869,10230
"82",3055,"Chlorthiophos","C11H15Cl2O3PS2",360.965,9.5,"+H2",2.01565,"Hydrogenation","One-reaction","Chlorthiophos:+H2",362.98065,362.97903,7.062,14488,4.46304782363087,-2.438,362.98038,7.065,15529
"83",3060,"Chlorthiophos","C11H15Cl2O3PS2",360.965,9.5,"-S+O",-15.97716,"Desulphuration","One-reaction","Chlorthiophos:-S+O",344.98784,344.98718,8.545,13634,1.913110908437,-0.955,344.98672,8.546,14381
"84",3104,"Chlorthiophos","C11H15Cl2O3PS2",360.965,9.5,"+H2O+NH",33.021464,"Addition of water+Addition of NH","Two-reaction","Chlorthiophos:+H2O+NH",393.986464,393.9852,8.44,15750,3.20823204726124,-1.06,393.98618,8.44,17264
"85",3150,"Chlorthiophos","C11H15Cl2O3PS2",360.965,9.5,"-S+O+NH3",1.049389,"Desulphuration+Addition of ammonia","Two-reaction","Chlorthiophos:-S+O+NH3",362.014389,362.01309,8.543,14443,3.58825516191639,-0.957000000000001,362.01373,8.546,15452
"86",3155,"Chlorthiophos","C11H15Cl2O3PS2",360.965,9.5,"-S+O+O",0.017755,"Desulphuration+Oxidation","Two-reaction","Chlorthiophos:-S+O+O",360.982755,360.98108,7.06,14404,4.64011085509457,-2.44,360.98218,7.065,15401
"87",3177,"Chlorthiophos","C11H15Cl2O3PS2",360.965,9.5,"-C2H4+O",-12.036385,"Loss of C2H4+Oxidation","Two-reaction","Chlorthiophos:-C2H4+O",348.928615,348.9288,5.377,13816,0.530194406797249,-4.123,348.92831,5.374,14628
"88",3192,"Chlorthiophos","C11H15Cl2O3PS2",360.965,9.5,"-Cl+H+O",-17.966135,"Dechlorination+Oxidation","Two-reaction","Chlorthiophos:-Cl+H+O",342.998865,342.9975,7.083,13540,3.97960500546016,-2.417,342.99915,7.086,14240
"89",3268,"Chlorthiophos","C11H15Cl2O3PS2",360.965,9.5,"-Cl+H-CO",-61.955965,"Dechlorination+Loss of CO","Two-reaction","Chlorthiophos:-Cl+H-CO-1",299.009035,299.00916,5.256,11387,0.418047568447107,-4.244,299.0101,5.279,11530
"90",3268,"Chlorthiophos","C11H15Cl2O3PS2",360.965,9.5,"-Cl+H-CO",-61.955965,"Dechlorination+Loss of CO","Two-reaction","Chlorthiophos:-Cl+H-CO-2",299.009035,299.00931,3.805,11388,0.919704650545614,-5.695,299.0101,3.823,10489
"91",3289,"Chlortoluron","C10H13ClN2O",213.07892,6.83,"+O",15.994915,"Oxidation","One-reaction","Chlortoluron:+O",229.073835,229.07368,4.709,8032,0.676637731264972,-2.121,229.07407,4.721,7337
"92",3295,"Chlortoluron","C10H13ClN2O",213.07892,6.83,"-CH2",-14.01565,"Demethylation","One-reaction","Chlortoluron:-CH2",199.06327,199.06313,6.637,6604,0.703293982800516,-0.193000000000001,199.06364,6.64,5450
"93",3296,"Chlortoluron","C10H13ClN2O",213.07892,6.83,"-NH",-15.010899,"Loss of NH","One-reaction","Chlortoluron:-NH",198.068021,198.06789,7.627,6548,0.661388947698405,0.797,198.06808,7.631,5396
"94",3311,"Chlortoluron","C10H13ClN2O",213.07892,6.83,"+C2H2O+C2H4",70.041865,"Acetylation+Addition of C2H4","Two-reaction","Chlortoluron:+C2H2O+C2H4",283.120785,283.12192,6.392,10619,4.00888970400591,-0.438,283.12277,6.397,10497
"95",3312,"Chlortoluron","C10H13ClN2O",213.07892,6.83,"+C2H2O+CO",70.00548,"Acetylation+Addition of CO","Two-reaction","Chlortoluron:+C2H2O+CO",283.0844,283.08356,7.012,10608,2.96731292872109,0.181999999999999,283.08344,7.012,10318
"96",3414,"Chlortoluron","C10H13ClN2O",213.07892,6.83,"-CH2-H2",-16.0313,"Demethylation+Dehydrogenation","Two-reaction","Chlortoluron:-CH2-H2",197.04762,197.04756,6.712,6490,0.304494923565294,-0.118,197.04781,6.707,5331
"97",3514,"Clethodim","C17H26ClNO3S",360.13947,8.9,"-C2H4",-28.0313,"Loss of C2H4","One-reaction","Clethodim:-C2H4",332.10817,332.10709,8.444,13011,3.25195251879803,-0.456,332.10721,8.446,13575
"98",3635,"Clethodim","C17H26ClNO3S",360.13947,8.9,"-Cl+H+H2O",-15.950485,"Dechlorination+Addition of water","Two-reaction","Clethodim:-Cl+H+H2O",344.188985,344.18811,7.325,13601,2.54220802565117,-1.575,344.18896,7.323,14328
"99",3675,"Clethodim","C17H26ClNO3S",360.13947,8.9,"-NH3-NH3",-34.053098,"Loss of ammonia+Loss of ammonia","Two-reaction","Clethodim:-NH3-NH3",326.086372,326.08496,6.144,12731,4.33014109513088,-2.756,326.08621,6.135,11926
"100",3857,"Clethodim sulfoxide","C17H26ClNO4S",376.13438,7.24,"-CO+H2O",-9.98435,"Loss of CO+Addition of water","Two-reaction","Clethodim sulfoxide:-CO+H2O",366.15003,366.14859,9.07,14630,3.93281409809615,1.83,366.14853,9.066,16073
"101",3902,"Clethodim sulfoxide","C17H26ClNO4S",376.13438,7.24,"-Cl+H+H2",-31.9454,"Dechlorination+Hydrogenation","Two-reaction","Clethodim sulfoxide:-Cl+H+H2",344.18898,344.18811,7.325,13601,2.52768115940364,0.085,344.18896,7.323,14328
"102",3924,"Clethodim sulfoxide","C17H26ClNO4S",376.13438,7.24,"-C2H2O-H2",-44.026215,"Deacetylation+Dehydrogenation","Two-reaction","Clethodim sulfoxide:-C2H2O-H2",332.108165,332.10709,8.444,13011,3.23689723183267,1.204,332.10721,8.446,13575
"103",3960,"Clethodim sulfoxide","C17H26ClNO4S",376.13438,7.24,"-C2H2O-C2H4",-70.041865,"Deacetylation+Loss of C2H4","Two-reaction","Clethodim sulfoxide:-C2H2O-C2H4-1",306.092515,306.09296,1.045,11756,1.45380882643717,-6.195,306.09418,1.05,11919
"104",3960,"Clethodim sulfoxide","C17H26ClNO4S",376.13438,7.24,"-C2H2O-C2H4",-70.041865,"Deacetylation+Loss of C2H4","Two-reaction","Clethodim sulfoxide:-C2H2O-C2H4-2",306.092515,306.09308,1.342,11757,1.84584716158315,-5.898,306.09418,1.391,11920
"105",3964,"Clethodim sulfoxide","C17H26ClNO4S",376.13438,7.24,"-C2H2O-Cl+H",-75.971615,"Deacetylation+Dechlorination","Two-reaction","Clethodim sulfoxide:-C2H2O-Cl+H",300.162765,300.1629,8.607,11451,0.449755984891125,1.367,300.16339,8.611,11544
"106",3975,"Crufomate","C12H19ClNO3P",292.08638,8.22,"+O",15.994915,"Oxidation","One-reaction","Crufomate:+O",308.081295,308.08047,6.757,11855,2.67786462018177,-1.463,308.08139,6.753,12029
"107",3977,"Crufomate","C12H19ClNO3P",292.08638,8.22,"+CH2",14.01565,"Methylation","One-reaction","Crufomate:+CH2-1",306.10203,306.10321,7.793,11760,3.85492379771753,-0.427,306.10318,7.798,12470
"108",3977,"Crufomate","C12H19ClNO3P",292.08638,8.22,"+CH2",14.01565,"Methylation","One-reaction","Crufomate:+CH2-2",306.10203,306.10339,7.923,11761,4.44296302111076,-0.297000000000001,306.10349,7.939,11924
"109",3977,"Crufomate","C12H19ClNO3P",292.08638,8.22,"+CH2",14.01565,"Methylation","One-reaction","Crufomate:+CH2-3",306.10203,306.10352,4.5,11762,4.86765801582491,-3.72,306.10349,4.496,10698
"110",3980,"Crufomate","C12H19ClNO3P",292.08638,8.22,"-H2",-2.01565,"Dehydrogenation","One-reaction","Crufomate:-H2",290.07073,290.07001,7.599,10958,2.48215323207951,-0.621,290.07123,7.609,10898
"111",4020,"Crufomate","C12H19ClNO3P",292.08638,8.22,"-NH3+O+C2H2O",40.978925,"Deamination+Acetylation","Two-reaction","Crufomate:-NH3+O+C2H2O",333.065305,333.06674,6.499,13059,4.30846437144844,-1.721,333.06653,6.499,13895
"112",4026,"Crufomate","C12H19ClNO3P",292.08638,8.22,"+H2O+NH",33.021464,"Addition of water+Addition of NH","Two-reaction","Crufomate:+H2O+NH",325.107844,325.10806,6.757,12679,0.664394920053318,-1.463,325.10782,6.753,13107
"113",4046,"Crufomate","C12H19ClNO3P",292.08638,8.22,"-NH3+O+H2O",16.978925,"Deamination+Addition of water","Two-reaction","Crufomate:-NH3+O+H2O",309.065305,309.06674,7.361,11905,4.64303167241017,-0.859000000000001,309.06757,7.367,12099
"114",4061,"Crufomate","C12H19ClNO3P",292.08638,8.22,"-Cl+H+C2H2O",8.049515,"Dechlorination+Acetylation","Two-reaction","Crufomate:-Cl+H+C2H2O-1",300.135895,300.13562,6.878,11446,0.916251619913082,-1.342,300.13614,6.88,11539
"115",4061,"Crufomate","C12H19ClNO3P",292.08638,8.22,"-Cl+H+C2H2O",8.049515,"Dechlorination+Acetylation","Two-reaction","Crufomate:-Cl+H+C2H2O-2",300.135895,300.13568,7.035,11447,0.716342175685489,-1.185,300.13614,7.03,11540
"116",4165,"Crufomate","C12H19ClNO3P",292.08638,8.22,"-CO2-NH3",-61.016379,"Loss of CO2+Loss of ammonia","Two-reaction","Crufomate:-CO2-NH3",231.070001,231.07092,4.709,8114,3.97714976428432,-3.511,231.07135,4.721,7463
"117",4194,"Cyhalothrin iso 1","C23H19ClF3NO3",467.13438,9.52,"-NH",-15.010899,"Loss of NH","One-reaction","Cyhalothrin iso 1:-NH",452.123481,452.12411,9.136,17656,1.39121285750408,-0.384,452.12451,9.141,20121
"118",4235,"Cyhalothrin iso 1","C23H19ClF3NO3",467.13438,9.52,"+H2O+H2O",36.02113,"Addition of water+Addition of water","Two-reaction","Cyhalothrin iso 1:+H2O+H2O",503.15551,503.15329,6.392,18948,4.41215480272827,-3.128,503.15344,6.397,21974
"119",4264,"Cyhalothrin iso 1","C23H19ClF3NO3",467.13438,9.52,"-NH3+O+O",14.963275,"Deamination+Oxidation","Two-reaction","Cyhalothrin iso 1:-NH3+O+O",482.097655,482.09885,5.663,18456,2.47875090795134,-3.857,482.09915,5.661,21283
"120",4431,"Cyhalothrin iso 2","C23H19ClF3NO3",467.13438,9.52,"-NH",-15.010899,"Loss of NH","One-reaction","Cyhalothrin iso 2:-NH",452.123481,452.12411,9.136,17656,1.39121285750408,-0.384,452.12451,9.141,20121
"121",4472,"Cyhalothrin iso 2","C23H19ClF3NO3",467.13438,9.52,"+H2O+H2O",36.02113,"Addition of water+Addition of water","Two-reaction","Cyhalothrin iso 2:+H2O+H2O",503.15551,503.15329,6.392,18948,4.41215480272827,-3.128,503.15344,6.397,21974
"122",4501,"Cyhalothrin iso 2","C23H19ClF3NO3",467.13438,9.52,"-NH3+O+O",14.963275,"Deamination+Oxidation","Two-reaction","Cyhalothrin iso 2:-NH3+O+O",482.097655,482.09885,5.663,18456,2.47875090795134,-3.857,482.09915,5.661,21283
"123",4899,"Diafenthiuron","C23H32N2OS",385.23081,9.48,"+H2O+O",34.00548,"Addition of water+Oxidation","Two-reaction","Diafenthiuron:+H2O+O",419.23629,419.23633,10.068,16674,0.0954115876101674,0.587999999999999,419.23627,10.073,18610
"124",4903,"Diafenthiuron","C23H32N2OS",385.23081,9.48,"+O+O",31.98983,"Oxidation+Oxidation","Two-reaction","Diafenthiuron:+O+O",417.22064,417.21994,7.719,16619,1.67776934524336,-1.761,417.22144,7.72,18531
"125",5058,"Diamidafos","C8H13N2O2P",201.07874,4.83,"+CO",27.994915,"Addition of CO","One-reaction","Diamidafos:+CO",229.073655,229.07368,4.709,8032,0.109135203669425,-0.121,229.07407,4.721,7337
"126",5066,"Diamidafos","C8H13N2O2P",201.07874,4.83,"-H2",-2.01565,"Dehydrogenation","One-reaction","Diamidafos:-H2",199.06309,199.06313,6.637,6604,0.20094131972279,1.807,199.06364,6.64,5450
"127",5161,"Diamidafos","C8H13N2O2P",201.07874,4.83,"-NH3+CH2",-3.010899,"Loss of ammonia+Methylation","Two-reaction","Diamidafos:-NH3+CH2",198.067841,198.06789,7.627,6548,0.247389984012576,2.797,198.06808,7.631,5396
"128",5164,"Diamidafos","C8H13N2O2P",201.07874,4.83,"-H2-H2",-4.0313,"Dehydrogenation+Dehydrogenation","Two-reaction","Diamidafos:-H2-H2",197.04744,197.04756,6.712,6490,0.608990403578285,1.882,197.04781,6.707,5331
"129",5224,"Diamidafos","C8H13N2O2P",201.07874,4.83,"-C2H4-C2H4",-56.0626,"Loss of C2H4+Loss of C2H4","Two-reaction","Diamidafos:-C2H4-C2H4",145.01614,145.01622,1.607,4006,0.551662732141204,-3.223,145.0164,1.589,2213
"130",5229,"Diamidafos","C8H13N2O2P",201.07874,4.83,"-C2H2O-NH3",-59.037114,"Deacetylation+Loss of ammonia","Two-reaction","Diamidafos:-C2H2O-NH3",142.041626,142.0415,6.642,3844,0.887063908959472,1.812,142.04208,6.64,2029
"131",5463,"Dimethachlor","C13H18ClNO2",256.10988,7.21,"+CH2",14.01565,"Methylation","One-reaction","Dimethachlor:+CH2",270.12553,270.12512,7.289,10000,1.51781284814092,0.0789999999999997,270.12552,7.292,9718
"132",5500,"Dimethachlor","C13H18ClNO2",256.10988,7.21,"+C2H2O+H2",44.026215,"Acetylation+Hydrogenation","Two-reaction","Dimethachlor:+C2H2O+H2-1",300.136095,300.13562,6.878,11446,1.58261537984777,-0.332,300.13614,6.88,11539
"133",5500,"Dimethachlor","C13H18ClNO2",256.10988,7.21,"+C2H2O+H2",44.026215,"Acetylation+Hydrogenation","Two-reaction","Dimethachlor:+C2H2O+H2-2",300.136095,300.13568,7.035,11447,1.38270606883271,-0.175,300.13614,7.03,11540
"134",5526,"Dimethachlor","C13H18ClNO2",256.10988,7.21,"-H2+C2H4",26.01565,"Dehydrogenation+Addition of C2H4","Two-reaction","Dimethachlor:-H2+C2H4",282.12553,282.12469,6.878,10573,2.97739803994078,-0.332,282.12561,6.88,11539
"135",5679,"Diuron","C9H10Cl2N2O",233.02429,7.14,"-CH2",-14.01565,"Demethylation","One-reaction","Diuron:-CH2-1",219.00864,219.00789,6.701,7568,3.42452242984882,-0.439,219.00858,6.701,6711
"136",5679,"Diuron","C9H10Cl2N2O",233.02429,7.14,"-CH2",-14.01565,"Demethylation","One-reaction","Diuron:-CH2-2",219.00864,219.00812,6.993,7569,2.37433555143279,-0.146999999999999,219.00858,6.999,6709
"137",5685,"Diuron","C9H10Cl2N2O",233.02429,7.14,"-C2H4",-28.0313,"Loss of C2H4","One-reaction","Diuron:-C2H4",204.99299,204.99261,6.681,6888,1.85372192472781,-0.459,204.99306,6.701,5806
"138",5687,"Diuron","C9H10Cl2N2O",233.02429,7.14,"-Cl+H",-33.96105,"Dechlorination","One-reaction","Diuron:-Cl+H",199.06324,199.06313,6.637,6604,0.552588212703128,-0.503,199.06364,6.64,5450
"139",5798,"Diuron","C9H10Cl2N2O",233.02429,7.14,"-CH2-H2",-16.0313,"Demethylation+Dehydrogenation","Two-reaction","Diuron:-CH2-H2-1",216.99299,216.99216,6.846,7469,3.82500835616504,-0.294,216.99222,6.834,6581
"140",5798,"Diuron","C9H10Cl2N2O",233.02429,7.14,"-CH2-H2",-16.0313,"Demethylation+Dehydrogenation","Two-reaction","Diuron:-CH2-H2-2",216.99299,216.99339,7.067,7470,1.8433775211507,-0.0729999999999995,216.9938,7.068,6582
"141",5831,"Diuron","C9H10Cl2N2O",233.02429,7.14,"-Cl+H-H2",-35.9767,"Dechlorination+Dehydrogenation","Two-reaction","Diuron:-Cl+H-H2",197.04759,197.04756,6.712,6490,0.152247485034059,-0.428,197.04781,6.707,5331
"142",5862,"Diuron","C9H10Cl2N2O",233.02429,7.14,"-C2H2O-H2O",-60.02113,"Deacetylation+Loss of water","Two-reaction","Diuron:-C2H2O-H2O",173.00316,173.00305,0.998,5313,0.635826536385195,-6.142,173.00374,0.998,3885
"143",5883,"Ethaboxam","C14H16N4OS2",321.08383,6.53,"+H2O",18.010565,"Addition of water","One-reaction","Ethaboxam:+H2O",339.094395,339.09433,5.458,13344,0.191687037488252,-1.072,339.09421,5.411,14628
"144",5898,"Ethaboxam","C14H16N4OS2",321.08383,6.53,"-C2H4",-28.0313,"Loss of C2H4","One-reaction","Ethaboxam:-C2H4",293.05253,293.05231,5.552,11102,0.75071865106569,-0.978000000000001,293.05322,5.567,12050
"145",5901,"Ethaboxam","C14H16N4OS2",321.08383,6.53,"-CO2",-43.98983,"Loss of CO2","One-reaction","Ethaboxam:-CO2",277.094,277.09464,7.176,10319,2.30968552199836,0.646,277.09445,7.176,10121
"146",5977,"Ethaboxam","C14H16N4OS2",321.08383,6.53,"-NH+H2O",2.999666,"Loss of NH+Addition of water","Two-reaction","Ethaboxam:-NH+H2O-1",324.083496,324.08188,7.057,12620,4.98636931518635,0.527,324.0816,7.065,13820
"147",5977,"Ethaboxam","C14H16N4OS2",321.08383,6.53,"-NH+H2O",2.999666,"Loss of NH+Addition of water","Two-reaction","Ethaboxam:-NH+H2O-2",324.083496,324.08307,5.957,12622,1.3144760694771,-0.573,324.0816,5.956,13084
"148",5983,"Ethaboxam","C14H16N4OS2",321.08383,6.53,"-NH+O",0.984016,"Loss of NH+Oxidation","Two-reaction","Ethaboxam:-NH+O",322.067846,322.06689,5.467,12527,2.96831866902279,-1.063,322.06796,5.506,11663
"149",6002,"Ethaboxam","C14H16N4OS2",321.08383,6.53,"-C2H4+NH3",-11.004751,"Loss of C2H4+Addition of ammonia","Two-reaction","Ethaboxam:-C2H4+NH3",310.079079,310.07812,6.757,11958,3.0927594440068,0.226999999999999,310.07901,6.753,12163
"150",6115,"Ethidimuron","C7H12N4O3S2",265.04236,4.31,"+CO2+C2H2O",86.000395,"Addition of CO2+Acetylation","Two-reaction","Ethidimuron:+CO2+C2H2O",351.042755,351.04236,4.812,13927,1.12521906348958,0.502000000000001,351.04224,4.813,14753
"151",6309,"Ethiofencarb","C11H15NO2S",226.08963,6.56,"+O",15.994915,"Oxidation","One-reaction","Ethiofencarb:+O",242.084545,242.08421,4.217,8635,1.38381407197405,-2.343,242.08479,4.238,8081
"152",6502,"Ethiofencarb","C11H15NO2S",226.08963,6.56,"-CO2-S+O",-59.96699,"Loss of CO2+Desulphuration","Two-reaction","Ethiofencarb:-CO2-S+O-1",166.12264,166.12225,1.716,5001,2.34766314803137,-4.844,166.12259,1.694,3460
"153",6502,"Ethiofencarb","C11H15NO2S",226.08963,6.56,"-CO2-S+O",-59.96699,"Loss of CO2+Desulphuration","Two-reaction","Ethiofencarb:-CO2-S+O-2",166.12264,166.12225,2.34,5002,2.34766314803137,-4.22,166.12259,2.397,6965
"154",6608,"Ethiofencarb (special adduct)","C11H15NO2S",107.04914,6.56,"-H2O+C2H4",10.020735,"Loss of water+Addition of C2H4","Two-reaction","Ethiofencarb (special adduct):-H2O+C2H4-1",117.069875,117.06984,9.213,2689,0.298966749532265,2.653,117.07018,9.213,759
"155",6608,"Ethiofencarb (special adduct)","C11H15NO2S",107.04914,6.56,"-H2O+C2H4",10.020735,"Loss of water+Addition of C2H4","Two-reaction","Ethiofencarb (special adduct):-H2O+C2H4-2",117.069875,117.06984,9.454,2690,0.298966749532265,2.894,117.07018,9.46,758
"156",6608,"Ethiofencarb (special adduct)","C11H15NO2S",107.04914,6.56,"-H2O+C2H4",10.020735,"Loss of water+Addition of C2H4","Two-reaction","Ethiofencarb (special adduct):-H2O+C2H4-3",117.069875,117.07001,9.287,2691,1.15315746258564,2.727,117.07018,9.299,757
"157",6733,"Etrimfos","C10H17N2O4PS",293.07194,8.39,"+O",15.994915,"Oxidation","One-reaction","Etrimfos:+O",309.066855,309.06674,7.361,11905,0.372087780146694,-1.029,309.06757,7.367,12099
"158",6741,"Etrimfos","C10H17N2O4PS",293.07194,8.39,"-S+O",-15.97716,"Desulphuration","One-reaction","Etrimfos:-S+O",277.09478,277.09464,7.176,10319,0.505242285645347,-1.214,277.09445,7.176,10121
"159",6746,"Etrimfos","C10H17N2O4PS",293.07194,8.39,"-C2H4",-28.0313,"Loss of C2H4","One-reaction","Etrimfos:-C2H4",265.04064,265.04065,5.872,9725,0.0377300629503304,-2.518,265.04132,5.854,9391
"160",6779,"Etrimfos","C10H17N2O4PS",293.07194,8.39,"-H2+C2H2O",39.994915,"Dehydrogenation+Acetylation","Two-reaction","Etrimfos:-H2+C2H2O",333.066855,333.06674,6.499,13059,0.345276025721232,-1.891,333.06653,6.499,13895
"161",6785,"Etrimfos","C10H17N2O4PS",293.07194,8.39,"+NH3+NH",32.037448,"Addition of ammonia+Addition of NH","Two-reaction","Etrimfos:+NH3+NH",325.109388,325.10806,6.757,12679,4.08477899752585,-1.633,325.10782,6.753,13107
"162",6811,"Etrimfos","C10H17N2O4PS",293.07194,8.39,"-NH+C2H4",13.020401,"Loss of NH+Addition of C2H4","Two-reaction","Etrimfos:-NH+C2H4-1",306.092341,306.09296,1.045,11756,2.02226556210628,-7.345,306.09418,1.05,11919
"163",6811,"Etrimfos","C10H17N2O4PS",293.07194,8.39,"-NH+C2H4",13.020401,"Loss of NH+Addition of C2H4","Two-reaction","Etrimfos:-NH+C2H4-2",306.092341,306.09308,1.342,11757,2.41430412010877,-7.048,306.09418,1.391,11920
"164",6882,"Etrimfos","C10H17N2O4PS",293.07194,8.39,"-NH-NH",-30.021798,"Loss of NH+Loss of NH","Two-reaction","Etrimfos:-NH-NH",263.050142,263.05017,7.33,9634,0.106443584380008,-1.06,263.0502,7.334,9281
"165",6930,"Etrimfos","C10H17N2O4PS",293.07194,8.39,"-CO2-H2O",-62.000395,"Loss of CO2+Loss of water","Two-reaction","Etrimfos:-CO2-H2O",231.071545,231.07092,4.709,8114,2.70478998175747,-3.681,231.07135,4.721,7463
"166",7117,"Famoxadone","C22H18N2O4",392.16048,8.49,"-CO2-NH3",-61.016379,"Loss of CO2+Loss of ammonia","Two-reaction","Famoxadone:-CO2-NH3",331.144101,331.14319,7.787,12967,2.75106818216787,-0.703,331.14401,7.776,13521
"167",7293,"Fenarimol","C17H12Cl2N2O",331.03995,8.01,"-C2H2O+H2",-39.994915,"Deacetylation+Hydrogenation","Two-reaction","Fenarimol:-C2H2O+H2",291.045035,291.04453,6.583,11009,1.73512666167129,-1.427,291.04578,6.58,10961
"168",7395,"Fenpyrazamine","C17H21N3O2S",332.14272,7.83,"+H2O+O",34.00548,"Addition of water+Oxidation","Two-reaction","Fenpyrazamine:+H2O+O-1",366.1482,366.14731,6.046,14629,2.43070975077813,-1.784,366.14853,6.047,15534
"169",7395,"Fenpyrazamine","C17H21N3O2S",332.14272,7.83,"+H2O+O",34.00548,"Addition of water+Oxidation","Two-reaction","Fenpyrazamine:+H2O+O-2",366.1482,366.14859,9.07,14630,1.06514247520137,1.24,366.14853,9.066,16073
"170",7446,"Fenpyrazamine","C17H21N3O2S",332.14272,7.83,"-C2H4+CO",-0.036385,"Loss of C2H4+Addition of CO","Two-reaction","Fenpyrazamine:-C2H4+CO",332.106335,332.10709,8.444,13011,2.27336825726761,0.614000000000001,332.10721,8.446,13575
"171",7563,"Fenthion sulfoxide","C10H15O4PS2",295.02221,6.46,"-CH2",-14.01565,"Demethylation","One-reaction","Fenthion sulfoxide:-CH2",281.00656,281.00644,3.137,10509,0.427036294032589,-3.323,281.00714,3.132,10350
"172",7565,"Fenthion sulfoxide","C10H15O4PS2",295.02221,6.46,"-S+O",-15.97716,"Desulphuration","One-reaction","Fenthion sulfoxide:-S+O",279.04505,279.04483,4.867,10416,0.788403162905013,-1.593,279.04456,4.869,10230
"173",7595,"Fenthion sulfoxide","C10H15O4PS2",295.02221,6.46,"+CO+NH3",45.021464,"Addition of CO+Addition of ammonia","Two-reaction","Fenthion sulfoxide:+CO+NH3",340.043674,340.04288,7.157,13392,2.33499418073239,0.697,340.04379,7.159,14070
"174",7615,"Fenthion sulfoxide","C10H15O4PS2",295.02221,6.46,"+NH+NH",30.021798,"Addition of NH+Addition of NH","Two-reaction","Fenthion sulfoxide:+NH+NH",325.044008,325.04449,4.741,12670,1.48287612788967,-1.719,325.04556,4.741,13095
"175",7712,"Fenthion sulfoxide","C10H15O4PS2",295.02221,6.46,"-O-S+O",-31.972075,"Loss of oxygen+Desulphuration","Two-reaction","Fenthion sulfoxide:-O-S+O",263.050135,263.05017,7.33,9634,0.133054483961686,0.87,263.0502,7.334,9281
"176",7750,"Fenthion sulfoxide","C10H15O4PS2",295.02221,6.46,"-CO2-S+O",-59.96699,"Loss of CO2+Desulphuration","Two-reaction","Fenthion sulfoxide:-CO2-S+O",235.05522,235.05637,5.283,8296,4.89246739551474,-1.177,235.05704,5.279,7672
"177",8105,"Flazasulfuron","C13H12F3N5O5S",408.0584,7.21,"-CH2+O",1.979265,"Demethylation+Oxidation","Two-reaction","Flazasulfuron:-CH2+O",410.037665,410.0394,7.997,16360,4.23131860336901,0.787,410.0405,7.997,18151
"178",8148,"Flazasulfuron","C13H12F3N5O5S",408.0584,7.21,"-NH-NH3+O",-16.042539,"Loss of NH+Deamination","Two-reaction","Flazasulfuron:-NH-NH3+O",392.015861,392.01602,4.383,15679,0.405595833922931,-2.827,392.01791,4.364,17764
"179",8202,"Flazasulfuron","C13H12F3N5O5S",408.0584,7.21,"-C2H4-NH3",-45.057849,"Loss of C2H4+Loss of ammonia","Two-reaction","Flazasulfuron:-C2H4-NH3-1",363.000551,363.0004,4.746,14489,0.415977329907199,-2.464,363.00201,4.741,15531
"180",8202,"Flazasulfuron","C13H12F3N5O5S",408.0584,7.21,"-C2H4-NH3",-45.057849,"Loss of C2H4+Loss of ammonia","Two-reaction","Flazasulfuron:-C2H4-NH3-2",363.000551,363.00049,4.811,14490,0.168043821949121,-2.399,363.00201,4.813,15531
"181",8225,"Flazasulfuron","C13H12F3N5O5S",408.0584,7.21,"-C2H2O-H2O",-60.02113,"Deacetylation+Loss of water","Two-reaction","Flazasulfuron:-C2H2O-H2O",348.03727,348.03793,8.684,13759,1.89634862967108,1.474,348.0394,8.696,14564
"182",8265,"Florasulam","C12H8F3N5O3S",360.03727,5.38,"+CO2+CO",71.984745,"Addition of CO2+Addition of CO","Two-reaction","Florasulam:+CO2+CO-1",432.022015,432.02209,7.739,17059,0.173602264183628,2.359,432.02194,7.747,19210
"183",8265,"Florasulam","C12H8F3N5O3S",360.03727,5.38,"+CO2+CO",71.984745,"Addition of CO2+Addition of CO","Two-reaction","Florasulam:+CO2+CO-2",432.022015,432.02286,7.997,17060,1.95591884355659,2.617,432.02298,7.997,19211
"184",8285,"Florasulam","C12H8F3N5O3S",360.03727,5.38,"+CO+NH",43.005814,"Addition of CO+Addition of NH","Two-reaction","Florasulam:+CO+NH",403.043084,403.04272,4.35,16114,0.903129254656374,-1.03,403.04434,4.364,17764
"185",8372,"Florasulam","C12H8F3N5O3S",360.03727,5.38,"-CH2+H2",-12,"Demethylation+Hydrogenation","Two-reaction","Florasulam:-CH2+H2",348.03727,348.03793,8.684,13759,1.89634862967108,3.304,348.0394,8.696,14564
"186",8596,"Flusilazole","C16H15F2N3Si",316.10761,8.24,"-NH3+O-NH3+O",-2.06328,"Deamination+Deamination","Two-reaction","Flusilazole:-NH3+O-NH3+O",314.04433,314.0451,6.351,12154,2.45188314652461,-1.889,314.04626,6.355,12161
"187",8668,"Flusilazole","C16H15F2N3Si",316.10761,8.24,"-C2H4-CH2",-42.04695,"Loss of C2H4+Demethylation","Two-reaction","Flusilazole:-C2H4-CH2",274.06066,274.06183,6.39,10188,4.2691278638893,-1.85,274.06265,6.397,9968
"188",8713,"Hydramethylnon","C25H24F6N4",495.19779,8.78,"+C2H4",28.0313,"Addition of C2H4","One-reaction","Hydramethylnon:+C2H4-1",523.22909,523.22772,7.755,19407,2.61835594818586,-1.025,523.22784,7.753,22584
"189",8713,"Hydramethylnon","C25H24F6N4",495.19779,8.78,"+C2H4",28.0313,"Addition of C2H4","One-reaction","Hydramethylnon:+C2H4-2",523.22909,523.22833,8.148,19408,1.45251862814787,-0.632,523.22833,8.146,22588
"190",8714,"Hydramethylnon","C25H24F6N4",495.19779,8.78,"+CO",27.994915,"Addition of CO","One-reaction","Hydramethylnon:+CO-2",523.192705,523.19226,8.959,19406,0.850547027434856,0.179,523.19348,8.961,22580
"191",8721,"Hydramethylnon","C25H24F6N4",495.19779,8.78,"-NH3+O",-1.03164,"Deamination","One-reaction","Hydramethylnon:-NH3+O",494.16615,494.1683,6.774,18736,4.35076340209036,-2.006,494.17065,6.775,21703
"192",8749,"Hydramethylnon","C25H24F6N4",495.19779,8.78,"+C2H4+C2H4",56.0626,"Addition of C2H4+Addition of C2H4","Two-reaction","Hydramethylnon:+C2H4+C2H4-1",551.26039,551.25934,8.454,20011,1.90472600448853,-0.325999999999999,551.25977,8.457,23412
"193",8749,"Hydramethylnon","C25H24F6N4",495.19779,8.78,"+C2H4+C2H4",56.0626,"Addition of C2H4+Addition of C2H4","Two-reaction","Hydramethylnon:+C2H4+C2H4-2",551.26039,551.26093,8.201,20012,0.979573373666251,-0.578999999999999,551.25989,8.206,23411
"194",8760,"Hydramethylnon","C25H24F6N4",495.19779,8.78,"+C2H4+CH2",42.04695,"Addition of C2H4+Methylation","Two-reaction","Hydramethylnon:+C2H4+CH2-2",537.24474,537.24341,8.191,19723,2.47559427001368,-0.588999999999999,537.24567,8.191,23013
"195",8784,"Hydramethylnon","C25H24F6N4",495.19779,8.78,"-H2+CO",25.979265,"Dehydrogenation+Addition of CO","Two-reaction","Hydramethylnon:-H2+CO-1",521.177055,521.17572,10.499,19359,2.56150954312456,1.719,521.17682,10.513,22525
"196",8784,"Hydramethylnon","C25H24F6N4",495.19779,8.78,"-H2+CO",25.979265,"Dehydrogenation+Addition of CO","Two-reaction","Hydramethylnon:-H2+CO-2",521.177055,521.17609,10.316,19360,1.85157805911282,1.536,521.17682,10.322,22527
"197",8784,"Hydramethylnon","C25H24F6N4",495.19779,8.78,"-H2+CO",25.979265,"Dehydrogenation+Addition of CO","Two-reaction","Hydramethylnon:-H2+CO-3",521.177055,521.17621,10.112,19361,1.62133001044459,1.332,521.17682,10.118,22523
"198",8784,"Hydramethylnon","C25H24F6N4",495.19779,8.78,"-H2+CO",25.979265,"Dehydrogenation+Addition of CO","Two-reaction","Hydramethylnon:-H2+CO-4",521.177055,521.17627,8.744,19362,1.50620598589234,-0.0359999999999996,521.17682,8.741,22738
"199",8784,"Hydramethylnon","C25H24F6N4",495.19779,8.78,"-H2+CO",25.979265,"Dehydrogenation+Addition of CO","Two-reaction","Hydramethylnon:-H2+CO-5",521.177055,521.17639,10.198,19363,1.27595793722411,1.418,521.17682,10.202,22526
"200",8784,"Hydramethylnon","C25H24F6N4",495.19779,8.78,"-H2+CO",25.979265,"Dehydrogenation+Addition of CO","Two-reaction","Hydramethylnon:-H2+CO-6",521.177055,521.17657,8.669,19364,0.930585864003641,-0.110999999999999,521.17682,8.667,22528
"201",8846,"Hydramethylnon","C25H24F6N4",495.19779,8.78,"-F+H+H2",-15.97495,"Defluorination+Hydrogenation","Two-reaction","Hydramethylnon:-F+H+H2",479.22284,479.22382,9.54,18396,2.04497765584379,0.76,479.22357,9.552,21186
"202",8905,"Hydramethylnon","C25H24F6N4",495.19779,8.78,"-CO2-CH2",-58.00548,"Loss of CO2+Demethylation","Two-reaction","Hydramethylnon:-CO2-CH2",437.19231,437.19122,7.659,17215,2.49318200503879,-1.121,437.19122,7.656,19452
"203",9092,"Indoxacarb","C22H17ClF3N3O7",528.07799,8.75,"-O2+H2-H2",-31.98983,"Reductive amination+Dehydrogenation","Two-reaction","Indoxacarb:-O2+H2-H2",496.08816,496.086,6.742,18781,4.35406480977795,-2.008,496.08618,6.753,21773
"204",9166,"Iprovalicarb","C18H28N2O3",321.21727,7.89,"+O",15.994915,"Oxidation","One-reaction","Iprovalicarb:+O-1",337.212185,337.21088,6.48,13260,3.869966917127,-1.41,337.21219,6.47,13895
"205",9166,"Iprovalicarb","C18H28N2O3",321.21727,7.89,"+O",15.994915,"Oxidation","One-reaction","Iprovalicarb:+O-2",337.212185,337.21234,6.396,13263,0.45965124304914,-1.494,337.21219,6.397,12529
"206",9251,"Iprovalicarb","C18H28N2O3",321.21727,7.89,"-CH2+H2O",3.994915,"Demethylation+Addition of water","Two-reaction","Iprovalicarb:-CH2+H2O",325.212185,325.21365,9.933,12695,4.50475125953861,2.043,325.21344,9.937,13123
"207",9354,"Isoproturon","C12H18N2O",207.14919,7.03,"+O",15.994915,"Oxidation","One-reaction","Isoproturon:+O-1",223.144105,223.14374,4.807,7775,1.63571428421987,-2.223,223.14426,4.813,6988
"208",9354,"Isoproturon","C12H18N2O",207.14919,7.03,"+O",15.994915,"Oxidation","One-reaction","Isoproturon:+O-2",223.144105,223.14378,4.718,7776,1.45645792436992,-2.312,223.14426,4.721,6989
"209",9442,"Isoproturon","C12H18N2O",207.14919,7.03,"-CH2+O",1.979265,"Demethylation+Oxidation","Two-reaction","Isoproturon:-CH2+O-1",209.128455,209.12816,2.538,7105,1.41061626450672,-4.492,209.12856,2.601,6102
"210",9541,"Isoxaflutole","C15H12F3NO4S",360.05119,6.97,"+NH3",17.026549,"Addition of ammonia","One-reaction","Isoxaflutole:+NH3",377.077739,377.07767,5.647,15084,0.182986140150591,-1.323,377.07764,5.661,16083
"211",9545,"Isoxaflutole","C15H12F3NO4S",360.05119,6.97,"+H2",2.01565,"Hydrogenation","One-reaction","Isoxaflutole:+H2",362.06684,362.06552,7.228,14446,3.64573568797707,0.258,362.06665,7.223,15321
"212",9624,"Isoxaflutole","C15H12F3NO4S",360.05119,6.97,"-H2+NH",12.995249,"Dehydrogenation+Addition of NH","Two-reaction","Isoxaflutole:-H2+NH",373.046439,373.04657,5.59,14908,0.351162713963003,-1.38,373.04819,5.58,16083
"213",9635,"Isoxaflutole","C15H12F3NO4S",360.05119,6.97,"-H2O+CO",9.98435,"Loss of water+Addition of CO","Two-reaction","Isoxaflutole:-H2O+CO",370.03554,370.03503,4.442,14775,1.37824599231677,-2.528,370.03473,4.494,17764
"214",9648,"Isoxaflutole","C15H12F3NO4S",360.05119,6.97,"-S+O+O",0.017755,"Desulphuration+Oxidation","Two-reaction","Isoxaflutole:-S+O+O-1",360.068945,360.06845,7.161,14354,1.374736718827,0.191,360.06955,7.159,15190
"215",9648,"Isoxaflutole","C15H12F3NO4S",360.05119,6.97,"-S+O+O",0.017755,"Desulphuration+Oxidation","Two-reaction","Isoxaflutole:-S+O+O-2",360.068945,360.06885,7.231,14355,0.263838360143838,0.261,360.06955,7.223,15321
"216",9648,"Isoxaflutole","C15H12F3NO4S",360.05119,6.97,"-S+O+O",0.017755,"Desulphuration+Oxidation","Two-reaction","Isoxaflutole:-S+O+O-3",360.068945,360.06903,7.655,14356,0.236065901247799,0.685,360.06955,7.656,14257
"217",9656,"Isoxaflutole","C15H12F3NO4S",360.05119,6.97,"-O+CH2",-1.979265,"Loss of oxygen+Methylation","Two-reaction","Isoxaflutole:-O+CH2-1",358.071925,358.07016,7.651,14255,4.92917728759224,0.681,358.07169,7.656,14257
"218",9656,"Isoxaflutole","C15H12F3NO4S",360.05119,6.97,"-O+CH2",-1.979265,"Loss of oxygen+Methylation","Two-reaction","Isoxaflutole:-O+CH2-2",358.071925,358.07062,7.16,14256,3.6445191842452,0.19,358.07169,7.159,15190
"219",9656,"Isoxaflutole","C15H12F3NO4S",360.05119,6.97,"-O+CH2",-1.979265,"Loss of oxygen+Methylation","Two-reaction","Isoxaflutole:-O+CH2-3",358.071925,358.07104,7.231,14257,2.47157048137557,0.261,358.07169,7.223,15189
"220",9665,"Isoxaflutole","C15H12F3NO4S",360.05119,6.97,"-H2-H2",-4.0313,"Dehydrogenation+Dehydrogenation","Two-reaction","Isoxaflutole:-H2-H2",356.01989,356.02097,5.59,14156,3.03353837899828,-1.38,356.02087,5.58,15067
"221",9703,"Isoxaflutole","C15H12F3NO4S",360.05119,6.97,"-CO-H2",-30.010565,"Loss of CO+Dehydrogenation","Two-reaction","Isoxaflutole:-CO-H2",330.040625,330.03949,6.103,12911,3.43897058120215,-0.867,330.04095,6.105,13436
"222",9718,"Isoxaflutole","C15H12F3NO4S",360.05119,6.97,"-F+H-S+O",-33.96776,"Defluorination+Desulphuration","Two-reaction","Isoxaflutole:-F+H-S+O",326.08343,326.08496,6.144,12731,4.69205074297235,-0.826,326.08621,6.135,11926
"223",9734,"Isoxaflutole","C15H12F3NO4S",360.05119,6.97,"-C2H4-S+O",-44.00846,"Loss of C2H4+Desulphuration","Two-reaction","Isoxaflutole:-C2H4-S+O",316.04273,316.04245,6.354,12251,0.885956149132215,-0.616,316.04227,6.355,12161
"224",9742,"Isoxaflutole","C15H12F3NO4S",360.05119,6.97,"-CO2-H2",-46.00548,"Loss of CO2+Dehydrogenation","Two-reaction","Isoxaflutole:-CO2-H2",314.04571,314.0451,6.351,12154,1.94239239884751,-0.619,314.04626,6.355,12161
"225",9747,"Isoxaflutole","C15H12F3NO4S",360.05119,6.97,"-O2+H2-H2O",-47.984745,"Reductive amination+Loss of water","Two-reaction","Isoxaflutole:-O2+H2-H2O",312.066445,312.06653,4.989,12057,0.272377890589196,-1.981,312.06741,5.015,12295
"226",9859,"Mefluidide","C11H13F3N2O3S",311.06717,6.21,"-H2+O",13.979265,"Dehydrogenation+Oxidation","Two-reaction","Mefluidide:-H2+O",325.046435,325.04575,4.806,12671,2.10739121004617,-1.404,325.04556,4.813,13095
"227",9881,"Mefluidide","C11H13F3N2O3S",311.06717,6.21,"-CH2+NH",0.995249,"Demethylation+Addition of NH","Two-reaction","Mefluidide:-CH2+NH",312.062419,312.06287,7.625,12056,1.44522368775909,1.415,312.06439,7.631,12294
"228",10039,"Mephospholan","C8H16NO3PS2",270.0382,6.08,"+C2H2O+CO",70.00548,"Acetylation+Addition of CO","Two-reaction","Mephospholan:+C2H2O+CO",340.04368,340.04288,7.157,13392,2.35263893147408,1.077,340.04379,7.159,14070
"229",10052,"Mephospholan","C8H16NO3PS2",270.0382,6.08,"+CO2+H2",46.00548,"Addition of CO2+Hydrogenation","Two-reaction","Mephospholan:+CO2+H2",316.04368,316.04245,6.354,12251,3.89186709894321,0.274,316.04227,6.355,12161
"230",10102,"Mephospholan","C8H16NO3PS2",270.0382,6.08,"-NH3+CO",10.968366,"Loss of ammonia+Addition of CO","Two-reaction","Mephospholan:-NH3+CO",281.006566,281.00644,3.137,10509,0.448388099312032,-2.943,281.00714,3.132,10350
"231",10131,"Mephospholan","C8H16NO3PS2",270.0382,6.08,"-C2H4+H2O",-10.020735,"Loss of C2H4+Addition of water","Two-reaction","Mephospholan:-C2H4+H2O",260.017465,260.01663,6.585,9483,3.21132274708945,0.505,260.01743,6.588,9099
"232",10159,"Mephospholan","C8H16NO3PS2",270.0382,6.08,"-O2+H2+H2",-27.95853,"Reductive amination+Hydrogenation","Two-reaction","Mephospholan:-O2+H2+H2",242.07967,242.07877,5.325,8633,3.71778431456659,-0.755,242.07947,5.304,8068
"233",10228,"Mepronil","C17H19NO2",270.14886,7.71,"+O",15.994915,"Oxidation","One-reaction","Mepronil:+O-1",286.143775,286.14349,6.691,10764,0.996002796214625,-1.019,286.14359,6.701,10693
"234",10228,"Mepronil","C17H19NO2",270.14886,7.71,"+O",15.994915,"Oxidation","One-reaction","Mepronil:+O-2",286.143775,286.14349,7.162,10765,0.996002796214625,-0.548,286.14359,7.159,10694
"235",10228,"Mepronil","C17H19NO2",270.14886,7.71,"+O",15.994915,"Oxidation","One-reaction","Mepronil:+O-3",286.143775,286.14355,7.103,10766,0.786317996959269,-0.607,286.14359,7.106,10694
"236",10228,"Mepronil","C17H19NO2",270.14886,7.71,"+O",15.994915,"Oxidation","One-reaction","Mepronil:+O-4",286.143775,286.14368,6.547,10767,0.332000932005324,-1.163,286.14359,6.561,10695
"237",10247,"Mepronil","C17H19NO2",270.14886,7.71,"+CO2+C2H4",72.02113,"Addition of CO2+Addition of C2H4","Two-reaction","Mepronil:+CO2+C2H4-1",342.16999,342.16891,8.025,13492,3.15632589521292,0.315,342.17004,8.03,14190
"238",10247,"Mepronil","C17H19NO2",270.14886,7.71,"+CO2+C2H4",72.02113,"Addition of CO2+Addition of C2H4","Two-reaction","Mepronil:+CO2+C2H4-2",342.16999,342.16901,7.394,13493,2.86407349741573,-0.316,342.17004,7.398,14191
"239",10247,"Mepronil","C17H19NO2",270.14886,7.71,"+CO2+C2H4",72.02113,"Addition of CO2+Addition of C2H4","Two-reaction","Mepronil:+CO2+C2H4-3",342.16999,342.16934,7.329,13494,1.89964058510031,-0.381,342.17004,7.334,14328
"240",10247,"Mepronil","C17H19NO2",270.14886,7.71,"+CO2+C2H4",72.02113,"Addition of CO2+Addition of C2H4","Two-reaction","Mepronil:+CO2+C2H4-4",342.16999,342.16959,7.61,13495,1.16900959069039,-0.0999999999999996,342.17004,7.611,14334
"241",10377,"Mepronil","C17H19NO2",270.14886,7.71,"-C2H4-CH2",-42.04695,"Loss of C2H4+Demethylation","Two-reaction","Mepronil:-C2H4-CH2-1",228.10191,228.10109,7.858,7991,3.59488440936108,0.148,228.10181,7.861,7297
"242",10377,"Mepronil","C17H19NO2",270.14886,7.71,"-C2H4-CH2",-42.04695,"Loss of C2H4+Demethylation","Two-reaction","Mepronil:-C2H4-CH2-2",228.10191,228.10126,5.803,7994,2.84960349524196,-1.907,228.10181,5.804,7296
"243",10416,"Metalaxyl","C15H21NO4",280.15434,6.99,"+O",15.994915,"Oxidation","One-reaction","Metalaxyl:+O-1",296.149255,296.14886,5.868,11257,1.33378691082326,-1.122,296.14987,5.854,11301
"244",10416,"Metalaxyl","C15H21NO4",280.15434,6.99,"+O",15.994915,"Oxidation","One-reaction","Metalaxyl:+O-2",296.149255,296.14914,5.636,11258,0.388317708224085,-1.354,296.14987,5.632,11664
"245",10452,"Metalaxyl","C15H21NO4",280.15434,6.99,"+C2H4+NH3",45.057849,"Addition of C2H4+Addition of ammonia","Two-reaction","Metalaxyl:+C2H4+NH3",325.212189,325.21365,9.933,12695,4.49245154199712,2.943,325.21344,9.937,13123
"246",10535,"Metalaxyl","C15H21NO4",280.15434,6.99,"-CH2-H2",-16.0313,"Demethylation+Dehydrogenation","Two-reaction","Metalaxyl:-CH2-H2",264.12304,264.12299,5.257,9688,0.189305711411806,-1.733,264.12369,5.279,9355
"247",10612,"Methacrifos","C7H13O5PS",241.02941,7.21,"-S+O",-15.97716,"Desulphuration","One-reaction","Methacrifos:-S+O",225.05225,225.05183,5.335,7847,1.86623328578677,-1.875,225.05228,5.358,7087
"248",10699,"Methacrifos","C7H13O5PS",241.02941,7.21,"-S+O+NH3",1.049389,"Desulphuration+Addition of ammonia","Two-reaction","Methacrifos:-S+O+NH3",242.078799,242.07877,5.325,8633,0.119795703431456,-1.885,242.07947,5.304,8068
"249",10784,"Methacrifos","C7H13O5PS",241.02941,7.21,"-C2H4-H2O",-46.041865,"Loss of C2H4+Loss of water","Two-reaction","Methacrifos:-C2H4-H2O",194.987545,194.98758,3.481,6384,0.179498644371868,-3.729,194.98773,3.53,5219
"250",10822,"Methacrifos (special adduct)","C7H13O5PS",209.00319,7.21,"-CH2",-14.01565,"Demethylation","One-reaction","Methacrifos (special adduct):-CH2",194.98754,194.98758,3.481,6384,0.205141313197226,-3.729,194.98773,3.53,5219
"251",10824,"Methacrifos (special adduct)","C7H13O5PS",209.00319,7.21,"-S+O",-15.97716,"Desulphuration","One-reaction","Methacrifos (special adduct):-S+O",193.02603,193.02618,5.336,6306,0.777097265167762,-1.874,193.02655,5.358,5120
"252",10838,"Methacrifos (special adduct)","C7H13O5PS",209.00319,7.21,"+C2H2O+C2H4",70.041865,"Acetylation+Addition of C2H4","Two-reaction","Methacrifos (special adduct):+C2H2O+C2H4",279.045055,279.04483,4.867,10416,0.806321402113232,-2.343,279.04456,4.869,10230
"253",11032,"Methamidophos","C2H8NO2PS",142.00861,1.04,"-NH3+O",-1.03164,"Deamination","One-reaction","Methamidophos:-NH3+O-1",140.97697,140.97662,7.159,3786,2.48267500711221,6.119,140.9772,7.159,1941
"254",11032,"Methamidophos","C2H8NO2PS",142.00861,1.04,"-NH3+O",-1.03164,"Deamination","One-reaction","Methamidophos:-NH3+O-2",140.97697,140.9767,5.986,3787,1.91520643407527,4.946,140.9772,5.973,1942
"255",11108,"Methamidophos","C2H8NO2PS",142.00861,1.04,"-NH+CO",12.984016,"Loss of NH+Addition of CO","Two-reaction","Methamidophos:-NH+CO",154.992626,154.99251,3.627,4459,0.748422702324853,2.587,154.99266,3.636,2720
"256",11126,"Methamidophos","C2H8NO2PS",142.00861,1.04,"-NH+O",0.984016,"Loss of NH+Oxidation","Two-reaction","Methamidophos:-NH+O",142.992626,142.99271,0.978,3902,0.587442879655014,-0.0620000000000001,142.99289,0.978,2077
"257",11240,"Metolachlor","C15H22ClNO2",284.14118,8.14,"+O",15.994915,"Oxidation","One-reaction","Metolachlor:+O-1",300.136095,300.13562,6.878,11446,1.58261537984777,-1.262,300.13614,6.88,11539
"258",11240,"Metolachlor","C15H22ClNO2",284.14118,8.14,"+O",15.994915,"Oxidation","One-reaction","Metolachlor:+O-2",300.136095,300.13568,7.035,11447,1.38270606883271,-1.105,300.13614,7.03,11540
"259",11245,"Metolachlor","C15H22ClNO2",284.14118,8.14,"-H2",-2.01565,"Dehydrogenation","One-reaction","Metolachlor:-H2",282.12553,282.12469,6.878,10573,2.97739803994078,-1.262,282.12561,6.88,11539
"260",11246,"Metolachlor","C15H22ClNO2",284.14118,8.14,"-CH2",-14.01565,"Demethylation","One-reaction","Metolachlor:-CH2",270.12553,270.12512,7.289,10000,1.51781284814092,-0.851000000000001,270.12552,7.292,9718
"261",11458,"Mexacarbate","C12H18N2O2",223.1441,3.39,"-CH2",-14.01565,"Demethylation","One-reaction","Mexacarbate:-CH2-1",209.12845,209.12816,2.538,7105,1.38670754733927,-0.852,209.12856,2.601,6102
"262",11496,"Mexacarbate","C12H18N2O2",223.1441,3.39,"-NH3+O+C2H2O",40.978925,"Deamination+Acetylation","Two-reaction","Mexacarbate:-NH3+O+C2H2O",264.123025,264.12299,5.257,9688,0.132514005427876,1.867,264.12369,5.279,9355
"263",11616,"Mexacarbate","C12H18N2O2",223.1441,3.39,"-C2H2O-NH",-57.021464,"Deacetylation+Loss of NH","Two-reaction","Mexacarbate:-C2H2O-NH-1",166.122636,166.12225,1.716,5001,2.32358460764963,-1.674,166.12259,1.694,3460
"264",11616,"Mexacarbate","C12H18N2O2",223.1441,3.39,"-C2H2O-NH",-57.021464,"Deacetylation+Loss of NH","Two-reaction","Mexacarbate:-C2H2O-NH-2",166.122636,166.12225,2.34,5002,2.32358460764963,-1.05,166.12259,2.397,6965
"265",11715,"Nicosulfuron","C15H18N6O6S",411.10813,6.07,"-C2H4+CO2",15.95853,"Loss of C2H4+Addition of CO2","Two-reaction","Nicosulfuron:-C2H4+CO2",427.06666,427.06711,7.997,16910,1.0536996730223,1.927,427.06894,7.997,18993
"266",11784,"Nicosulfuron","C15H18N6O6S",411.10813,6.07,"-CO2+NH",-28.978931,"Loss of CO2+Addition of NH","Two-reaction","Nicosulfuron:-CO2+NH",382.129199,382.13,6.968,15300,2.09614968461803,0.898,382.13132,6.971,16642
"267",11844,"Nicosulfuron","C15H18N6O6S",411.10813,6.07,"-CO2-C2H2O",-86.000395,"Loss of CO2+Deacetylation","Two-reaction","Nicosulfuron:-CO2-C2H2O",325.107735,325.10806,6.757,12679,0.999668617641795,0.686999999999999,325.10782,6.753,13107
"268",11852,"Norflurazon","C12H9ClF3N3O",304.0459,7.11,"+O",15.994915,"Oxidation","One-reaction","Norflurazon:+O",320.040815,320.04059,6.553,12438,0.703035330041775,-0.557,320.04053,6.561,12788
"269",11858,"Norflurazon","C12H9ClF3N3O",304.0459,7.11,"-CH2",-14.01565,"Demethylation","One-reaction","Norflurazon:-CH2",290.03025,290.02975,6.744,10950,1.72395810452537,-0.366000000000001,290.03058,6.753,10890
"270",12127,"Nuarimol","C17H12ClFN2O",315.0695,7.5,"+C2H4+NH3",45.057849,"Addition of C2H4+Addition of ammonia","Two-reaction","Nuarimol:+C2H4+NH3",360.127349,360.12881,6.117,14358,4.05689821687536,-1.383,360.12988,6.105,15328
"271",12186,"Nuarimol","C17H12ClFN2O",315.0695,7.5,"-O+NH3",1.031634,"Loss of oxygen+Addition of ammonia","Two-reaction","Nuarimol:-O+NH3",316.101134,316.10254,5.556,12255,4.44794354953021,-1.944,316.10349,5.567,12535
"272",12403,"Oxadiazon","C15H18Cl2N2O3",345.07672,9.17,"-H2+NH",12.995249,"Dehydrogenation+Addition of NH","Two-reaction","Oxadiazon:-H2+NH-1",358.071969,358.07062,7.16,14256,3.7673990616247,-2.01,358.07169,7.159,15190
"273",12403,"Oxadiazon","C15H18Cl2N2O3",345.07672,9.17,"-H2+NH",12.995249,"Dehydrogenation+Addition of NH","Two-reaction","Oxadiazon:-H2+NH-2",358.071969,358.07104,7.231,14257,2.59445050288738,-1.939,358.07169,7.223,15189
"274",12490,"Oxadiazon","C15H18Cl2N2O3",345.07672,9.17,"-C2H2O-NH3+O",-43.042205,"Deacetylation+Deamination","Two-reaction","Oxadiazon:-C2H2O-NH3+O-1",302.034515,302.03406,3.497,11547,1.5064503471999,-5.673,302.03497,3.53,11016
"275",12490,"Oxadiazon","C15H18Cl2N2O3",345.07672,9.17,"-C2H2O-NH3+O",-43.042205,"Deacetylation+Deamination","Two-reaction","Oxadiazon:-C2H2O-NH3+O-2",302.034515,302.03406,3.28,11548,1.5064503471999,-5.89,302.03497,3.317,11014
"276",12492,"Oxadiazon","C15H18Cl2N2O3",345.07672,9.17,"-O2+H2-NH",-44.985079,"Reductive amination+Loss of NH","Two-reaction","Oxadiazon:-O2+H2-NH",300.091641,300.09241,5.256,11443,2.56255055098698,-3.914,300.09344,5.279,11530
"277",12517,"Oxadiazon","C15H18Cl2N2O3",345.07672,9.17,"-Cl+H-CO",-61.955965,"Dechlorination+Loss of CO","Two-reaction","Oxadiazon:-Cl+H-CO",283.120755,283.12192,6.392,10619,4.11485198255605,-2.778,283.12277,6.397,10497
"278",12518,"Oxadiazon","C15H18Cl2N2O3",345.07672,9.17,"-Cl+H-C2H4",-61.99235,"Dechlorination+Loss of C2H4","Two-reaction","Oxadiazon:-Cl+H-C2H4",283.08437,283.08356,7.012,10608,2.86133777008356,-2.158,283.08344,7.012,10318
"279",12538,"Permethrin, cis-","C21H20Cl2O3",408.11278,10.01,"+O",15.994915,"Oxidation","One-reaction","Permethrin, cis-:+O",424.107695,424.10764,9.348,16816,0.129684041631985,-0.661999999999999,424.1076,9.349,18868
"280",12568,"Permethrin, cis-","C21H20Cl2O3",408.11278,10.01,"+CO2+CH2",58.00548,"Addition of CO2+Methylation","Two-reaction","Permethrin, cis-:+CO2+CH2",466.11826,466.11737,8.628,18056,1.90938668660332,-1.382,466.11758,8.622,20702
"281",12588,"Permethrin, cis-","C21H20Cl2O3",408.11278,10.01,"+H2O+O",34.00548,"Addition of water+Oxidation","Two-reaction","Permethrin, cis-:+H2O+O-1",442.11826,442.11646,7.755,17369,4.07130888464754,-2.255,442.11652,7.753,19676
"282",12588,"Permethrin, cis-","C21H20Cl2O3",408.11278,10.01,"+H2O+O",34.00548,"Addition of water+Oxidation","Two-reaction","Permethrin, cis-:+H2O+O-2",442.11826,442.11703,6.831,17370,2.78206107121867,-3.179,442.11652,6.831,21703
"283",12610,"Permethrin, cis-","C21H20Cl2O3",408.11278,10.01,"+CH2+H2",16.0313,"Methylation+Hydrogenation","Two-reaction","Permethrin, cis-:+CH2+H2",424.14408,424.14502,6.625,16820,2.21622803273395,-3.385,424.14514,6.622,18875
"284",12712,"Permethrin, cis-","C21H20Cl2O3",408.11278,10.01,"-O2+H2-H2O",-47.984745,"Reductive amination+Loss of water","Two-reaction","Permethrin, cis-:-O2+H2-H2O",360.128035,360.12881,6.117,14358,2.15201240852018,-3.893,360.12988,6.105,15328
"285",12750,"Permethrin, trans-","C21H20Cl2O3",408.11278,9.87,"+O",15.994915,"Oxidation","One-reaction","Permethrin, trans-:+O",424.107695,424.10764,9.348,16816,0.129684041631985,-0.521999999999998,424.1076,9.349,18868
"286",12780,"Permethrin, trans-","C21H20Cl2O3",408.11278,9.87,"+CO2+CH2",58.00548,"Addition of CO2+Methylation","Two-reaction","Permethrin, trans-:+CO2+CH2",466.11826,466.11737,8.628,18056,1.90938668660332,-1.242,466.11758,8.622,20702
"287",12800,"Permethrin, trans-","C21H20Cl2O3",408.11278,9.87,"+H2O+O",34.00548,"Addition of water+Oxidation","Two-reaction","Permethrin, trans-:+H2O+O-1",442.11826,442.11646,7.755,17369,4.07130888464754,-2.115,442.11652,7.753,19676
"288",12800,"Permethrin, trans-","C21H20Cl2O3",408.11278,9.87,"+H2O+O",34.00548,"Addition of water+Oxidation","Two-reaction","Permethrin, trans-:+H2O+O-2",442.11826,442.11703,6.831,17370,2.78206107121867,-3.039,442.11652,6.831,21703
"289",12822,"Permethrin, trans-","C21H20Cl2O3",408.11278,9.87,"+CH2+H2",16.0313,"Methylation+Hydrogenation","Two-reaction","Permethrin, trans-:+CH2+H2",424.14408,424.14502,6.625,16820,2.21622803273395,-3.245,424.14514,6.622,18875
"290",12924,"Permethrin, trans-","C21H20Cl2O3",408.11278,9.87,"-O2+H2-H2O",-47.984745,"Reductive amination+Loss of water","Two-reaction","Permethrin, trans-:-O2+H2-H2O",360.128035,360.12881,6.117,14358,2.15201240852018,-3.753,360.12988,6.105,15328
"291",13026,"Phenthoate","C12H17O4PS2",321.03786,8.27,"-NH+C2H2O",26.999666,"Loss of NH+Acetylation","Two-reaction","Phenthoate:-NH+C2H2O",348.037526,348.03793,8.684,13759,1.16079436791302,0.414,348.0394,8.696,14564
"292",13109,"Phenthoate","C12H17O4PS2",321.03786,8.27,"-S+O-CH2",-29.99281,"Desulphuration+Demethylation","Two-reaction","Phenthoate:-S+O-CH2",291.04505,291.04453,6.583,11009,1.78666498535029,-1.687,291.04578,6.58,10961
"293",13150,"Phenthoate","C12H17O4PS2",321.03786,8.27,"-C2H2O-S+O",-57.987725,"Deacetylation+Desulphuration","Two-reaction","Phenthoate:-C2H2O-S+O",263.050135,263.05017,7.33,9634,0.133054483961686,-0.94,263.0502,7.334,9281
"294",13182,"Pirimiphos ethyl","C13H24N3O3PS",334.13488,9.09,"-S+O",-15.97716,"Desulphuration","One-reaction","Pirimiphos ethyl:-S+O",318.15772,318.15714,8.129,12365,1.82299521116988,-0.961,318.15799,8.118,11927
"295",13187,"Pirimiphos ethyl","C13H24N3O3PS",334.13488,9.09,"-C2H4",-28.0313,"Loss of C2H4","One-reaction","Pirimiphos ethyl:-C2H4-1",306.10358,306.10321,7.793,11760,1.20874117196597,-1.297,306.10318,7.798,12470
"296",13187,"Pirimiphos ethyl","C13H24N3O3PS",334.13488,9.09,"-C2H4",-28.0313,"Loss of C2H4","One-reaction","Pirimiphos ethyl:-C2H4-2",306.10358,306.10339,7.923,11761,0.620704926194875,-1.167,306.10349,7.939,11924
"297",13187,"Pirimiphos ethyl","C13H24N3O3PS",334.13488,9.09,"-C2H4",-28.0313,"Loss of C2H4","One-reaction","Pirimiphos ethyl:-C2H4-3",306.10358,306.10352,4.5,11762,0.196012081985597,-4.59,306.10349,4.496,10698
"298",13346,"Pirimiphos ethyl","C13H24N3O3PS",334.13488,9.09,"-C2H4-S+O",-44.00846,"Loss of C2H4+Desulphuration","Two-reaction","Pirimiphos ethyl:-C2H4-S+O",290.12642,290.12592,6.384,10963,1.72338665326714,-2.706,290.12683,6.381,10891
"299",13383,"Profenofos","C11H15BrClO3PS",372.94242,9.04,"+CO",27.994915,"Addition of CO","One-reaction","Profenofos:+CO",400.937335,400.93805,8.415,16017,1.7833210767387,-0.625,400.94,8.418,17651
"300",13391,"Profenofos","C11H15BrClO3PS",372.94242,9.04,"-H2",-2.01565,"Dehydrogenation","One-reaction","Profenofos:-H2-1",370.92677,370.92599,8.857,14812,2.10284094610741,-0.183,370.92612,8.858,15964
"301",13391,"Profenofos","C11H15BrClO3PS",372.94242,9.04,"-H2",-2.01565,"Dehydrogenation","One-reaction","Profenofos:-H2-2",370.92677,370.92612,8.938,14813,1.75236745503843,-0.101999999999999,370.92612,8.941,15963
"302",13496,"Profenofos","C11H15BrClO3PS",372.94242,9.04,"-S+O+CH2",-1.96151,"Desulphuration+Methylation","Two-reaction","Profenofos:-S+O+CH2",370.98091,370.98199,8.688,14817,2.91120101032084,-0.351999999999999,370.98318,8.696,15967
"303",13649,"Propiconazole","C15H17Cl2N3O2",342.07706,8.52,"+O",15.994915,"Oxidation","One-reaction","Propiconazole:+O-1",358.071975,358.07062,7.16,14256,3.78415540615699,-1.36,358.07169,7.159,15190
"304",13649,"Propiconazole","C15H17Cl2N3O2",342.07706,8.52,"+O",15.994915,"Oxidation","One-reaction","Propiconazole:+O-2",358.071975,358.07104,7.231,14257,2.61120686707407,-1.289,358.07169,7.223,15189
"305",13654,"Propiconazole","C15H17Cl2N3O2",342.07706,8.52,"-H2",-2.01565,"Dehydrogenation","One-reaction","Propiconazole:-H2",340.06141,340.06058,8.199,13398,2.44073563068405,-0.321,340.06052,8.206,14073
"306",13661,"Propiconazole","C15H17Cl2N3O2",342.07706,8.52,"-C2H4",-28.0313,"Loss of C2H4","One-reaction","Propiconazole:-C2H4",314.04576,314.0451,6.351,12154,2.10160455591605,-2.169,314.04626,6.355,12161
"307",13764,"Propiconazole","C15H17Cl2N3O2",342.07706,8.52,"-C2H4+O",-12.036385,"Loss of C2H4+Oxidation","Two-reaction","Propiconazole:-C2H4+O",330.040675,330.03949,6.103,12911,3.59046653877091,-2.417,330.04095,6.105,13436
"308",13793,"Propiconazole","C15H17Cl2N3O2",342.07706,8.52,"-CO-H2",-30.010565,"Loss of CO+Dehydrogenation","Two-reaction","Propiconazole:-CO-H2",312.066495,312.06653,4.989,12057,0.11215558410178,-3.531,312.06741,5.015,12295
"309",13855,"Propoxycarbazone","C15H18N4O7S",399.0969,6.21,"+CO2",43.98983,"Addition of CO2","One-reaction","Propoxycarbazone:+CO2",443.08673,443.0867,6.351,17401,0.0677068346892282,0.141,443.08832,6.355,18900
"310",13929,"Propoxycarbazone","C15H18N4O7S",399.0969,6.21,"-H2+CO",25.979265,"Dehydrogenation+Addition of CO","Two-reaction","Propoxycarbazone:-H2+CO",425.076165,425.0769,6.501,16845,1.72910188935231,0.291,425.077,6.499,18899
"311",13961,"Propoxycarbazone","C15H18N4O7S",399.0969,6.21,"-S+O+O",0.017755,"Desulphuration+Oxidation","Two-reaction","Propoxycarbazone:-S+O+O-1",399.114655,399.11548,6.636,15937,2.06707518661132,0.426,399.11566,6.64,17550
"312",13961,"Propoxycarbazone","C15H18N4O7S",399.0969,6.21,"-S+O+O",0.017755,"Desulphuration+Oxidation","Two-reaction","Propoxycarbazone:-S+O+O-2",399.114655,399.116,7.157,15938,3.36995894064066,0.947,399.11566,7.159,17551
"313",13968,"Propoxycarbazone","C15H18N4O7S",399.0969,6.21,"-O+CH2",-1.979265,"Loss of oxygen+Methylation","Two-reaction","Propoxycarbazone:-O+CH2",397.117635,397.11877,6.642,15861,2.85809518375222,0.432,397.12054,6.64,17442
"314",13993,"Propoxycarbazone","C15H18N4O7S",399.0969,6.21,"-S+O-NH3+O",-17.0088,"Desulphuration+Deamination","Two-reaction","Propoxycarbazone:-S+O-NH3+O",382.0881,382.08902,7.162,15298,2.40782165162381,0.952,382.09073,7.159,16638
"315",13996,"Propoxycarbazone","C15H18N4O7S",399.0969,6.21,"-NH3-H2",-19.042199,"Loss of ammonia+Dehydrogenation","Two-reaction","Propoxycarbazone:-NH3-H2-1",380.054701,380.05313,7.157,15207,4.13361549239894,0.947,380.05444,7.159,16638
"316",13996,"Propoxycarbazone","C15H18N4O7S",399.0969,6.21,"-NH3-H2",-19.042199,"Loss of ammonia+Dehydrogenation","Two-reaction","Propoxycarbazone:-NH3-H2-2",380.054701,380.05328,7.226,15208,3.73893546458276,1.016,380.05444,7.223,16520
"317",14007,"Propoxycarbazone","C15H18N4O7S",399.0969,6.21,"-C2H4-NH3+O",-29.06294,"Loss of C2H4+Deamination","Two-reaction","Propoxycarbazone:-C2H4-NH3+O",370.03396,370.03503,4.442,14775,2.89162648754453,-1.768,370.03473,4.494,17764
"318",14015,"Propoxycarbazone","C15H18N4O7S",399.0969,6.21,"-S+O-S+O",-31.95432,"Desulphuration+Desulphuration","Two-reaction","Propoxycarbazone:-S+O-S+O-1",367.14258,367.14273,6.386,14665,0.408560619589117,0.176,367.14432,6.381,15778
"319",14015,"Propoxycarbazone","C15H18N4O7S",399.0969,6.21,"-S+O-S+O",-31.95432,"Desulphuration+Desulphuration","Two-reaction","Propoxycarbazone:-S+O-S+O-2",367.14258,367.14288,6.91,14667,0.81712123933306,0.7,367.14432,6.923,15779
"320",14052,"Propoxycarbazone","C15H18N4O7S",399.0969,6.21,"-C2H2O-NH3",-59.037114,"Deacetylation+Loss of ammonia","Two-reaction","Propoxycarbazone:-C2H2O-NH3",340.059786,340.06058,8.199,13398,2.33488354909953,1.989,340.06052,8.206,14073
"321",14071,"Propyzamide","C12H11Cl2NO",256.02905,7.74,"+H2O",18.010565,"Addition of water","One-reaction","Propyzamide:+H2O",274.039615,274.03915,7.973,10182,1.6968349631483,0.233,274.03912,7.984,9966
"322",14109,"Propyzamide","C12H11Cl2NO",256.02905,7.74,"+CO2+H2",46.00548,"Addition of CO2+Hydrogenation","Two-reaction","Propyzamide:+CO2+H2-1",302.03453,302.03406,3.497,11547,1.55611346824178,-4.243,302.03497,3.53,11016
"323",14109,"Propyzamide","C12H11Cl2NO",256.02905,7.74,"+CO2+H2",46.00548,"Addition of CO2+Hydrogenation","Two-reaction","Propyzamide:+CO2+H2-2",302.03453,302.03406,3.28,11548,1.55611346824178,-4.46,302.03497,3.317,11014
"324",14123,"Propyzamide","C12H11Cl2NO",256.02905,7.74,"+H2O+O",34.00548,"Addition of water+Oxidation","Two-reaction","Propyzamide:+H2O+O",290.03453,290.03568,6.389,10951,3.96504512754238,-1.351,290.0365,6.381,10891
"325",14287,"Pyrasulfotole","C14H13F3N2O4S",363.06209,5.76,"+CH2",14.01565,"Methylation","One-reaction","Pyrasulfotole:+CH2",377.07774,377.07767,5.647,15084,0.18563811269739,-0.113,377.07764,5.661,16083
"326",14378,"Pyrasulfotole","C14H13F3N2O4S",363.06209,5.76,"-H2O+CO",9.98435,"Loss of water+Addition of CO","Two-reaction","Pyrasulfotole:-H2O+CO",373.04644,373.04657,5.59,14908,0.348482081630369,-0.17,373.04819,5.58,16083
"327",14396,"Pyrasulfotole","C14H13F3N2O4S",363.06209,5.76,"-NH+CH2",-0.995249,"Loss of NH+Methylation","Two-reaction","Pyrasulfotole:-NH+CH2",362.066841,362.06552,7.228,14446,3.64849759886893,1.468,362.06665,7.223,15321
"328",14460,"Pyrasulfotole","C14H13F3N2O4S",363.06209,5.76,"-H2O-NH",-33.021464,"Loss of water+Loss of NH","Two-reaction","Pyrasulfotole:-H2O-NH",330.040626,330.03949,6.103,12911,3.44200050079303,0.343,330.04095,6.105,13436
"329",14561,"Pyridate","C19H23ClN2O2S",379.12415,9.99,"+CO+NH3",45.021464,"Addition of CO+Addition of ammonia","Two-reaction","Pyridate:+CO+NH3",424.145614,424.14502,6.625,16820,1.40046243655149,-3.365,424.14514,6.622,18875
"330",14565,"Pyridate","C19H23ClN2O2S",379.12415,9.99,"-NH3+O+CO2",42.95819,"Deamination+Addition of CO2","Two-reaction","Pyridate:-NH3+O+CO2",422.08234,422.08105,7.153,16754,3.05627570199487,-2.837,422.0809,7.159,18770
"331",14767,"Quinalphos","C12H15N2O3PS",299.06138,8.34,"-S+O",-15.97716,"Desulphuration","One-reaction","Quinalphos:-S+O",283.08422,283.08356,7.012,10608,2.33146164077589,-1.328,283.08344,7.012,10318
"332",14809,"Quinalphos","C12H15N2O3PS",299.06138,8.34,"+H2O+O",34.00548,"Addition of water+Oxidation","Two-reaction","Quinalphos:+H2O+O",333.06686,333.06674,6.499,13059,0.360288021564468,-1.841,333.06653,6.499,13895
"333",14844,"Quinalphos","C12H15N2O3PS",299.06138,8.34,"-NH3+C2H4",11.004751,"Loss of ammonia+Addition of C2H4","Two-reaction","Quinalphos:-NH3+C2H4",310.066131,310.0654,7.625,11956,2.35756158731633,-0.715,310.06686,7.631,12159
"334",14855,"Quinalphos","C12H15N2O3PS",299.06138,8.34,"-O+NH3",1.031634,"Loss of oxygen+Addition of ammonia","Two-reaction","Quinalphos:-O+NH3",300.093014,300.09241,5.256,11443,2.01270929955677,-3.084,300.09344,5.279,11530
"335",14903,"Quinalphos","C12H15N2O3PS",299.06138,8.34,"-CO2+NH",-28.978931,"Loss of CO2+Addition of NH","Two-reaction","Quinalphos:-CO2+NH",270.082449,270.08228,5.732,9995,0.62573484725481,-2.608,270.08301,5.733,9715
"336",14938,"Quinalphos","C12H15N2O3PS",299.06138,8.34,"-CO2-H2",-46.00548,"Loss of CO2+Dehydrogenation","Two-reaction","Quinalphos:-CO2-H2",253.0559,253.05608,5.732,9115,0.711305288674522,-2.608,253.05666,5.733,8678
"337",14971,"Sethoxydim","C17H29NO3S",328.19409,9.06,"+O",15.994915,"Oxidation","One-reaction","Sethoxydim:+O",344.189005,344.18811,7.325,13601,2.60031548658586,-1.735,344.18896,7.323,14328
"338",14984,"Sethoxydim","C17H29NO3S",328.19409,9.06,"-C2H4",-28.0313,"Loss of C2H4","One-reaction","Sethoxydim:-C2H4",300.16279,300.1629,8.607,11451,0.366467809039534,-0.453000000000001,300.16339,8.611,11544
"339",15095,"Sethoxydim","C17H29NO3S",328.19409,9.06,"-C2H4+NH",-13.020401,"Loss of C2H4+Addition of NH","Two-reaction","Sethoxydim:-C2H4+NH-1",315.173689,315.17407,9.455,12204,1.20885725314324,0.395,315.17429,9.46,12484
"340",15095,"Sethoxydim","C17H29NO3S",328.19409,9.06,"-C2H4+NH",-13.020401,"Loss of C2H4+Addition of NH","Two-reaction","Sethoxydim:-C2H4+NH-2",315.173689,315.17438,9.273,12205,2.19244189498539,0.212999999999999,315.17429,9.275,12483
"341",15139,"Sethoxydim","C17H29NO3S",328.19409,9.06,"-C2H4-CH2",-42.04695,"Loss of C2H4+Demethylation","Two-reaction","Sethoxydim:-C2H4-CH2",286.14714,286.14713,4.52,10769,0.0349470554720639,-4.54,286.14685,4.496,10698
"342",15181,"Sulfoxaflor","C10H10F3N3OS",278.05694,4.89,"+H2O",18.010565,"Addition of water","One-reaction","Sulfoxaflor:+H2O",296.067505,296.06693,4.089,11246,1.94212465150253,-0.800999999999999,296.06787,4.084,11339
"343",15234,"Sulfoxaflor","C10H10F3N3OS",278.05694,4.89,"+H2O+O",34.00548,"Addition of water+Oxidation","Two-reaction","Sulfoxaflor:+H2O+O",312.06242,312.06287,7.625,12056,1.44201919603369,2.735,312.06439,7.631,12294
"344",15305,"Sulfoxaflor","C10H10F3N3OS",278.05694,4.89,"-H2O+CH2",-3.994915,"Loss of water+Methylation","Two-reaction","Sulfoxaflor:-H2O+CH2",274.062025,274.06183,6.39,10188,0.711517766896976,1.5,274.06265,6.397,9968
"345",15496,"Sulfoxaflor iso 1","C10H10F3N3OS",295.08249,4.89,"-NH3+O+H2O",16.978925,"Deamination+Addition of water","Two-reaction","Sulfoxaflor iso 1:-NH3+O+H2O",312.061415,312.06287,7.625,12056,4.66254374948744,2.735,312.06439,7.631,12294
"346",15523,"Sulfoxaflor iso 1","C10H10F3N3OS",295.08249,4.89,"-NH+O",0.984016,"Loss of NH+Oxidation","Two-reaction","Sulfoxaflor iso 1:-NH+O",296.066506,296.06693,4.089,11246,1.43211066235749,-0.800999999999999,296.06787,4.084,11339
"347",15549,"Sulfoxaflor iso 1","C10H10F3N3OS",295.08249,4.89,"-CH2+H2",-12,"Demethylation+Hydrogenation","Two-reaction","Sulfoxaflor iso 1:-CH2+H2",283.08249,283.08356,7.012,10608,3.77981697126569,2.122,283.08344,7.012,10318
"348",15892,"Sulfoxaflor iso 2","C10H10F3N3OS",278.05694,4.89,"+H2O",18.010565,"Addition of water","One-reaction","Sulfoxaflor iso 2:+H2O",296.067505,296.06693,4.089,11246,1.94212465150253,-0.800999999999999,296.06787,4.084,11339
"349",15945,"Sulfoxaflor iso 2","C10H10F3N3OS",278.05694,4.89,"+H2O+O",34.00548,"Addition of water+Oxidation","Two-reaction","Sulfoxaflor iso 2:+H2O+O",312.06242,312.06287,7.625,12056,1.44201919603369,2.735,312.06439,7.631,12294
"350",16016,"Sulfoxaflor iso 2","C10H10F3N3OS",278.05694,4.89,"-H2O+CH2",-3.994915,"Loss of water+Methylation","Two-reaction","Sulfoxaflor iso 2:-H2O+CH2",274.062025,274.06183,6.39,10188,0.711517766896976,1.5,274.06265,6.397,9968
"351",16344,"Thenylchlor","C16H18ClNO2S",324.08195,8.04,"+NH",15.010899,"Addition of NH","One-reaction","Thenylchlor:+NH",339.092849,339.09433,5.458,13344,4.36753533546943,-2.582,339.09421,5.411,14628
"352",16348,"Thenylchlor","C16H18ClNO2S",324.08195,8.04,"-H2",-2.01565,"Dehydrogenation","One-reaction","Thenylchlor:-H2",322.0663,322.06689,5.467,12527,1.8319209429497,-2.573,322.06796,5.506,11663
"353",16349,"Thenylchlor","C16H18ClNO2S",324.08195,8.04,"-CH2",-14.01565,"Demethylation","One-reaction","Thenylchlor:-CH2-1",310.0663,310.0654,7.625,11956,2.90260502351096,-0.414999999999999,310.06686,7.631,12159
"354",16349,"Thenylchlor","C16H18ClNO2S",324.08195,8.04,"-CH2",-14.01565,"Demethylation","One-reaction","Thenylchlor:-CH2-2",310.0663,310.06772,6.275,11957,4.57966570374136,-1.765,310.0679,6.254,12789
"355",16374,"Thenylchlor","C16H18ClNO2S",324.08195,8.04,"+CO2+CH2",58.00548,"Addition of CO2+Methylation","Two-reaction","Thenylchlor:+CO2+CH2",382.08743,382.08902,7.162,15298,4.1613512384365,-0.877999999999999,382.09073,7.159,16638
"356",16463,"Thenylchlor","C16H18ClNO2S",324.08195,8.04,"-C2H4+H2O",-10.020735,"Loss of C2H4+Addition of water","Two-reaction","Thenylchlor:-C2H4+H2O",314.061215,314.06219,4.605,12157,3.10449031403839,-3.435,314.06342,4.612,12406
"357",16477,"Thenylchlor","C16H18ClNO2S",324.08195,8.04,"-Cl+H+H2O",-15.950485,"Dechlorination+Addition of water","Two-reaction","Thenylchlor:-Cl+H+H2O-1",308.131465,308.13062,6.332,11864,2.74233597003729,-1.708,308.13165,6.33,12051
"358",16477,"Thenylchlor","C16H18ClNO2S",324.08195,8.04,"-Cl+H+H2O",-15.950485,"Dechlorination+Addition of water","Two-reaction","Thenylchlor:-Cl+H+H2O-2",308.131465,308.13062,5.542,11865,2.74233597003729,-2.498,308.13165,5.567,12050
"359",16483,"Thenylchlor","C16H18ClNO2S",324.08195,8.04,"-Cl+H+O",-17.966135,"Dechlorination+Oxidation","Two-reaction","Thenylchlor:-Cl+H+O",306.115815,306.11502,6.117,11764,2.59705628074896,-1.923,306.11597,6.105,11926
"360",16517,"Thenylchlor","C16H18ClNO2S",324.08195,8.04,"-NH3-NH3",-34.053098,"Loss of ammonia+Loss of ammonia","Two-reaction","Thenylchlor:-NH3-NH3",290.028852,290.02975,6.744,10950,3.09624367994431,-1.296,290.03058,6.753,10890
"361",16810,"Thiamethoxam","C8H10ClN5O3S",292.02656,3.52,"+CO2+CO2",87.97966,"Addition of CO2+Addition of CO2","Two-reaction","Thiamethoxam:+CO2+CO2",380.00622,380.00504,7.351,15204,3.10521233041039,3.831,380.00641,7.342,16516
"362",16856,"Thiamethoxam","C8H10ClN5O3S",292.02656,3.52,"-S+O+CO2",28.01267,"Desulphuration+Addition of CO2","Two-reaction","Thiamethoxam:-S+O+CO2",320.03923,320.04059,6.553,12438,4.24947904053443,3.033,320.04053,6.561,12788
"363",16927,"Thiamethoxam","C8H10ClN5O3S",292.02656,3.52,"-O2+H2+CH2",-15.95853,"Reductive amination+Methylation","Two-reaction","Thiamethoxam:-O2+H2+CH2",276.06803,276.06931,5.588,10273,4.63653831974511,2.068,276.06992,5.58,10065
"364",17147,"Triadimenol, trans- (A)","C14H18ClN3O2",296.11603,7.89,"-NH+H2",-12.995249,"Loss of NH+Hydrogenation","Two-reaction","Triadimenol, trans- (A):-NH+H2",283.120781,283.12192,6.392,10619,4.0230180064616,-1.498,283.12277,6.397,10497
"365",17207,"Triadimenol, trans- (A)","C14H18ClN3O2",296.11603,7.89,"-Cl+H-H2O",-51.971615,"Dechlorination+Loss of water","Two-reaction","Triadimenol, trans- (A):-Cl+H-H2O-2",244.144415,244.14407,6.141,8730,1.41309806333285,-1.749,244.14471,6.135,8185
"366",17241,"Triflusulfuron-methyl","C17H19F3N6O6S",493.11116,7.61,"+O",15.994915,"Oxidation","One-reaction","Triflusulfuron-methyl:+O-1",509.106075,509.10526,7.067,19070,1.60084516765722,-0.543,509.10608,7.068,22149
"367",17241,"Triflusulfuron-methyl","C17H19F3N6O6S",493.11116,7.61,"+O",15.994915,"Oxidation","One-reaction","Triflusulfuron-methyl:+O-2",509.106075,509.10547,7.147,19071,1.18835745566472,-0.463,509.10608,7.14,22149
"368",17295,"Triflusulfuron-methyl","C17H19F3N6O6S",493.11116,7.61,"+H2O+CH2",32.026215,"Addition of water+Methylation","Two-reaction","Triflusulfuron-methyl:+H2O+CH2",525.137375,525.13544,6.392,19443,3.68475010944161,-1.218,525.13531,6.397,22652
"369",17331,"Triflusulfuron-methyl","C17H19F3N6O6S",493.11116,7.61,"-F+H+C2H4",10.0407,"Defluorination+Addition of C2H4","Two-reaction","Triflusulfuron-methyl:-F+H+C2H4",503.15186,503.15329,6.392,18948,2.84208429643403,-1.218,503.15344,6.397,21974
"370",17442,"Triflusulfuron-methyl","C17H19F3N6O6S",493.11116,7.61,"-C2H4-F+H",-46.0219,"Loss of C2H4+Defluorination","Two-reaction","Triflusulfuron-methyl:-C2H4-F+H",447.08926,447.09058,4.312,17510,2.95243057273225,-3.298,447.09042,4.333,17763
"371",17477,"Dimethachlor","C13H18ClNO2",256.10988,7,"Breakdown",-58.04188,"N-Dealkylation of tertiary carboxamide","Biotransformer-prediction","Dimethachlor:N-Dealkylation of tertiary carboxamide-l",198.068,198.06789,7.627,6548,0.555364824234575,0.627,198.06808,7.631,5396
"372",17481,"Fenthion sulfoxide","C10H15O4PS2",295.02221,6.31,"Breakdown",-152.02961,"Dearylation of organphosphosulfur compound","Biotransformer-prediction","Fenthion sulfoxide:Dearylation of organphosphosulfur compound-s",142.9926,142.99271,0.978,3902,0.769270577484933,-5.332,142.99289,0.978,2077
"373",17486,"Pirimiphos ethyl","C13H24N3O3PS",334.13488,8.91,"Breakdown",-152.00608,"Dearylation of organphosphosulfur compound","Biotransformer-prediction","Pirimiphos ethyl: Dearylation of organphosphosulfur compound-l-1",182.1288,182.12854,4.503,5795,1.42756115466463,-4.407,182.12935,4.496,4482
"374",17486,"Pirimiphos ethyl","C13H24N3O3PS",334.13488,8.91,"Breakdown",-152.00608,"Dearylation of organphosphosulfur compound","Biotransformer-prediction","Pirimiphos ethyl: Dearylation of organphosphosulfur compound-l-2",182.1288,182.12856,2.933,5796,1.31774875812796,-5.977,182.12935,2.939,3736
