"","...1","Compound.Name","Molecular_Formula","m.z","rt","Reaction_Type","Mass_Difference","Reaction_Description","Reaction_Order","RB_Metabolite_Name","RB_Metabolite_mz","Average.Mz","Average.Rt","Average.AID","mz_defect","RT_shift"
"1",112,"Aldicarb-sulfone","C7H14N2O4S",223.0747,2.73,"-O2+H2+C2H4",-1.94288,"Reductive amination+Addition of C2H4","Two-reaction","Aldicarb-sulfone:-O2+H2+C2H4",221.13182,221.13242,9.214,7686,2.7133137148308,6.484
"2",219,"Antimycin A","C28H40N2O9",549.28066,9.6,"+O",15.994915,"Oxidation","One-reaction","Antimycin A:+O",565.275575,565.27454,8.488,20337,1.83096536587783,-1.112
"3",220,"Antimycin A","C28H40N2O9",549.28066,9.6,"+NH",15.010899,"Addition of NH","One-reaction","Antimycin A:+NH",564.291559,564.29114,9.513,20317,0.742523954651798,-0.0869999999999997
"4",269,"Antimycin A","C28H40N2O9",549.28066,9.6,"+H2O+NH",33.021464,"Addition of water+Addition of NH","Two-reaction","Antimycin A:+H2O+NH",582.302124,582.30219,8.483,20707,0.113343223778199,-1.117
"5",272,"Antimycin A","C28H40N2O9",549.28066,9.6,"+O+O",31.98983,"Oxidation+Oxidation","Two-reaction","Antimycin A:+O+O",581.27049,581.26788,7.618,20687,4.49016429511882,-1.982
"6",274,"Antimycin A","C28H40N2O9",549.28066,9.6,"+O+NH",31.005814,"Oxidation+Addition of NH","Two-reaction","Antimycin A:+O+NH",580.286474,580.28522,8.396,20656,2.16100160214519,-1.204
"7",277,"Antimycin A","C28H40N2O9",549.28066,9.6,"+CO+H2",30.010565,"Addition of CO+Hydrogenation","Two-reaction","Antimycin A:+CO+H2",579.291225,579.29102,8.78,20635,0.353880727350667,-0.82
"8",293,"Antimycin A","C28H40N2O9",549.28066,9.6,"-H2+O",13.979265,"Dehydrogenation+Oxidation","Two-reaction","Antimycin A:-H2+O",563.259925,563.25946,8.396,20280,0.825551365052034,-1.204
"9",307,"Antimycin A","C28H40N2O9",549.28066,9.6,"-CH2+O",1.979265,"Demethylation+Oxidation","Two-reaction","Antimycin A:-CH2+O-1",551.259925,551.25934,8.454,20011,1.06120538328801,-1.146
"10",307,"Antimycin A","C28H40N2O9",549.28066,9.6,"-CH2+O",1.979265,"Demethylation+Oxidation","Two-reaction","Antimycin A:-CH2+O-2",551.259925,551.26093,8.201,20012,1.82309642783741,-1.399
"11",312,"Antimycin A","C28H40N2O9",549.28066,9.6,"-C2H4+CO",-0.036385,"Loss of C2H4+Addition of CO","Two-reaction","Antimycin A:-C2H4+CO",549.244275,549.24255,8.097,19976,3.14067907210302,-1.503
"12",329,"Antimycin A","C28H40N2O9",549.28066,9.6,"-C2H4+O",-12.036385,"Loss of C2H4+Oxidation","Two-reaction","Antimycin A:-C2H4+O-1",537.244275,537.24268,8.089,19722,2.96885434482431,-1.511
"13",329,"Antimycin A","C28H40N2O9",549.28066,9.6,"-C2H4+O",-12.036385,"Loss of C2H4+Oxidation","Two-reaction","Antimycin A:-C2H4+O-2",537.244275,537.24341,8.191,19723,1.61006834363407,-1.409
"14",399,"Antimycin A","C28H40N2O9",549.28066,9.6,"-CO2-C2H2O",-86.000395,"Loss of CO2+Deacetylation","Two-reaction","Antimycin A:-CO2-C2H2O",463.280265,463.28082,4.858,17983,1.19797893834274,-4.742
"15",471,"Azamethiphos","C9H10ClN2O5PS",324.98093,5.99,"-S+O+CO2",28.01267,"Desulphuration+Addition of CO2","Two-reaction","Azamethiphos:-S+O+CO2",352.9936,352.99365,8.691,14012,0.141645627533896,2.701
"16",475,"Azamethiphos","C9H10ClN2O5PS",324.98093,5.99,"-H2+C2H4",26.01565,"Dehydrogenation+Addition of C2H4","Two-reaction","Azamethiphos:-H2+C2H4",350.99658,350.99677,8.686,13923,0.541315815760618,2.696
"17",478,"Azamethiphos","C9H10ClN2O5PS",324.98093,5.99,"-H2O+C2H2O",24,"Loss of water+Acetylation","Two-reaction","Azamethiphos:-H2O+C2H2O",348.98093,348.98059,8.545,13818,0.974265270008404,2.555
"18",686,"Azinphos methyl","C10H12N3O3PS2",318.01305,7.3,"-NH3+O+CO2",42.95819,"Deamination+Addition of CO2","Two-reaction","Azinphos methyl:-NH3+O+CO2",360.97124,360.97141,8.308,14401,0.470951646919835,1.008
"19",713,"Azinphos methyl","C10H12N3O3PS2",318.01305,7.3,"-NH3+C2H2O",24.984016,"Loss of ammonia+Acetylation","Two-reaction","Azinphos methyl:-NH3+C2H2O",342.997066,342.9975,7.083,13540,1.26531694584315,-0.217
"20",743,"Azinphos methyl","C10H12N3O3PS2",318.01305,7.3,"-CO+C2H4",0.036385,"Loss of CO+Addition of C2H4","Two-reaction","Azinphos methyl:-CO+C2H4",318.049435,318.04984,4.094,12353,1.27338695005276,-3.206
"21",898,"Azinphos methyl oxon","C10H12N3O4PS",302.03589,5.61,"-NH3+O+CO2",42.95819,"Deamination+Addition of CO2","Two-reaction","Azinphos methyl oxon:-NH3+O+CO2",344.99408,344.99509,7.082,13637,2.92758646759373,1.472
"22",921,"Azinphos methyl oxon","C10H12N3O4PS",302.03589,5.61,"-NH3+CO2",26.963281,"Loss of ammonia+Addition of CO2","Two-reaction","Azinphos methyl oxon:-NH3+CO2",328.999171,328.99948,8.48,12867,0.939212093077456,2.87
"23",938,"Azinphos methyl oxon","C10H12N3O4PS",302.03589,5.61,"-O+C2H4",12.036385,"Loss of oxygen+Addition of C2H4","Two-reaction","Azinphos methyl oxon:-O+C2H4",314.072275,314.07156,1.038,12160,2.27654605938645,-4.572
"24",961,"Azinphos methyl oxon","C10H12N3O4PS",302.03589,5.61,"-O2+H2+C2H4",-1.94288,"Reductive amination+Addition of C2H4","Two-reaction","Azinphos methyl oxon:-O2+H2+C2H4",300.09301,300.09241,5.256,11443,1.99938012558146,-0.354
"25",975,"Azinphos methyl oxon","C10H12N3O4PS",302.03589,5.61,"-CH2+H2",-12,"Demethylation+Hydrogenation","Two-reaction","Azinphos methyl oxon:-CH2+H2",290.03589,290.03568,6.389,10951,0.724048323748457,0.779
"26",998,"Azinphos methyl oxon","C10H12N3O4PS",302.03589,5.61,"-C2H2O+NH",-26.999666,"Deacetylation+Addition of NH","Two-reaction","Azinphos methyl oxon:-C2H2O+NH",275.036224,275.03741,5.733,10225,4.31215925949572,0.122999999999999
"27",1010,"Azinphos methyl oxon","C10H12N3O4PS",302.03589,5.61,"-S+O-S+O",-31.95432,"Desulphuration+Desulphuration","Two-reaction","Azinphos methyl oxon:-S+O-S+O",270.08157,270.08228,5.732,9995,2.62883542933497,0.122
"28",1061,"Azinphos methyl oxon","C10H12N3O4PS",302.03589,5.61,"-CO2-CO2",-87.97966,"Loss of CO2+Loss of CO2","Two-reaction","Azinphos methyl oxon:-CO2-CO2",214.05623,214.05673,3.814,7340,2.33583484109842,-1.796
"29",1068,"Benalaxyl","C20H23NO3",326.17507,8.45,"+O",15.994915,"Oxidation","One-reaction","Benalaxyl:+O-1",342.169985,342.16891,8.025,13492,3.14171332127326,-0.424999999999999
"30",1068,"Benalaxyl","C20H23NO3",326.17507,8.45,"+O",15.994915,"Oxidation","One-reaction","Benalaxyl:+O-2",342.169985,342.16901,7.394,13493,2.84946091920549,-1.056
"31",1068,"Benalaxyl","C20H23NO3",326.17507,8.45,"+O",15.994915,"Oxidation","One-reaction","Benalaxyl:+O-3",342.169985,342.16934,7.329,13494,1.88502799279718,-1.121
"32",1068,"Benalaxyl","C20H23NO3",326.17507,8.45,"+O",15.994915,"Oxidation","One-reaction","Benalaxyl:+O-4",342.169985,342.16959,7.61,13495,1.15439698771083,-0.839999999999999
"33",1289,"Bensulfuron methyl","C16H18N4O7S",411.0969,7.28,"+C2H2O+CH2",56.026215,"Acetylation+Methylation","Two-reaction","Bensulfuron methyl:+C2H2O+CH2",467.123115,467.12415,9.17,18100,2.21568996858927,1.89
"34",1310,"Bensulfuron methyl","C16H18N4O7S",411.0969,7.28,"+O+O",31.98983,"Oxidation+Oxidation","Two-reaction","Bensulfuron methyl:+O+O",443.08673,443.0867,6.351,17401,0.0677068346892282,-0.929
"35",1333,"Bensulfuron methyl","C16H18N4O7S",411.0969,7.28,"-H2+O",13.979265,"Dehydrogenation+Oxidation","Two-reaction","Bensulfuron methyl:-H2+O",425.076165,425.0769,6.501,16845,1.72910188935231,-0.779
"36",1370,"Bensulfuron methyl","C16H18N4O7S",411.0969,7.28,"-CO+H2O",-9.98435,"Loss of CO+Addition of water","Two-reaction","Bensulfuron methyl:-CO+H2O",401.11255,401.11105,7.149,16025,3.73959877351475,-0.131
"37",1382,"Bensulfuron methyl","C16H18N4O7S",411.0969,7.28,"-O+H2",-13.979265,"Loss of oxygen+Hydrogenation","Two-reaction","Bensulfuron methyl:-O+H2",397.117635,397.11877,6.642,15861,2.85809518375222,-0.638
"38",1402,"Bensulfuron methyl","C16H18N4O7S",411.0969,7.28,"-C2H4-NH3+O",-29.06294,"Loss of C2H4+Deamination","Two-reaction","Bensulfuron methyl:-C2H4-NH3+O",382.03396,382.03229,5.649,15296,4.3713391343274,-1.631
"39",1409,"Bensulfuron methyl","C16H18N4O7S",411.0969,7.28,"-NH3-CH2",-31.042199,"Loss of ammonia+Demethylation","Two-reaction","Bensulfuron methyl:-NH3-CH2-1",380.054701,380.05313,7.157,15207,4.13361549239894,-0.123
"40",1409,"Bensulfuron methyl","C16H18N4O7S",411.0969,7.28,"-NH3-CH2",-31.042199,"Loss of ammonia+Demethylation","Two-reaction","Bensulfuron methyl:-NH3-CH2-2",380.054701,380.05328,7.226,15208,3.73893546458276,-0.0540000000000003
"41",1413,"Bensulfuron methyl","C16H18N4O7S",411.0969,7.28,"-H2O-CH2",-32.026215,"Loss of water+Demethylation","Two-reaction","Bensulfuron methyl:-H2O-CH2",379.070685,379.07233,5.651,15165,4.3395600480062,-1.629
"42",1469,"Bensulide","C14H24NO4PS3",398.06778,8.19,"+NH",15.010899,"Addition of NH","One-reaction","Bensulide:+NH",413.078679,413.07864,8.11,16464,0.0944130065236829,-0.0800000000000001
"43",1476,"Bensulide","C14H24NO4PS3",398.06778,8.19,"-S+O",-15.97716,"Desulphuration","One-reaction","Bensulide:-S+O",382.09062,382.08902,7.162,15298,4.18748829792333,-1.028
"44",1481,"Bensulide","C14H24NO4PS3",398.06778,8.19,"-C2H4",-28.0313,"Loss of C2H4","One-reaction","Bensulide:-C2H4",370.03648,370.03503,4.442,14775,3.91853257272656,-3.748
"45",1563,"Bensulide","C14H24NO4PS3",398.06778,8.19,"-S+O+NH3",1.049389,"Desulphuration+Addition of ammonia","Two-reaction","Bensulide:-S+O+NH3-1",399.117169,399.11548,6.636,15937,4.2318399988424,-1.554
"46",1563,"Bensulide","C14H24NO4PS3",398.06778,8.19,"-S+O+NH3",1.049389,"Desulphuration+Addition of ammonia","Two-reaction","Bensulide:-S+O+NH3-2",399.117169,399.116,7.157,15938,2.92896445155036,-1.033
"47",1585,"Bensulide","C14H24NO4PS3",398.06778,8.19,"-C2H4+NH3",-11.004751,"Loss of C2H4+Addition of ammonia","Two-reaction","Bensulide:-C2H4+NH3",387.063029,387.06165,5.585,15487,3.56272724767471,-2.605
"48",1636,"Bensulide","C14H24NO4PS3",398.06778,8.19,"-C2H4-CH2",-42.04695,"Loss of C2H4+Demethylation","Two-reaction","Bensulide:-C2H4-CH2",356.02083,356.02097,5.59,14156,0.393235418241103,-2.6
"49",1671,"Bensulide","C14H24NO4PS3",398.06778,8.19,"-C2H2O-C2H2O",-84.02113,"Deacetylation+Deacetylation","Two-reaction","Bensulide:-C2H2O-C2H2O",314.04665,314.0451,6.351,12154,4.93557246991433,-1.839
"50",1672,"Bensulide","C14H24NO4PS3",398.06778,8.19,"-CO2-C2H2O",-86.000395,"Loss of CO2+Deacetylation","Two-reaction","Bensulide:-CO2-C2H2O",312.067385,312.06653,4.989,12057,2.73979288159633,-3.201
"51",1821,"Boscalid","C18H12Cl2N2O",343.03995,7.65,"-CO2+NH",-28.978931,"Loss of CO2+Addition of NH","Two-reaction","Boscalid:-CO2+NH",314.061019,314.06219,4.605,12157,3.72857479647726,-3.045
"52",1862,"Boscalid","C18H12Cl2N2O",343.03995,7.65,"-C2H2O-NH",-57.021464,"Deacetylation+Loss of NH","Two-reaction","Boscalid:-C2H2O-NH",286.018486,286.01749,1.464,10757,3.48229239975227,-6.186
"53",1867,"Boscalid","C18H12Cl2N2O",343.03995,7.65,"-O2+H2-O2+H2",-59.94836,"Reductive amination+Reductive amination","Two-reaction","Boscalid:-O2+H2-O2+H2",283.09159,283.09262,3.993,10609,3.63839844205297,-3.657
"54",1883,"Boscalid","C18H12Cl2N2O",343.03995,7.65,"-C2H2O-C2H2O",-84.02113,"Deacetylation+Deacetylation","Two-reaction","Boscalid:-C2H2O-C2H2O",259.01882,259.01804,7.058,9441,3.01136419361423,-0.592000000000001
"55",2042,"Bromfenvinphos ethyl","C12H14BrCl2O4P",402.92629,8.54,"-Cl+H+H2",-31.9454,"Dechlorination+Hydrogenation","Two-reaction","Bromfenvinphos ethyl:-Cl+H+H2",370.98089,370.98199,8.688,14817,2.96511230001118,0.148000000000001
"56",2129,"Bromuconazole, cis-","C13H12BrCl2N3O",375.96136,8.39,"+O",15.994915,"Oxidation","One-reaction","Bromuconazole, cis-:+O-1",391.956275,391.95511,7.305,15674,2.97227031258656,-1.085
"57",2129,"Bromuconazole, cis-","C13H12BrCl2N3O",375.96136,8.39,"+O",15.994915,"Oxidation","One-reaction","Bromuconazole, cis-:+O-2",391.956275,391.95529,8.008,15675,2.5130354145095,-0.382000000000001
"58",2162,"Bromuconazole, cis-","C13H12BrCl2N3O",375.96136,8.39,"+C2H4+C2H4",56.0626,"Addition of C2H4+Addition of C2H4","Two-reaction","Bromuconazole, cis-:+C2H4+C2H4-1",432.02396,432.02209,7.739,17059,4.32846363427785,-0.651000000000001
"59",2162,"Bromuconazole, cis-","C13H12BrCl2N3O",375.96136,8.39,"+C2H4+C2H4",56.0626,"Addition of C2H4+Addition of C2H4","Two-reaction","Bromuconazole, cis-:+C2H4+C2H4-2",432.02396,432.02286,7.997,17060,2.54615507901019,-0.393000000000001
"60",2216,"Bromuconazole, cis-","C13H12BrCl2N3O",375.96136,8.39,"-Cl+H+C2H2O",8.049515,"Dechlorination+Acetylation","Two-reaction","Bromuconazole, cis-:-Cl+H+C2H2O",384.010875,384.01276,4.779,15362,4.90871515036047,-3.611
"61",2247,"Bromuconazole, cis-","C13H12BrCl2N3O",375.96136,8.39,"-CO+NH",-12.984016,"Loss of CO+Addition of NH","Two-reaction","Bromuconazole, cis-:-CO+NH",362.977344,362.97903,7.062,14488,4.64491800349532,-1.328
"62",2268,"Bromuconazole, cis-","C13H12BrCl2N3O",375.96136,8.39,"-CO2+NH3",-26.963281,"Loss of CO2+Addition of ammonia","Two-reaction","Bromuconazole, cis-:-CO2+NH3",348.998079,348.9996,8.685,13819,4.35819017779852,0.295
"63",2271,"Bromuconazole, cis-","C13H12BrCl2N3O",375.96136,8.39,"-CO2+NH",-28.978931,"Loss of CO2+Addition of NH","Two-reaction","Bromuconazole, cis-:-CO2+NH",346.982429,346.9837,8.545,13714,3.66300969082865,0.154999999999999
"64",2289,"Bromuconazole, cis-","C13H12BrCl2N3O",375.96136,8.39,"-Br+H+C2H2O",-35.899975,"Debromination+Acetylation","Two-reaction","Bromuconazole, cis-:-Br+H+C2H2O",340.061385,340.06058,8.199,13398,2.36721967111053,-0.191000000000001
"65",2327,"Bromuconazole, cis-","C13H12BrCl2N3O",375.96136,8.39,"-Br+H+O",-61.915625,"Debromination+Oxidation","Two-reaction","Bromuconazole, cis-:-Br+H+O",314.045735,314.0451,6.351,12154,2.02199848371892,-2.039
"66",2332,"Bromuconazole, cis-","C13H12BrCl2N3O",375.96136,8.39,"-Br+H+CH2",-63.89489,"Debromination+Methylation","Two-reaction","Bromuconazole, cis-:-Br+H+CH2",312.06647,312.06653,4.989,12057,0.192266730927693,-3.401
"67",2366,"Bromuconazole, trans-","C13H12BrCl2N3O",375.96136,7.93,"+O",15.994915,"Oxidation","One-reaction","Bromuconazole, trans-:+O-1",391.956275,391.95511,7.305,15674,2.97227031258656,-0.625
"68",2366,"Bromuconazole, trans-","C13H12BrCl2N3O",375.96136,7.93,"+O",15.994915,"Oxidation","One-reaction","Bromuconazole, trans-:+O-2",391.956275,391.95529,8.008,15675,2.5130354145095,0.0779999999999994
"69",2399,"Bromuconazole, trans-","C13H12BrCl2N3O",375.96136,7.93,"+C2H4+C2H4",56.0626,"Addition of C2H4+Addition of C2H4","Two-reaction","Bromuconazole, trans-:+C2H4+C2H4-1",432.02396,432.02209,7.739,17059,4.32846363427785,-0.191
"70",2399,"Bromuconazole, trans-","C13H12BrCl2N3O",375.96136,7.93,"+C2H4+C2H4",56.0626,"Addition of C2H4+Addition of C2H4","Two-reaction","Bromuconazole, trans-:+C2H4+C2H4-2",432.02396,432.02286,7.997,17060,2.54615507901019,0.0670000000000002
"71",2453,"Bromuconazole, trans-","C13H12BrCl2N3O",375.96136,7.93,"-Cl+H+C2H2O",8.049515,"Dechlorination+Acetylation","Two-reaction","Bromuconazole, trans-:-Cl+H+C2H2O",384.010875,384.01276,4.779,15362,4.90871515036047,-3.151
"72",2484,"Bromuconazole, trans-","C13H12BrCl2N3O",375.96136,7.93,"-CO+NH",-12.984016,"Loss of CO+Addition of NH","Two-reaction","Bromuconazole, trans-:-CO+NH",362.977344,362.97903,7.062,14488,4.64491800349532,-0.867999999999999
"73",2505,"Bromuconazole, trans-","C13H12BrCl2N3O",375.96136,7.93,"-CO2+NH3",-26.963281,"Loss of CO2+Addition of ammonia","Two-reaction","Bromuconazole, trans-:-CO2+NH3",348.998079,348.9996,8.685,13819,4.35819017779852,0.755000000000001
"74",2508,"Bromuconazole, trans-","C13H12BrCl2N3O",375.96136,7.93,"-CO2+NH",-28.978931,"Loss of CO2+Addition of NH","Two-reaction","Bromuconazole, trans-:-CO2+NH",346.982429,346.9837,8.545,13714,3.66300969082865,0.615
"75",2526,"Bromuconazole, trans-","C13H12BrCl2N3O",375.96136,7.93,"-Br+H+C2H2O",-35.899975,"Debromination+Acetylation","Two-reaction","Bromuconazole, trans-:-Br+H+C2H2O",340.061385,340.06058,8.199,13398,2.36721967111053,0.269
"76",2564,"Bromuconazole, trans-","C13H12BrCl2N3O",375.96136,7.93,"-Br+H+O",-61.915625,"Debromination+Oxidation","Two-reaction","Bromuconazole, trans-:-Br+H+O",314.045735,314.0451,6.351,12154,2.02199848371892,-1.579
"77",2569,"Bromuconazole, trans-","C13H12BrCl2N3O",375.96136,7.93,"-Br+H+CH2",-63.89489,"Debromination+Methylation","Two-reaction","Bromuconazole, trans-:-Br+H+CH2",312.06647,312.06653,4.989,12057,0.192266730927693,-2.941
"78",2603,"Cafenstrole","C16H22N4O3S",351.14854,7.89,"+O",15.994915,"Oxidation","One-reaction","Cafenstrole:+O-1",367.143455,367.14273,6.386,14665,1.97470495571107,-1.504
"79",2603,"Cafenstrole","C16H22N4O3S",351.14854,7.89,"+O",15.994915,"Oxidation","One-reaction","Cafenstrole:+O-2",367.143455,367.14288,6.91,14667,1.56614530967519,-0.98
"80",2654,"Cafenstrole","C16H22N4O3S",351.14854,7.89,"+H2O+NH",33.021464,"Addition of water+Addition of NH","Two-reaction","Cafenstrole:+H2O+NH",384.170004,384.16986,6.384,15375,0.374834053877604,-1.506
"81",2731,"Cafenstrole","C16H22N4O3S",351.14854,7.89,"-CH2-NH3+O",-15.04729,"Demethylation+Deamination","Two-reaction","Cafenstrole:-CH2-NH3+O",336.10125,336.10193,7.055,13195,2.02319985417629,-0.835
"82",2738,"Cafenstrole","C16H22N4O3S",351.14854,7.89,"-NH3-H2",-19.042199,"Loss of ammonia+Dehydrogenation","Two-reaction","Cafenstrole:-NH3-H2",332.106341,332.10709,8.444,13011,2.25530171386168,0.554000000000001
"83",2815,"Carbophenothion","C11H16ClO2PS3",342.98113,9.47,"+O",15.994915,"Oxidation","One-reaction","Carbophenothion:+O",358.976045,358.97559,8.309,14292,1.26749404681893,-1.161
"84",2818,"Carbophenothion","C11H16ClO2PS3",342.98113,9.47,"+H2",2.01565,"Hydrogenation","One-reaction","Carbophenothion:+H2",344.99678,344.99509,7.082,13637,4.89859644486078,-2.388
"85",2870,"Carbophenothion","C11H16ClO2PS3",342.98113,9.47,"+O+O",31.98983,"Oxidation+Oxidation","Two-reaction","Carbophenothion:+O+O",374.97096,374.97156,8.356,14984,1.60012391364899,-1.114
"86",2918,"Carbophenothion","C11H16ClO2PS3",342.98113,9.47,"-S+O+O",0.017755,"Desulphuration+Oxidation","Two-reaction","Carbophenothion:-S+O+O",342.998885,342.9975,7.083,13540,4.03791400071362,-2.387
"87",2956,"Carbophenothion","C11H16ClO2PS3",342.98113,9.47,"-S+O-H2",-17.99281,"Desulphuration+Dehydrogenation","Two-reaction","Carbophenothion:-S+O-H2",324.98832,324.98767,7.34,12663,2.00007187952898,-2.13
"88",2999,"Carbophenothion","C11H16ClO2PS3",342.98113,9.47,"-CO-S+O",-43.972075,"Loss of CO+Desulphuration","Two-reaction","Carbophenothion:-CO-S+O-1",299.009055,299.00916,5.256,11387,0.351159933999716,-4.214
"89",2999,"Carbophenothion","C11H16ClO2PS3",342.98113,9.47,"-CO-S+O",-43.972075,"Loss of CO+Desulphuration","Two-reaction","Carbophenothion:-CO-S+O-2",299.009055,299.00931,3.805,11388,0.852816982543582,-5.665
"90",3002,"Carbophenothion","C11H16ClO2PS3",342.98113,9.47,"-O2+H2-NH",-44.985079,"Reductive amination+Loss of NH","Two-reaction","Carbophenothion:-O2+H2-NH",297.996051,297.99625,7.157,11337,0.667794084131406,-2.313
"91",3003,"Carbophenothion","C11H16ClO2PS3",342.98113,9.47,"-CO2-NH3+O",-45.02147,"Loss of CO2+Deamination","Two-reaction","Carbophenothion:-CO2-NH3+O",297.95966,297.95834,8.107,11331,4.43012990404217,-1.363
"92",3006,"Carbophenothion","C11H16ClO2PS3",342.98113,9.47,"-O2+H2-O",-45.969095,"Reductive amination+Loss of oxygen","Two-reaction","Carbophenothion:-O2+H2-O-1",297.012035,297.01285,5.255,11288,2.74399655215549,-4.215
"93",3006,"Carbophenothion","C11H16ClO2PS3",342.98113,9.47,"-O2+H2-O",-45.969095,"Reductive amination+Loss of oxygen","Two-reaction","Carbophenothion:-O2+H2-O-2",297.012035,297.01288,3.802,11289,2.84500256014806,-5.668
"94",3034,"Carbophenothion","C11H16ClO2PS3",342.98113,9.47,"-Cl+H-O2+H2",-63.93523,"Dechlorination+Reductive amination","Two-reaction","Carbophenothion:-Cl+H-O2+H2",279.0459,279.04483,4.867,10416,3.83449461191508,-4.603
"95",3055,"Chlorthiophos","C11H15Cl2O3PS2",360.965,9.5,"+H2",2.01565,"Hydrogenation","One-reaction","Chlorthiophos:+H2",362.98065,362.97903,7.062,14488,4.46304782363087,-2.438
"96",3060,"Chlorthiophos","C11H15Cl2O3PS2",360.965,9.5,"-S+O",-15.97716,"Desulphuration","One-reaction","Chlorthiophos:-S+O",344.98784,344.98718,8.545,13634,1.913110908437,-0.955
"97",3104,"Chlorthiophos","C11H15Cl2O3PS2",360.965,9.5,"+H2O+NH",33.021464,"Addition of water+Addition of NH","Two-reaction","Chlorthiophos:+H2O+NH",393.986464,393.9852,8.44,15750,3.20823204726124,-1.06
"98",3150,"Chlorthiophos","C11H15Cl2O3PS2",360.965,9.5,"-S+O+NH3",1.049389,"Desulphuration+Addition of ammonia","Two-reaction","Chlorthiophos:-S+O+NH3",362.014389,362.01309,8.543,14443,3.58825516191639,-0.957000000000001
"99",3155,"Chlorthiophos","C11H15Cl2O3PS2",360.965,9.5,"-S+O+O",0.017755,"Desulphuration+Oxidation","Two-reaction","Chlorthiophos:-S+O+O",360.982755,360.98108,7.06,14404,4.64011085509457,-2.44
"100",3177,"Chlorthiophos","C11H15Cl2O3PS2",360.965,9.5,"-C2H4+O",-12.036385,"Loss of C2H4+Oxidation","Two-reaction","Chlorthiophos:-C2H4+O",348.928615,348.9288,5.377,13816,0.530194406797249,-4.123
"101",3192,"Chlorthiophos","C11H15Cl2O3PS2",360.965,9.5,"-Cl+H+O",-17.966135,"Dechlorination+Oxidation","Two-reaction","Chlorthiophos:-Cl+H+O",342.998865,342.9975,7.083,13540,3.97960500546016,-2.417
"102",3229,"Chlorthiophos","C11H15Cl2O3PS2",360.965,9.5,"-Cl+H-H2",-35.9767,"Dechlorination+Dehydrogenation","Two-reaction","Chlorthiophos:-Cl+H-H2",324.9883,324.98767,7.34,12663,1.93853132559239,-2.16
"103",3268,"Chlorthiophos","C11H15Cl2O3PS2",360.965,9.5,"-Cl+H-CO",-61.955965,"Dechlorination+Loss of CO","Two-reaction","Chlorthiophos:-Cl+H-CO-1",299.009035,299.00916,5.256,11387,0.418047568447107,-4.244
"104",3268,"Chlorthiophos","C11H15Cl2O3PS2",360.965,9.5,"-Cl+H-CO",-61.955965,"Dechlorination+Loss of CO","Two-reaction","Chlorthiophos:-Cl+H-CO-2",299.009035,299.00931,3.805,11388,0.919704650545614,-5.695
"105",3289,"Chlortoluron","C10H13ClN2O",213.07892,6.83,"+O",15.994915,"Oxidation","One-reaction","Chlortoluron:+O",229.073835,229.07368,4.709,8032,0.676637731264972,-2.121
"106",3295,"Chlortoluron","C10H13ClN2O",213.07892,6.83,"-CH2",-14.01565,"Demethylation","One-reaction","Chlortoluron:-CH2",199.06327,199.06313,6.637,6604,0.703293982800516,-0.193000000000001
"107",3296,"Chlortoluron","C10H13ClN2O",213.07892,6.83,"-NH",-15.010899,"Loss of NH","One-reaction","Chlortoluron:-NH",198.068021,198.06789,7.627,6548,0.661388947698405,0.797
"108",3311,"Chlortoluron","C10H13ClN2O",213.07892,6.83,"+C2H2O+C2H4",70.041865,"Acetylation+Addition of C2H4","Two-reaction","Chlortoluron:+C2H2O+C2H4",283.120785,283.12192,6.392,10619,4.00888970400591,-0.438
"109",3312,"Chlortoluron","C10H13ClN2O",213.07892,6.83,"+C2H2O+CO",70.00548,"Acetylation+Addition of CO","Two-reaction","Chlortoluron:+C2H2O+CO",283.0844,283.08356,7.012,10608,2.96731292872109,0.181999999999999
"110",3333,"Chlortoluron","C10H13ClN2O",213.07892,6.83,"-H2+CO2",41.97418,"Dehydrogenation+Addition of CO2","Two-reaction","Chlortoluron:-H2+CO2",255.0531,255.05191,5.735,9211,4.66569510430667,-1.095
"111",3414,"Chlortoluron","C10H13ClN2O",213.07892,6.83,"-CH2-H2",-16.0313,"Demethylation+Dehydrogenation","Two-reaction","Chlortoluron:-CH2-H2",197.04762,197.04756,6.712,6490,0.304494923565294,-0.118
"112",3421,"Chlortoluron","C10H13ClN2O",213.07892,6.83,"-Cl+H+CH2",-19.9454,"Dechlorination+Methylation","Two-reaction","Chlortoluron:-Cl+H+CH2",193.13352,193.13307,6.862,6327,2.32999429617773,0.032
"113",3514,"Clethodim","C17H26ClNO3S",360.13947,8.9,"-C2H4",-28.0313,"Loss of C2H4","One-reaction","Clethodim:-C2H4",332.10817,332.10709,8.444,13011,3.25195251879803,-0.456
"114",3517,"Clethodim","C17H26ClNO3S",360.13947,8.9,"-C2H2O",-42.010565,"Deacetylation","One-reaction","Clethodim:-C2H2O",318.128905,318.13037,5.116,12362,4.60505152794241,-3.784
"115",3635,"Clethodim","C17H26ClNO3S",360.13947,8.9,"-Cl+H+H2O",-15.950485,"Dechlorination+Addition of water","Two-reaction","Clethodim:-Cl+H+H2O",344.188985,344.18811,7.325,13601,2.54220802565117,-1.575
"116",3675,"Clethodim","C17H26ClNO3S",360.13947,8.9,"-NH3-NH3",-34.053098,"Loss of ammonia+Loss of ammonia","Two-reaction","Clethodim:-NH3-NH3",326.086372,326.08496,6.144,12731,4.33014109513088,-2.756
"117",3682,"Clethodim","C17H26ClNO3S",360.13947,8.9,"-C2H4-CH2",-42.04695,"Loss of C2H4+Demethylation","Two-reaction","Clethodim:-C2H4-CH2",318.09252,318.09381,4.419,12356,4.05542387491533,-4.481
"118",3782,"Clethodim sulfoxide","C17H26ClNO4S",376.13438,7.24,"+C2H4+CH2",42.04695,"Addition of C2H4+Methylation","Two-reaction","Clethodim sulfoxide:+C2H4+CH2",418.18133,418.18246,6.956,16643,2.70217706751565,-0.284
"119",3857,"Clethodim sulfoxide","C17H26ClNO4S",376.13438,7.24,"-CO+H2O",-9.98435,"Loss of CO+Addition of water","Two-reaction","Clethodim sulfoxide:-CO+H2O",366.15003,366.14859,9.07,14630,3.93281409809615,1.83
"120",3902,"Clethodim sulfoxide","C17H26ClNO4S",376.13438,7.24,"-Cl+H+H2",-31.9454,"Dechlorination+Hydrogenation","Two-reaction","Clethodim sulfoxide:-Cl+H+H2",344.18898,344.18811,7.325,13601,2.52768115940364,0.085
"121",3924,"Clethodim sulfoxide","C17H26ClNO4S",376.13438,7.24,"-C2H2O-H2",-44.026215,"Deacetylation+Dehydrogenation","Two-reaction","Clethodim sulfoxide:-C2H2O-H2",332.108165,332.10709,8.444,13011,3.23689723183267,1.204
"122",3946,"Clethodim sulfoxide","C17H26ClNO4S",376.13438,7.24,"-CO2-CH2",-58.00548,"Loss of CO2+Demethylation","Two-reaction","Clethodim sulfoxide:-CO2-CH2",318.1289,318.13037,5.116,12362,4.62076849993909,-2.124
"123",3960,"Clethodim sulfoxide","C17H26ClNO4S",376.13438,7.24,"-C2H2O-C2H4",-70.041865,"Deacetylation+Loss of C2H4","Two-reaction","Clethodim sulfoxide:-C2H2O-C2H4-1",306.092515,306.09296,1.045,11756,1.45380882643717,-6.195
"124",3960,"Clethodim sulfoxide","C17H26ClNO4S",376.13438,7.24,"-C2H2O-C2H4",-70.041865,"Deacetylation+Loss of C2H4","Two-reaction","Clethodim sulfoxide:-C2H2O-C2H4-2",306.092515,306.09308,1.342,11757,1.84584716158315,-5.898
"125",3964,"Clethodim sulfoxide","C17H26ClNO4S",376.13438,7.24,"-C2H2O-Cl+H",-75.971615,"Deacetylation+Dechlorination","Two-reaction","Clethodim sulfoxide:-C2H2O-Cl+H",300.162765,300.1629,8.607,11451,0.449755984891125,1.367
"126",3975,"Crufomate","C12H19ClNO3P",292.08638,8.22,"+O",15.994915,"Oxidation","One-reaction","Crufomate:+O",308.081295,308.08047,6.757,11855,2.67786462018177,-1.463
"127",3977,"Crufomate","C12H19ClNO3P",292.08638,8.22,"+CH2",14.01565,"Methylation","One-reaction","Crufomate:+CH2-1",306.10203,306.10321,7.793,11760,3.85492379771753,-0.427
"128",3977,"Crufomate","C12H19ClNO3P",292.08638,8.22,"+CH2",14.01565,"Methylation","One-reaction","Crufomate:+CH2-2",306.10203,306.10339,7.923,11761,4.44296302111076,-0.297000000000001
"129",3977,"Crufomate","C12H19ClNO3P",292.08638,8.22,"+CH2",14.01565,"Methylation","One-reaction","Crufomate:+CH2-3",306.10203,306.10352,4.5,11762,4.86765801582491,-3.72
"130",3980,"Crufomate","C12H19ClNO3P",292.08638,8.22,"-H2",-2.01565,"Dehydrogenation","One-reaction","Crufomate:-H2",290.07073,290.07001,7.599,10958,2.48215323207951,-0.621
"131",3981,"Crufomate","C12H19ClNO3P",292.08638,8.22,"-CH2",-14.01565,"Demethylation","One-reaction","Crufomate:-CH2",278.07073,278.06976,7.635,10370,3.48832111906239,-0.585000000000001
"132",4020,"Crufomate","C12H19ClNO3P",292.08638,8.22,"-NH3+O+C2H2O",40.978925,"Deamination+Acetylation","Two-reaction","Crufomate:-NH3+O+C2H2O",333.065305,333.06674,6.499,13059,4.30846437144844,-1.721
"133",4026,"Crufomate","C12H19ClNO3P",292.08638,8.22,"+H2O+NH",33.021464,"Addition of water+Addition of NH","Two-reaction","Crufomate:+H2O+NH",325.107844,325.10806,6.757,12679,0.664394920053318,-1.463
"134",4046,"Crufomate","C12H19ClNO3P",292.08638,8.22,"-NH3+O+H2O",16.978925,"Deamination+Addition of water","Two-reaction","Crufomate:-NH3+O+H2O",309.065305,309.06674,7.361,11905,4.64303167241017,-0.859000000000001
"135",4061,"Crufomate","C12H19ClNO3P",292.08638,8.22,"-Cl+H+C2H2O",8.049515,"Dechlorination+Acetylation","Two-reaction","Crufomate:-Cl+H+C2H2O-1",300.135895,300.13562,6.878,11446,0.916251619913082,-1.342
"136",4061,"Crufomate","C12H19ClNO3P",292.08638,8.22,"-Cl+H+C2H2O",8.049515,"Dechlorination+Acetylation","Two-reaction","Crufomate:-Cl+H+C2H2O-2",300.135895,300.13568,7.035,11447,0.716342175685489,-1.185
"137",4100,"Crufomate","C12H19ClNO3P",292.08638,8.22,"-CH2-H2",-16.0313,"Demethylation+Dehydrogenation","Two-reaction","Crufomate:-CH2-H2",276.05508,276.05441,7.533,10270,2.42705187659242,-0.687
"138",4165,"Crufomate","C12H19ClNO3P",292.08638,8.22,"-CO2-NH3",-61.016379,"Loss of CO2+Loss of ammonia","Two-reaction","Crufomate:-CO2-NH3",231.070001,231.07092,4.709,8114,3.97714976428432,-3.511
"139",4194,"Cyhalothrin iso 1","C23H19ClF3NO3",467.13438,9.52,"-NH",-15.010899,"Loss of NH","One-reaction","Cyhalothrin iso 1:-NH",452.123481,452.12411,9.136,17656,1.39121285750408,-0.384
"140",4235,"Cyhalothrin iso 1","C23H19ClF3NO3",467.13438,9.52,"+H2O+H2O",36.02113,"Addition of water+Addition of water","Two-reaction","Cyhalothrin iso 1:+H2O+H2O",503.15551,503.15329,6.392,18948,4.41215480272827,-3.128
"141",4264,"Cyhalothrin iso 1","C23H19ClF3NO3",467.13438,9.52,"-NH3+O+O",14.963275,"Deamination+Oxidation","Two-reaction","Cyhalothrin iso 1:-NH3+O+O",482.097655,482.09885,5.663,18456,2.47875090795134,-3.857
"142",4431,"Cyhalothrin iso 2","C23H19ClF3NO3",467.13438,9.52,"-NH",-15.010899,"Loss of NH","One-reaction","Cyhalothrin iso 2:-NH",452.123481,452.12411,9.136,17656,1.39121285750408,-0.384
"143",4472,"Cyhalothrin iso 2","C23H19ClF3NO3",467.13438,9.52,"+H2O+H2O",36.02113,"Addition of water+Addition of water","Two-reaction","Cyhalothrin iso 2:+H2O+H2O",503.15551,503.15329,6.392,18948,4.41215480272827,-3.128
"144",4501,"Cyhalothrin iso 2","C23H19ClF3NO3",467.13438,9.52,"-NH3+O+O",14.963275,"Deamination+Oxidation","Two-reaction","Cyhalothrin iso 2:-NH3+O+O",482.097655,482.09885,5.663,18456,2.47875090795134,-3.857
"145",4899,"Diafenthiuron","C23H32N2OS",385.23081,9.48,"+H2O+O",34.00548,"Addition of water+Oxidation","Two-reaction","Diafenthiuron:+H2O+O",419.23629,419.23633,10.068,16674,0.0954115876101674,0.587999999999999
"146",4903,"Diafenthiuron","C23H32N2OS",385.23081,9.48,"+O+O",31.98983,"Oxidation+Oxidation","Two-reaction","Diafenthiuron:+O+O",417.22064,417.21994,7.719,16619,1.67776934524336,-1.761
"147",5058,"Diamidafos","C8H13N2O2P",201.07874,4.83,"+CO",27.994915,"Addition of CO","One-reaction","Diamidafos:+CO",229.073655,229.07368,4.709,8032,0.109135203669425,-0.121
"148",5066,"Diamidafos","C8H13N2O2P",201.07874,4.83,"-H2",-2.01565,"Dehydrogenation","One-reaction","Diamidafos:-H2",199.06309,199.06313,6.637,6604,0.20094131972279,1.807
"149",5161,"Diamidafos","C8H13N2O2P",201.07874,4.83,"-NH3+CH2",-3.010899,"Loss of ammonia+Methylation","Two-reaction","Diamidafos:-NH3+CH2",198.067841,198.06789,7.627,6548,0.247389984012576,2.797
"150",5164,"Diamidafos","C8H13N2O2P",201.07874,4.83,"-H2-H2",-4.0313,"Dehydrogenation+Dehydrogenation","Two-reaction","Diamidafos:-H2-H2",197.04744,197.04756,6.712,6490,0.608990403578285,1.882
"151",5224,"Diamidafos","C8H13N2O2P",201.07874,4.83,"-C2H4-C2H4",-56.0626,"Loss of C2H4+Loss of C2H4","Two-reaction","Diamidafos:-C2H4-C2H4",145.01614,145.01622,1.607,4006,0.551662732141204,-3.223
"152",5229,"Diamidafos","C8H13N2O2P",201.07874,4.83,"-C2H2O-NH3",-59.037114,"Deacetylation+Loss of ammonia","Two-reaction","Diamidafos:-C2H2O-NH3",142.041626,142.0415,6.642,3844,0.887063908959472,1.812
"153",5338,"Diclofop-methyl","C16H14Cl2O4",341.03419,9.14,"-CH2+NH3",3.010899,"Demethylation+Addition of ammonia","Two-reaction","Diclofop-methyl:-CH2+NH3",344.045089,344.04428,8.685,13585,2.35143597705542,-0.455
"154",5387,"Diclofop-methyl","C16H14Cl2O4",341.03419,9.14,"-CO2+NH3",-26.963281,"Loss of CO2+Addition of ammonia","Two-reaction","Diclofop-methyl:-CO2+NH3",314.070909,314.07156,1.038,12160,2.07278032237249,-8.102
"155",5463,"Dimethachlor","C13H18ClNO2",256.10988,7.21,"+CH2",14.01565,"Methylation","One-reaction","Dimethachlor:+CH2",270.12553,270.12512,7.289,10000,1.51781284814092,0.0789999999999997
"156",5500,"Dimethachlor","C13H18ClNO2",256.10988,7.21,"+C2H2O+H2",44.026215,"Acetylation+Hydrogenation","Two-reaction","Dimethachlor:+C2H2O+H2-1",300.136095,300.13562,6.878,11446,1.58261537984777,-0.332
"157",5500,"Dimethachlor","C13H18ClNO2",256.10988,7.21,"+C2H2O+H2",44.026215,"Acetylation+Hydrogenation","Two-reaction","Dimethachlor:+C2H2O+H2-2",300.136095,300.13568,7.035,11447,1.38270606883271,-0.175
"158",5526,"Dimethachlor","C13H18ClNO2",256.10988,7.21,"-H2+C2H4",26.01565,"Dehydrogenation+Addition of C2H4","Two-reaction","Dimethachlor:-H2+C2H4",282.12553,282.12469,6.878,10573,2.97739803994078,-0.332
"159",5679,"Diuron","C9H10Cl2N2O",233.02429,7.14,"-CH2",-14.01565,"Demethylation","One-reaction","Diuron:-CH2-1",219.00864,219.00789,6.701,7568,3.42452242984882,-0.439
"160",5679,"Diuron","C9H10Cl2N2O",233.02429,7.14,"-CH2",-14.01565,"Demethylation","One-reaction","Diuron:-CH2-2",219.00864,219.00812,6.993,7569,2.37433555143279,-0.146999999999999
"161",5685,"Diuron","C9H10Cl2N2O",233.02429,7.14,"-C2H4",-28.0313,"Loss of C2H4","One-reaction","Diuron:-C2H4",204.99299,204.99261,6.681,6888,1.85372192472781,-0.459
"162",5687,"Diuron","C9H10Cl2N2O",233.02429,7.14,"-Cl+H",-33.96105,"Dechlorination","One-reaction","Diuron:-Cl+H",199.06324,199.06313,6.637,6604,0.552588212703128,-0.503
"163",5798,"Diuron","C9H10Cl2N2O",233.02429,7.14,"-CH2-H2",-16.0313,"Demethylation+Dehydrogenation","Two-reaction","Diuron:-CH2-H2-1",216.99299,216.99216,6.846,7469,3.82500835616504,-0.294
"164",5798,"Diuron","C9H10Cl2N2O",233.02429,7.14,"-CH2-H2",-16.0313,"Demethylation+Dehydrogenation","Two-reaction","Diuron:-CH2-H2-2",216.99299,216.99339,7.067,7470,1.8433775211507,-0.0729999999999995
"165",5831,"Diuron","C9H10Cl2N2O",233.02429,7.14,"-Cl+H-H2",-35.9767,"Dechlorination+Dehydrogenation","Two-reaction","Diuron:-Cl+H-H2",197.04759,197.04756,6.712,6490,0.152247485034059,-0.428
"166",5862,"Diuron","C9H10Cl2N2O",233.02429,7.14,"-C2H2O-H2O",-60.02113,"Deacetylation+Loss of water","Two-reaction","Diuron:-C2H2O-H2O",173.00316,173.00305,0.998,5313,0.635826536385195,-6.142
"167",5883,"Ethaboxam","C14H16N4OS2",321.08383,6.53,"+H2O",18.010565,"Addition of water","One-reaction","Ethaboxam:+H2O",339.094395,339.09433,5.458,13344,0.191687037488252,-1.072
"168",5898,"Ethaboxam","C14H16N4OS2",321.08383,6.53,"-C2H4",-28.0313,"Loss of C2H4","One-reaction","Ethaboxam:-C2H4",293.05253,293.05231,5.552,11102,0.75071865106569,-0.978000000000001
"169",5901,"Ethaboxam","C14H16N4OS2",321.08383,6.53,"-CO2",-43.98983,"Loss of CO2","One-reaction","Ethaboxam:-CO2",277.094,277.09464,7.176,10319,2.30968552199836,0.646
"170",5957,"Ethaboxam","C14H16N4OS2",321.08383,6.53,"+NH3+H2",19.042199,"Addition of ammonia+Hydrogenation","Two-reaction","Ethaboxam:+NH3+H2-1",340.126029,340.1246,4.454,13403,4.20138383478467,-2.076
"171",5957,"Ethaboxam","C14H16N4OS2",321.08383,6.53,"+NH3+H2",19.042199,"Addition of ammonia+Hydrogenation","Two-reaction","Ethaboxam:+NH3+H2-2",340.126029,340.12463,4.559,13404,4.11318123492441,-1.971
"172",5977,"Ethaboxam","C14H16N4OS2",321.08383,6.53,"-NH+H2O",2.999666,"Loss of NH+Addition of water","Two-reaction","Ethaboxam:-NH+H2O-1",324.083496,324.08188,7.057,12620,4.98636931518635,0.527
"173",5977,"Ethaboxam","C14H16N4OS2",321.08383,6.53,"-NH+H2O",2.999666,"Loss of NH+Addition of water","Two-reaction","Ethaboxam:-NH+H2O-2",324.083496,324.08307,5.957,12622,1.3144760694771,-0.573
"174",5983,"Ethaboxam","C14H16N4OS2",321.08383,6.53,"-NH+O",0.984016,"Loss of NH+Oxidation","Two-reaction","Ethaboxam:-NH+O",322.067846,322.06689,5.467,12527,2.96831866902279,-1.063
"175",6002,"Ethaboxam","C14H16N4OS2",321.08383,6.53,"-C2H4+NH3",-11.004751,"Loss of C2H4+Addition of ammonia","Two-reaction","Ethaboxam:-C2H4+NH3",310.079079,310.07812,6.757,11958,3.0927594440068,0.226999999999999
"176",6115,"Ethidimuron","C7H12N4O3S2",265.04236,4.31,"+CO2+C2H2O",86.000395,"Addition of CO2+Acetylation","Two-reaction","Ethidimuron:+CO2+C2H2O",351.042755,351.04236,4.812,13927,1.12521906348958,0.502000000000001
"177",6309,"Ethiofencarb","C11H15NO2S",226.08963,6.56,"+O",15.994915,"Oxidation","One-reaction","Ethiofencarb:+O",242.084545,242.08421,4.217,8635,1.38381407197405,-2.343
"178",6502,"Ethiofencarb","C11H15NO2S",226.08963,6.56,"-CO2-S+O",-59.96699,"Loss of CO2+Desulphuration","Two-reaction","Ethiofencarb:-CO2-S+O-1",166.12264,166.12225,1.716,5001,2.34766314803137,-4.844
"179",6502,"Ethiofencarb","C11H15NO2S",226.08963,6.56,"-CO2-S+O",-59.96699,"Loss of CO2+Desulphuration","Two-reaction","Ethiofencarb:-CO2-S+O-2",166.12264,166.12225,2.34,5002,2.34766314803137,-4.22
"180",6608,"Ethiofencarb (special adduct)","C11H15NO2S",107.04914,6.56,"-H2O+C2H4",10.020735,"Loss of water+Addition of C2H4","Two-reaction","Ethiofencarb (special adduct):-H2O+C2H4-1",117.069875,117.06984,9.213,2689,0.298966749532265,2.653
"181",6608,"Ethiofencarb (special adduct)","C11H15NO2S",107.04914,6.56,"-H2O+C2H4",10.020735,"Loss of water+Addition of C2H4","Two-reaction","Ethiofencarb (special adduct):-H2O+C2H4-2",117.069875,117.06984,9.454,2690,0.298966749532265,2.894
"182",6608,"Ethiofencarb (special adduct)","C11H15NO2S",107.04914,6.56,"-H2O+C2H4",10.020735,"Loss of water+Addition of C2H4","Two-reaction","Ethiofencarb (special adduct):-H2O+C2H4-3",117.069875,117.07001,9.287,2691,1.15315746258564,2.727
"183",6733,"Etrimfos","C10H17N2O4PS",293.07194,8.39,"+O",15.994915,"Oxidation","One-reaction","Etrimfos:+O",309.066855,309.06674,7.361,11905,0.372087780146694,-1.029
"184",6741,"Etrimfos","C10H17N2O4PS",293.07194,8.39,"-S+O",-15.97716,"Desulphuration","One-reaction","Etrimfos:-S+O",277.09478,277.09464,7.176,10319,0.505242285645347,-1.214
"185",6746,"Etrimfos","C10H17N2O4PS",293.07194,8.39,"-C2H4",-28.0313,"Loss of C2H4","One-reaction","Etrimfos:-C2H4",265.04064,265.04065,5.872,9725,0.0377300629503304,-2.518
"186",6751,"Etrimfos","C10H17N2O4PS",293.07194,8.39,"+CO2+C2H2O",86.000395,"Addition of CO2+Acetylation","Two-reaction","Etrimfos:+CO2+C2H2O",379.072335,379.07233,5.651,15165,0.0131900946751395,-2.739
"187",6779,"Etrimfos","C10H17N2O4PS",293.07194,8.39,"-H2+C2H2O",39.994915,"Dehydrogenation+Acetylation","Two-reaction","Etrimfos:-H2+C2H2O",333.066855,333.06674,6.499,13059,0.345276025721232,-1.891
"188",6785,"Etrimfos","C10H17N2O4PS",293.07194,8.39,"+NH3+NH",32.037448,"Addition of ammonia+Addition of NH","Two-reaction","Etrimfos:+NH3+NH",325.109388,325.10806,6.757,12679,4.08477899752585,-1.633
"189",6811,"Etrimfos","C10H17N2O4PS",293.07194,8.39,"-NH+C2H4",13.020401,"Loss of NH+Addition of C2H4","Two-reaction","Etrimfos:-NH+C2H4-1",306.092341,306.09296,1.045,11756,2.02226556210628,-7.345
"190",6811,"Etrimfos","C10H17N2O4PS",293.07194,8.39,"-NH+C2H4",13.020401,"Loss of NH+Addition of C2H4","Two-reaction","Etrimfos:-NH+C2H4-2",306.092341,306.09308,1.342,11757,2.41430412010877,-7.048
"191",6882,"Etrimfos","C10H17N2O4PS",293.07194,8.39,"-NH-NH",-30.021798,"Loss of NH+Loss of NH","Two-reaction","Etrimfos:-NH-NH",263.050142,263.05017,7.33,9634,0.106443584380008,-1.06
"192",6896,"Etrimfos","C10H17N2O4PS",293.07194,8.39,"-NH3-NH3",-34.053098,"Loss of ammonia+Loss of ammonia","Two-reaction","Etrimfos:-NH3-NH3",259.018842,259.01804,7.058,9441,3.09629984378321,-1.332
"193",6930,"Etrimfos","C10H17N2O4PS",293.07194,8.39,"-CO2-H2O",-62.000395,"Loss of CO2+Loss of water","Two-reaction","Etrimfos:-CO2-H2O",231.071545,231.07092,4.709,8114,2.70478998175747,-3.681
"194",7117,"Famoxadone","C22H18N2O4",392.16048,8.49,"-CO2-NH3",-61.016379,"Loss of CO2+Loss of ammonia","Two-reaction","Famoxadone:-CO2-NH3",331.144101,331.14319,7.787,12967,2.75106818216787,-0.703
"195",7249,"Fenarimol","C17H12Cl2N2O",331.03995,8.01,"-O2+H2+NH3",-12.947631,"Reductive amination+Addition of ammonia","Two-reaction","Fenarimol:-O2+H2+NH3",318.092319,318.09381,4.419,12356,4.68731846380766,-3.591
"196",7269,"Fenarimol","C17H12Cl2N2O",331.03995,8.01,"-CO+H2",-25.979265,"Loss of CO+Hydrogenation","Two-reaction","Fenarimol:-CO+H2",305.060685,305.05954,7.046,11696,3.7533515665951,-0.964
"197",7293,"Fenarimol","C17H12Cl2N2O",331.03995,8.01,"-C2H2O+H2",-39.994915,"Deacetylation+Hydrogenation","Two-reaction","Fenarimol:-C2H2O+H2",291.045035,291.04453,6.583,11009,1.73512666167129,-1.427
"198",7300,"Fenarimol","C17H12Cl2N2O",331.03995,8.01,"-CO2-NH3+O",-45.02147,"Loss of CO2+Deamination","Two-reaction","Fenarimol:-CO2-NH3+O",286.01848,286.01749,1.464,10757,3.46131480735651,-6.546
"199",7332,"Fenarimol","C17H12Cl2N2O",331.03995,8.01,"-CO2-C2H4",-72.02113,"Loss of CO2+Loss of C2H4","Two-reaction","Fenarimol:-CO2-C2H4",259.01882,259.01804,7.058,9441,3.01136419361423,-0.952
"200",7395,"Fenpyrazamine","C17H21N3O2S",332.14272,7.83,"+H2O+O",34.00548,"Addition of water+Oxidation","Two-reaction","Fenpyrazamine:+H2O+O-1",366.1482,366.14731,6.046,14629,2.43070975077813,-1.784
"201",7395,"Fenpyrazamine","C17H21N3O2S",332.14272,7.83,"+H2O+O",34.00548,"Addition of water+Oxidation","Two-reaction","Fenpyrazamine:+H2O+O-2",366.1482,366.14859,9.07,14630,1.06514247520137,1.24
"202",7446,"Fenpyrazamine","C17H21N3O2S",332.14272,7.83,"-C2H4+CO",-0.036385,"Loss of C2H4+Addition of CO","Two-reaction","Fenpyrazamine:-C2H4+CO",332.106335,332.10709,8.444,13011,2.27336825726761,0.614000000000001
"203",7540,"Fenpyrazamine","C17H21N3O2S",332.14272,7.83,"-C2H2O-H2O",-60.02113,"Deacetylation+Loss of water","Two-reaction","Fenpyrazamine:-C2H2O-H2O",272.12159,272.12088,7.272,10098,2.60912778007218,-0.558
"204",7563,"Fenthion sulfoxide","C10H15O4PS2",295.02221,6.46,"-CH2",-14.01565,"Demethylation","One-reaction","Fenthion sulfoxide:-CH2",281.00656,281.00644,3.137,10509,0.427036294032589,-3.323
"205",7565,"Fenthion sulfoxide","C10H15O4PS2",295.02221,6.46,"-S+O",-15.97716,"Desulphuration","One-reaction","Fenthion sulfoxide:-S+O",279.04505,279.04483,4.867,10416,0.788403162905013,-1.593
"206",7595,"Fenthion sulfoxide","C10H15O4PS2",295.02221,6.46,"+CO+NH3",45.021464,"Addition of CO+Addition of ammonia","Two-reaction","Fenthion sulfoxide:+CO+NH3",340.043674,340.04288,7.157,13392,2.33499418073239,0.697
"207",7615,"Fenthion sulfoxide","C10H15O4PS2",295.02221,6.46,"+NH+NH",30.021798,"Addition of NH+Addition of NH","Two-reaction","Fenthion sulfoxide:+NH+NH",325.044008,325.04449,4.741,12670,1.48287612788967,-1.719
"208",7712,"Fenthion sulfoxide","C10H15O4PS2",295.02221,6.46,"-O-S+O",-31.972075,"Loss of oxygen+Desulphuration","Two-reaction","Fenthion sulfoxide:-O-S+O",263.050135,263.05017,7.33,9634,0.133054483961686,0.87
"209",7750,"Fenthion sulfoxide","C10H15O4PS2",295.02221,6.46,"-CO2-S+O",-59.96699,"Loss of CO2+Desulphuration","Two-reaction","Fenthion sulfoxide:-CO2-S+O",235.05522,235.05637,5.283,8296,4.89246739551474,-1.177
"210",7845,"Flamprop-M isopropyl","C19H19ClFNO3",364.11103,8.43,"-C2H4+CO2",15.95853,"Loss of C2H4+Addition of CO2","Two-reaction","Flamprop-M isopropyl:-C2H4+CO2",380.06956,380.06857,5.221,15209,2.60478634490381,-3.209
"211",8067,"Flazasulfuron","C13H12F3N5O5S",408.0584,7.21,"-CH2+CO2",29.97418,"Demethylation+Addition of CO2","Two-reaction","Flazasulfuron:-CH2+CO2",438.03258,438.03354,7.995,17234,2.19161780162676,0.785
"212",8105,"Flazasulfuron","C13H12F3N5O5S",408.0584,7.21,"-CH2+O",1.979265,"Demethylation+Oxidation","Two-reaction","Flazasulfuron:-CH2+O",410.037665,410.0394,7.997,16360,4.23131860336901,0.787
"213",8126,"Flazasulfuron","C13H12F3N5O5S",408.0584,7.21,"-H2-NH3+O",-3.04729,"Dehydrogenation+Deamination","Two-reaction","Flazasulfuron:-H2-NH3+O-1",405.01111,405.0126,5.563,16185,3.67891142553255,-1.647
"214",8126,"Flazasulfuron","C13H12F3N5O5S",408.0584,7.21,"-H2-NH3+O",-3.04729,"Dehydrogenation+Deamination","Two-reaction","Flazasulfuron:-H2-NH3+O-2",405.01111,405.01273,5.645,16186,3.9998902746214,-1.565
"215",8148,"Flazasulfuron","C13H12F3N5O5S",408.0584,7.21,"-NH-NH3+O",-16.042539,"Loss of NH+Deamination","Two-reaction","Flazasulfuron:-NH-NH3+O",392.015861,392.01602,4.383,15679,0.405595833922931,-2.827
"216",8202,"Flazasulfuron","C13H12F3N5O5S",408.0584,7.21,"-C2H4-NH3",-45.057849,"Loss of C2H4+Loss of ammonia","Two-reaction","Flazasulfuron:-C2H4-NH3-1",363.000551,363.0004,4.746,14489,0.415977329907199,-2.464
"217",8202,"Flazasulfuron","C13H12F3N5O5S",408.0584,7.21,"-C2H4-NH3",-45.057849,"Loss of C2H4+Loss of ammonia","Two-reaction","Flazasulfuron:-C2H4-NH3-2",363.000551,363.00049,4.811,14490,0.168043821949121,-2.399
"218",8225,"Flazasulfuron","C13H12F3N5O5S",408.0584,7.21,"-C2H2O-H2O",-60.02113,"Deacetylation+Loss of water","Two-reaction","Flazasulfuron:-C2H2O-H2O",348.03727,348.03793,8.684,13759,1.89634862967108,1.474
"219",8265,"Florasulam","C12H8F3N5O3S",360.03727,5.38,"+CO2+CO",71.984745,"Addition of CO2+Addition of CO","Two-reaction","Florasulam:+CO2+CO-1",432.022015,432.02209,7.739,17059,0.173602264183628,2.359
"220",8265,"Florasulam","C12H8F3N5O3S",360.03727,5.38,"+CO2+CO",71.984745,"Addition of CO2+Addition of CO","Two-reaction","Florasulam:+CO2+CO-2",432.022015,432.02286,7.997,17060,1.95591884355659,2.617
"221",8285,"Florasulam","C12H8F3N5O3S",360.03727,5.38,"+CO+NH",43.005814,"Addition of CO+Addition of NH","Two-reaction","Florasulam:+CO+NH",403.043084,403.04272,4.35,16114,0.903129254656374,-1.03
"222",8372,"Florasulam","C12H8F3N5O3S",360.03727,5.38,"-CH2+H2",-12,"Demethylation+Hydrogenation","Two-reaction","Florasulam:-CH2+H2",348.03727,348.03793,8.684,13759,1.89634862967108,3.304
"223",8596,"Flusilazole","C16H15F2N3Si",316.10761,8.24,"-NH3+O-NH3+O",-2.06328,"Deamination+Deamination","Two-reaction","Flusilazole:-NH3+O-NH3+O",314.04433,314.0451,6.351,12154,2.45188314652461,-1.889
"224",8668,"Flusilazole","C16H15F2N3Si",316.10761,8.24,"-C2H4-CH2",-42.04695,"Loss of C2H4+Demethylation","Two-reaction","Flusilazole:-C2H4-CH2",274.06066,274.06183,6.39,10188,4.2691278638893,-1.85
"225",8672,"Flusilazole","C16H15F2N3Si",316.10761,8.24,"-C2H4-S+O",-44.00846,"Loss of C2H4+Desulphuration","Two-reaction","Flusilazole:-C2H4-S+O",272.09915,272.09998,0.992,10097,3.05035866524264,-7.248
"226",8683,"Flusilazole","C16H15F2N3Si",316.10761,8.24,"-O2+H2-NH3",-47.000729,"Reductive amination+Loss of ammonia","Two-reaction","Flusilazole:-O2+H2-NH3",269.106881,269.10675,6.392,9945,0.486795430586992,-1.848
"227",8713,"Hydramethylnon","C25H24F6N4",495.19779,8.78,"+C2H4",28.0313,"Addition of C2H4","One-reaction","Hydramethylnon:+C2H4-1",523.22909,523.22772,7.755,19407,2.61835594818586,-1.025
"228",8713,"Hydramethylnon","C25H24F6N4",495.19779,8.78,"+C2H4",28.0313,"Addition of C2H4","One-reaction","Hydramethylnon:+C2H4-2",523.22909,523.22833,8.148,19408,1.45251862814787,-0.632
"229",8714,"Hydramethylnon","C25H24F6N4",495.19779,8.78,"+CO",27.994915,"Addition of CO","One-reaction","Hydramethylnon:+CO-1",523.192705,523.19043,8.811,19404,4.34830221888168,0.0310000000000006
"230",8714,"Hydramethylnon","C25H24F6N4",495.19779,8.78,"+CO",27.994915,"Addition of CO","One-reaction","Hydramethylnon:+CO-2",523.192705,523.19226,8.959,19406,0.850547027434856,0.179
"231",8719,"Hydramethylnon","C25H24F6N4",495.19779,8.78,"+CH2",14.01565,"Methylation","One-reaction","Hydramethylnon:+CH2",509.21344,509.21286,7.601,19076,1.13901157049894,-1.179
"232",8721,"Hydramethylnon","C25H24F6N4",495.19779,8.78,"-NH3+O",-1.03164,"Deamination","One-reaction","Hydramethylnon:-NH3+O",494.16615,494.1683,6.774,18736,4.35076340209036,-2.006
"233",8732,"Hydramethylnon","C25H24F6N4",495.19779,8.78,"-C2H2O",-42.010565,"Deacetylation","One-reaction","Hydramethylnon:-C2H2O",453.187225,453.18701,6.364,17698,0.474417609687942,-2.416
"234",8749,"Hydramethylnon","C25H24F6N4",495.19779,8.78,"+C2H4+C2H4",56.0626,"Addition of C2H4+Addition of C2H4","Two-reaction","Hydramethylnon:+C2H4+C2H4-1",551.26039,551.25934,8.454,20011,1.90472600448853,-0.325999999999999
"235",8749,"Hydramethylnon","C25H24F6N4",495.19779,8.78,"+C2H4+C2H4",56.0626,"Addition of C2H4+Addition of C2H4","Two-reaction","Hydramethylnon:+C2H4+C2H4-2",551.26039,551.26093,8.201,20012,0.979573373666251,-0.578999999999999
"236",8760,"Hydramethylnon","C25H24F6N4",495.19779,8.78,"+C2H4+CH2",42.04695,"Addition of C2H4+Methylation","Two-reaction","Hydramethylnon:+C2H4+CH2-1",537.24474,537.24268,8.089,19722,3.83437909513752,-0.690999999999999
"237",8760,"Hydramethylnon","C25H24F6N4",495.19779,8.78,"+C2H4+CH2",42.04695,"Addition of C2H4+Methylation","Two-reaction","Hydramethylnon:+C2H4+CH2-2",537.24474,537.24341,8.191,19723,2.47559427001368,-0.588999999999999
"238",8784,"Hydramethylnon","C25H24F6N4",495.19779,8.78,"-H2+CO",25.979265,"Dehydrogenation+Addition of CO","Two-reaction","Hydramethylnon:-H2+CO-1",521.177055,521.17572,10.499,19359,2.56150954312456,1.719
"239",8784,"Hydramethylnon","C25H24F6N4",495.19779,8.78,"-H2+CO",25.979265,"Dehydrogenation+Addition of CO","Two-reaction","Hydramethylnon:-H2+CO-2",521.177055,521.17609,10.316,19360,1.85157805911282,1.536
"240",8784,"Hydramethylnon","C25H24F6N4",495.19779,8.78,"-H2+CO",25.979265,"Dehydrogenation+Addition of CO","Two-reaction","Hydramethylnon:-H2+CO-3",521.177055,521.17621,10.112,19361,1.62133001044459,1.332
"241",8784,"Hydramethylnon","C25H24F6N4",495.19779,8.78,"-H2+CO",25.979265,"Dehydrogenation+Addition of CO","Two-reaction","Hydramethylnon:-H2+CO-4",521.177055,521.17627,8.744,19362,1.50620598589234,-0.0359999999999996
"242",8784,"Hydramethylnon","C25H24F6N4",495.19779,8.78,"-H2+CO",25.979265,"Dehydrogenation+Addition of CO","Two-reaction","Hydramethylnon:-H2+CO-5",521.177055,521.17639,10.198,19363,1.27595793722411,1.418
"243",8784,"Hydramethylnon","C25H24F6N4",495.19779,8.78,"-H2+CO",25.979265,"Dehydrogenation+Addition of CO","Two-reaction","Hydramethylnon:-H2+CO-6",521.177055,521.17657,8.669,19364,0.930585864003641,-0.110999999999999
"244",8846,"Hydramethylnon","C25H24F6N4",495.19779,8.78,"-F+H+H2",-15.97495,"Defluorination+Hydrogenation","Two-reaction","Hydramethylnon:-F+H+H2",479.22284,479.22382,9.54,18396,2.04497765584379,0.76
"245",8905,"Hydramethylnon","C25H24F6N4",495.19779,8.78,"-CO2-CH2",-58.00548,"Loss of CO2+Demethylation","Two-reaction","Hydramethylnon:-CO2-CH2",437.19231,437.19122,7.659,17215,2.49318200503879,-1.121
"246",9092,"Indoxacarb","C22H17ClF3N3O7",528.07799,8.75,"-O2+H2-H2",-31.98983,"Reductive amination+Dehydrogenation","Two-reaction","Indoxacarb:-O2+H2-H2",496.08816,496.086,6.742,18781,4.35406480977795,-2.008
"247",9136,"Indoxacarb","C22H17ClF3N3O7",528.07799,8.75,"-CO2-CH2",-58.00548,"Loss of CO2+Demethylation","Two-reaction","Indoxacarb:-CO2-CH2",470.07251,470.07074,9.119,18177,3.76537653738103,0.369
"248",9166,"Iprovalicarb","C18H28N2O3",321.21727,7.89,"+O",15.994915,"Oxidation","One-reaction","Iprovalicarb:+O-1",337.212185,337.21088,6.48,13260,3.869966917127,-1.41
"249",9166,"Iprovalicarb","C18H28N2O3",321.21727,7.89,"+O",15.994915,"Oxidation","One-reaction","Iprovalicarb:+O-2",337.212185,337.21234,6.396,13263,0.45965124304914,-1.494
"250",9251,"Iprovalicarb","C18H28N2O3",321.21727,7.89,"-CH2+H2O",3.994915,"Demethylation+Addition of water","Two-reaction","Iprovalicarb:-CH2+H2O",325.212185,325.21365,9.933,12695,4.50475125953861,2.043
"251",9354,"Isoproturon","C12H18N2O",207.14919,7.03,"+O",15.994915,"Oxidation","One-reaction","Isoproturon:+O-1",223.144105,223.14374,4.807,7775,1.63571428421987,-2.223
"252",9354,"Isoproturon","C12H18N2O",207.14919,7.03,"+O",15.994915,"Oxidation","One-reaction","Isoproturon:+O-2",223.144105,223.14378,4.718,7776,1.45645792436992,-2.312
"253",9360,"Isoproturon","C12H18N2O",207.14919,7.03,"-CH2",-14.01565,"Demethylation","One-reaction","Isoproturon:-CH2",193.13354,193.13307,6.862,6327,2.43354934625584,-0.168
"254",9407,"Isoproturon","C12H18N2O",207.14919,7.03,"+O+O",31.98983,"Oxidation+Oxidation","Two-reaction","Isoproturon:+O+O",239.13902,239.13828,2.339,8489,3.0944343586383,-4.691
"255",9442,"Isoproturon","C12H18N2O",207.14919,7.03,"-CH2+O",1.979265,"Demethylation+Oxidation","Two-reaction","Isoproturon:-CH2+O-1",209.128455,209.12816,2.538,7105,1.41061626450672,-4.492
"256",9442,"Isoproturon","C12H18N2O",207.14919,7.03,"-CH2+O",1.979265,"Demethylation+Oxidation","Two-reaction","Isoproturon:-CH2+O-2",209.128455,209.12816,2.283,7106,1.41061626450672,-4.747
"257",9541,"Isoxaflutole","C15H12F3NO4S",360.05119,6.97,"+NH3",17.026549,"Addition of ammonia","One-reaction","Isoxaflutole:+NH3",377.077739,377.07767,5.647,15084,0.182986140150591,-1.323
"258",9545,"Isoxaflutole","C15H12F3NO4S",360.05119,6.97,"+H2",2.01565,"Hydrogenation","One-reaction","Isoxaflutole:+H2",362.06684,362.06552,7.228,14446,3.64573568797707,0.258
"259",9624,"Isoxaflutole","C15H12F3NO4S",360.05119,6.97,"-H2+NH",12.995249,"Dehydrogenation+Addition of NH","Two-reaction","Isoxaflutole:-H2+NH",373.046439,373.04657,5.59,14908,0.351162713963003,-1.38
"260",9635,"Isoxaflutole","C15H12F3NO4S",360.05119,6.97,"-H2O+CO",9.98435,"Loss of water+Addition of CO","Two-reaction","Isoxaflutole:-H2O+CO",370.03554,370.03503,4.442,14775,1.37824599231677,-2.528
"261",9648,"Isoxaflutole","C15H12F3NO4S",360.05119,6.97,"-S+O+O",0.017755,"Desulphuration+Oxidation","Two-reaction","Isoxaflutole:-S+O+O-1",360.068945,360.06845,7.161,14354,1.374736718827,0.191
"262",9648,"Isoxaflutole","C15H12F3NO4S",360.05119,6.97,"-S+O+O",0.017755,"Desulphuration+Oxidation","Two-reaction","Isoxaflutole:-S+O+O-2",360.068945,360.06885,7.231,14355,0.263838360143838,0.261
"263",9648,"Isoxaflutole","C15H12F3NO4S",360.05119,6.97,"-S+O+O",0.017755,"Desulphuration+Oxidation","Two-reaction","Isoxaflutole:-S+O+O-3",360.068945,360.06903,7.655,14356,0.236065901247799,0.685
"264",9656,"Isoxaflutole","C15H12F3NO4S",360.05119,6.97,"-O+CH2",-1.979265,"Loss of oxygen+Methylation","Two-reaction","Isoxaflutole:-O+CH2-1",358.071925,358.07016,7.651,14255,4.92917728759224,0.681
"265",9656,"Isoxaflutole","C15H12F3NO4S",360.05119,6.97,"-O+CH2",-1.979265,"Loss of oxygen+Methylation","Two-reaction","Isoxaflutole:-O+CH2-2",358.071925,358.07062,7.16,14256,3.6445191842452,0.19
"266",9656,"Isoxaflutole","C15H12F3NO4S",360.05119,6.97,"-O+CH2",-1.979265,"Loss of oxygen+Methylation","Two-reaction","Isoxaflutole:-O+CH2-3",358.071925,358.07104,7.231,14257,2.47157048137557,0.261
"267",9665,"Isoxaflutole","C15H12F3NO4S",360.05119,6.97,"-H2-H2",-4.0313,"Dehydrogenation+Dehydrogenation","Two-reaction","Isoxaflutole:-H2-H2",356.01989,356.02097,5.59,14156,3.03353837899828,-1.38
"268",9703,"Isoxaflutole","C15H12F3NO4S",360.05119,6.97,"-CO-H2",-30.010565,"Loss of CO+Dehydrogenation","Two-reaction","Isoxaflutole:-CO-H2",330.040625,330.03949,6.103,12911,3.43897058120215,-0.867
"269",9718,"Isoxaflutole","C15H12F3NO4S",360.05119,6.97,"-F+H-S+O",-33.96776,"Defluorination+Desulphuration","Two-reaction","Isoxaflutole:-F+H-S+O",326.08343,326.08496,6.144,12731,4.69205074297235,-0.826
"270",9732,"Isoxaflutole","C15H12F3NO4S",360.05119,6.97,"-C2H2O-NH3+O",-43.042205,"Deacetylation+Deamination","Two-reaction","Isoxaflutole:-C2H2O-NH3+O",317.008985,317.00827,5.735,12296,2.25545657645567,-1.235
"271",9734,"Isoxaflutole","C15H12F3NO4S",360.05119,6.97,"-C2H4-S+O",-44.00846,"Loss of C2H4+Desulphuration","Two-reaction","Isoxaflutole:-C2H4-S+O",316.04273,316.04245,6.354,12251,0.885956149132215,-0.616
"272",9742,"Isoxaflutole","C15H12F3NO4S",360.05119,6.97,"-CO2-H2",-46.00548,"Loss of CO2+Dehydrogenation","Two-reaction","Isoxaflutole:-CO2-H2",314.04571,314.0451,6.351,12154,1.94239239884751,-0.619
"273",9747,"Isoxaflutole","C15H12F3NO4S",360.05119,6.97,"-O2+H2-H2O",-47.984745,"Reductive amination+Loss of water","Two-reaction","Isoxaflutole:-O2+H2-H2O",312.066445,312.06653,4.989,12057,0.272377890589196,-1.981
"274",9859,"Mefluidide","C11H13F3N2O3S",311.06717,6.21,"-H2+O",13.979265,"Dehydrogenation+Oxidation","Two-reaction","Mefluidide:-H2+O",325.046435,325.04575,4.806,12671,2.10739121004617,-1.404
"275",9881,"Mefluidide","C11H13F3N2O3S",311.06717,6.21,"-CH2+NH",0.995249,"Demethylation+Addition of NH","Two-reaction","Mefluidide:-CH2+NH",312.062419,312.06287,7.625,12056,1.44522368775909,1.415
"276",9952,"Mefluidide","C11H13F3N2O3S",311.06717,6.21,"-F+H-NH",-33.001499,"Defluorination+Loss of NH","Two-reaction","Mefluidide:-F+H-NH",278.065671,278.06546,5.587,10369,0.758813553923779,-0.623
"277",10029,"Mephospholan","C8H16NO3PS2",270.0382,6.08,"-C2H4",-28.0313,"Loss of C2H4","One-reaction","Mephospholan:-C2H4",242.0069,242.00735,5.285,8630,1.85945111482659,-0.795
"278",10039,"Mephospholan","C8H16NO3PS2",270.0382,6.08,"+C2H2O+CO",70.00548,"Acetylation+Addition of CO","Two-reaction","Mephospholan:+C2H2O+CO",340.04368,340.04288,7.157,13392,2.35263893147408,1.077
"279",10052,"Mephospholan","C8H16NO3PS2",270.0382,6.08,"+CO2+H2",46.00548,"Addition of CO2+Hydrogenation","Two-reaction","Mephospholan:+CO2+H2",316.04368,316.04245,6.354,12251,3.89186709894321,0.274
"280",10102,"Mephospholan","C8H16NO3PS2",270.0382,6.08,"-NH3+CO",10.968366,"Loss of ammonia+Addition of CO","Two-reaction","Mephospholan:-NH3+CO",281.006566,281.00644,3.137,10509,0.448388099312032,-2.943
"281",10131,"Mephospholan","C8H16NO3PS2",270.0382,6.08,"-C2H4+H2O",-10.020735,"Loss of C2H4+Addition of water","Two-reaction","Mephospholan:-C2H4+H2O",260.017465,260.01663,6.585,9483,3.21132274708945,0.505
"282",10159,"Mephospholan","C8H16NO3PS2",270.0382,6.08,"-O2+H2+H2",-27.95853,"Reductive amination+Hydrogenation","Two-reaction","Mephospholan:-O2+H2+H2",242.07967,242.07877,5.325,8633,3.71778431456659,-0.755
"283",10228,"Mepronil","C17H19NO2",270.14886,7.71,"+O",15.994915,"Oxidation","One-reaction","Mepronil:+O-1",286.143775,286.14349,6.691,10764,0.996002796214625,-1.019
"284",10228,"Mepronil","C17H19NO2",270.14886,7.71,"+O",15.994915,"Oxidation","One-reaction","Mepronil:+O-2",286.143775,286.14349,7.162,10765,0.996002796214625,-0.548
"285",10228,"Mepronil","C17H19NO2",270.14886,7.71,"+O",15.994915,"Oxidation","One-reaction","Mepronil:+O-3",286.143775,286.14355,7.103,10766,0.786317996959269,-0.607
"286",10228,"Mepronil","C17H19NO2",270.14886,7.71,"+O",15.994915,"Oxidation","One-reaction","Mepronil:+O-4",286.143775,286.14368,6.547,10767,0.332000932005324,-1.163
"287",10247,"Mepronil","C17H19NO2",270.14886,7.71,"+CO2+C2H4",72.02113,"Addition of CO2+Addition of C2H4","Two-reaction","Mepronil:+CO2+C2H4-1",342.16999,342.16891,8.025,13492,3.15632589521292,0.315
"288",10247,"Mepronil","C17H19NO2",270.14886,7.71,"+CO2+C2H4",72.02113,"Addition of CO2+Addition of C2H4","Two-reaction","Mepronil:+CO2+C2H4-2",342.16999,342.16901,7.394,13493,2.86407349741573,-0.316
"289",10247,"Mepronil","C17H19NO2",270.14886,7.71,"+CO2+C2H4",72.02113,"Addition of CO2+Addition of C2H4","Two-reaction","Mepronil:+CO2+C2H4-3",342.16999,342.16934,7.329,13494,1.89964058510031,-0.381
"290",10247,"Mepronil","C17H19NO2",270.14886,7.71,"+CO2+C2H4",72.02113,"Addition of CO2+Addition of C2H4","Two-reaction","Mepronil:+CO2+C2H4-4",342.16999,342.16959,7.61,13495,1.16900959069039,-0.0999999999999996
"291",10377,"Mepronil","C17H19NO2",270.14886,7.71,"-C2H4-CH2",-42.04695,"Loss of C2H4+Demethylation","Two-reaction","Mepronil:-C2H4-CH2-1",228.10191,228.10109,7.858,7991,3.59488440936108,0.148
"292",10377,"Mepronil","C17H19NO2",270.14886,7.71,"-C2H4-CH2",-42.04695,"Loss of C2H4+Demethylation","Two-reaction","Mepronil:-C2H4-CH2-2",228.10191,228.10126,5.803,7994,2.84960349524196,-1.907
"293",10416,"Metalaxyl","C15H21NO4",280.15434,6.99,"+O",15.994915,"Oxidation","One-reaction","Metalaxyl:+O-1",296.149255,296.14886,5.868,11257,1.33378691082326,-1.122
"294",10416,"Metalaxyl","C15H21NO4",280.15434,6.99,"+O",15.994915,"Oxidation","One-reaction","Metalaxyl:+O-2",296.149255,296.14914,5.636,11258,0.388317708224085,-1.354
"295",10452,"Metalaxyl","C15H21NO4",280.15434,6.99,"+C2H4+NH3",45.057849,"Addition of C2H4+Addition of ammonia","Two-reaction","Metalaxyl:+C2H4+NH3",325.212189,325.21365,9.933,12695,4.49245154199712,2.943
"296",10514,"Metalaxyl","C15H21NO4",280.15434,6.99,"-NH3+O-NH3+O",-2.06328,"Deamination+Deamination","Two-reaction","Metalaxyl:-NH3+O-NH3+O",278.09106,278.0907,7.189,10373,1.29453999708075,0.199
"297",10535,"Metalaxyl","C15H21NO4",280.15434,6.99,"-CH2-H2",-16.0313,"Demethylation+Dehydrogenation","Two-reaction","Metalaxyl:-CH2-H2",264.12304,264.12299,5.257,9688,0.189305711411806,-1.733
"298",10612,"Methacrifos","C7H13O5PS",241.02941,7.21,"-S+O",-15.97716,"Desulphuration","One-reaction","Methacrifos:-S+O",225.05225,225.05183,5.335,7847,1.86623328578677,-1.875
"299",10699,"Methacrifos","C7H13O5PS",241.02941,7.21,"-S+O+NH3",1.049389,"Desulphuration+Addition of ammonia","Two-reaction","Methacrifos:-S+O+NH3",242.078799,242.07877,5.325,8633,0.119795703431456,-1.885
"300",10754,"Methacrifos","C7H13O5PS",241.02941,7.21,"-C2H4-H2",-30.04695,"Loss of C2H4+Dehydrogenation","Two-reaction","Methacrifos:-C2H4-H2",210.98246,210.98265,3.628,7173,0.900548794451753,-3.582
"301",10784,"Methacrifos","C7H13O5PS",241.02941,7.21,"-C2H4-H2O",-46.041865,"Loss of C2H4+Loss of water","Two-reaction","Methacrifos:-C2H4-H2O",194.987545,194.98758,3.481,6384,0.179498644371868,-3.729
"302",10803,"Methacrifos","C7H13O5PS",241.02941,7.21,"-C2H2O-C2H4",-70.041865,"Deacetylation+Loss of C2H4","Two-reaction","Methacrifos:-C2H2O-C2H4",170.987545,170.98759,2.548,5186,0.263177063569588,-4.662
"303",10822,"Methacrifos (special adduct)","C7H13O5PS",209.00319,7.21,"-CH2",-14.01565,"Demethylation","One-reaction","Methacrifos (special adduct):-CH2",194.98754,194.98758,3.481,6384,0.205141313197226,-3.729
"304",10824,"Methacrifos (special adduct)","C7H13O5PS",209.00319,7.21,"-S+O",-15.97716,"Desulphuration","One-reaction","Methacrifos (special adduct):-S+O",193.02603,193.02618,5.336,6306,0.777097265167762,-1.874
"305",10838,"Methacrifos (special adduct)","C7H13O5PS",209.00319,7.21,"+C2H2O+C2H4",70.041865,"Acetylation+Addition of C2H4","Two-reaction","Methacrifos (special adduct):+C2H2O+C2H4",279.045055,279.04483,4.867,10416,0.806321402113232,-2.343
"306",10910,"Methacrifos (special adduct)","C7H13O5PS",209.00319,7.21,"-CH2+O",1.979265,"Demethylation+Oxidation","Two-reaction","Methacrifos (special adduct):-CH2+O",210.982455,210.98265,3.628,7173,0.924247468915191,-3.582
"307",11032,"Methamidophos","C2H8NO2PS",142.00861,1.04,"-NH3+O",-1.03164,"Deamination","One-reaction","Methamidophos:-NH3+O-1",140.97697,140.97662,7.159,3786,2.48267500711221,6.119
"308",11032,"Methamidophos","C2H8NO2PS",142.00861,1.04,"-NH3+O",-1.03164,"Deamination","One-reaction","Methamidophos:-NH3+O-2",140.97697,140.9767,5.986,3787,1.91520643407527,4.946
"309",11033,"Methamidophos","C2H8NO2PS",142.00861,1.04,"-H2",-2.01565,"Dehydrogenation","One-reaction","Methamidophos:-H2",139.99296,139.99249,7.158,3752,3.35731168200941,6.118
"310",11090,"Methamidophos","C2H8NO2PS",142.00861,1.04,"-NH+CO2",28.978931,"Loss of NH+Addition of CO2","Two-reaction","Methamidophos:-NH+CO2",170.987541,170.98759,2.548,5186,0.286570587142343,1.508
"311",11108,"Methamidophos","C2H8NO2PS",142.00861,1.04,"-NH+CO",12.984016,"Loss of NH+Addition of CO","Two-reaction","Methamidophos:-NH+CO",154.992626,154.99251,3.627,4459,0.748422702324853,2.587
"312",11126,"Methamidophos","C2H8NO2PS",142.00861,1.04,"-NH+O",0.984016,"Loss of NH+Oxidation","Two-reaction","Methamidophos:-NH+O",142.992626,142.99271,0.978,3902,0.587442879655014,-0.0620000000000001
"313",11240,"Metolachlor","C15H22ClNO2",284.14118,8.14,"+O",15.994915,"Oxidation","One-reaction","Metolachlor:+O-1",300.136095,300.13562,6.878,11446,1.58261537984777,-1.262
"314",11240,"Metolachlor","C15H22ClNO2",284.14118,8.14,"+O",15.994915,"Oxidation","One-reaction","Metolachlor:+O-2",300.136095,300.13568,7.035,11447,1.38270606883271,-1.105
"315",11245,"Metolachlor","C15H22ClNO2",284.14118,8.14,"-H2",-2.01565,"Dehydrogenation","One-reaction","Metolachlor:-H2",282.12553,282.12469,6.878,10573,2.97739803994078,-1.262
"316",11246,"Metolachlor","C15H22ClNO2",284.14118,8.14,"-CH2",-14.01565,"Demethylation","One-reaction","Metolachlor:-CH2",270.12553,270.12512,7.289,10000,1.51781284814092,-0.851000000000001
"317",11452,"Mexacarbate","C12H18N2O2",223.1441,3.39,"+O",15.994915,"Oxidation","One-reaction","Mexacarbate:+O",239.139015,239.13828,2.339,8489,3.07352608269175,-1.051
"318",11458,"Mexacarbate","C12H18N2O2",223.1441,3.39,"-CH2",-14.01565,"Demethylation","One-reaction","Mexacarbate:-CH2-1",209.12845,209.12816,2.538,7105,1.38670754733927,-0.852
"319",11458,"Mexacarbate","C12H18N2O2",223.1441,3.39,"-CH2",-14.01565,"Demethylation","One-reaction","Mexacarbate:-CH2-2",209.12845,209.12816,2.283,7106,1.38670754733927,-1.107
"320",11496,"Mexacarbate","C12H18N2O2",223.1441,3.39,"-NH3+O+C2H2O",40.978925,"Deamination+Acetylation","Two-reaction","Mexacarbate:-NH3+O+C2H2O",264.123025,264.12299,5.257,9688,0.132514005427876,1.867
"321",11586,"Mexacarbate","C12H18N2O2",223.1441,3.39,"-CO-H2",-30.010565,"Loss of CO+Dehydrogenation","Two-reaction","Mexacarbate:-CO-H2",193.133535,193.13307,6.862,6327,2.40766058567342,3.472
"322",11616,"Mexacarbate","C12H18N2O2",223.1441,3.39,"-C2H2O-NH",-57.021464,"Deacetylation+Loss of NH","Two-reaction","Mexacarbate:-C2H2O-NH-1",166.122636,166.12225,1.716,5001,2.32358460764963,-1.674
"323",11616,"Mexacarbate","C12H18N2O2",223.1441,3.39,"-C2H2O-NH",-57.021464,"Deacetylation+Loss of NH","Two-reaction","Mexacarbate:-C2H2O-NH-2",166.122636,166.12225,2.34,5002,2.32358460764963,-1.05
"324",11700,"Nicosulfuron","C15H18N6O6S",411.10813,6.07,"-CH2+CO2",29.97418,"Demethylation+Addition of CO2","Two-reaction","Nicosulfuron:-CH2+CO2",441.08231,441.08234,7.996,17337,0.0680145163407272,1.926
"325",11715,"Nicosulfuron","C15H18N6O6S",411.10813,6.07,"-C2H4+CO2",15.95853,"Loss of C2H4+Addition of CO2","Two-reaction","Nicosulfuron:-C2H4+CO2",427.06666,427.06711,7.997,16910,1.0536996730223,1.927
"326",11784,"Nicosulfuron","C15H18N6O6S",411.10813,6.07,"-CO2+NH",-28.978931,"Loss of CO2+Addition of NH","Two-reaction","Nicosulfuron:-CO2+NH",382.129199,382.13,6.968,15300,2.09614968461803,0.898
"327",11798,"Nicosulfuron","C15H18N6O6S",411.10813,6.07,"-NH3-NH",-32.037448,"Loss of ammonia+Loss of NH","Two-reaction","Nicosulfuron:-NH3-NH",379.070682,379.07233,5.651,15165,4.34747417381546,-0.419
"328",11844,"Nicosulfuron","C15H18N6O6S",411.10813,6.07,"-CO2-C2H2O",-86.000395,"Loss of CO2+Deacetylation","Two-reaction","Nicosulfuron:-CO2-C2H2O",325.107735,325.10806,6.757,12679,0.999668617641795,0.686999999999999
"329",11852,"Norflurazon","C12H9ClF3N3O",304.0459,7.11,"+O",15.994915,"Oxidation","One-reaction","Norflurazon:+O",320.040815,320.04059,6.553,12438,0.703035330041775,-0.557
"330",11858,"Norflurazon","C12H9ClF3N3O",304.0459,7.11,"-CH2",-14.01565,"Demethylation","One-reaction","Norflurazon:-CH2",290.03025,290.02975,6.744,10950,1.72395810452537,-0.366000000000001
"331",11987,"Norflurazon","C12H9ClF3N3O",304.0459,7.11,"-F+H+H2",-15.97495,"Defluorination+Hydrogenation","Two-reaction","Norflurazon:-F+H+H2",288.07095,288.07175,4.786,10867,2.77709362928319,-2.324
"332",12001,"Norflurazon","C12H9ClF3N3O",304.0459,7.11,"-CO+H2",-25.979265,"Loss of CO+Hydrogenation","Two-reaction","Norflurazon:-CO+H2",278.066635,278.06546,5.587,10369,4.2256058517992,-1.523
"333",12014,"Norflurazon","C12H9ClF3N3O",304.0459,7.11,"-Cl+H+H2",-31.9454,"Dechlorination+Hydrogenation","Two-reaction","Norflurazon:-Cl+H+H2",272.1005,272.09998,0.992,10097,1.91105859781413,-6.118
"334",12127,"Nuarimol","C17H12ClFN2O",315.0695,7.5,"+C2H4+NH3",45.057849,"Addition of C2H4+Addition of ammonia","Two-reaction","Nuarimol:+C2H4+NH3",360.127349,360.12881,6.117,14358,4.05689821687536,-1.383
"335",12182,"Nuarimol","C17H12ClFN2O",315.0695,7.5,"-CH2+H2O",3.994915,"Demethylation+Addition of water","Two-reaction","Nuarimol:-CH2+H2O",319.064415,319.06589,6.791,12400,4.62289096083513,-0.709
"336",12186,"Nuarimol","C17H12ClFN2O",315.0695,7.5,"-O+NH3",1.031634,"Loss of oxygen+Addition of ammonia","Two-reaction","Nuarimol:-O+NH3",316.101134,316.10254,5.556,12255,4.44794354953021,-1.944
"337",12330,"Oxadiazon","C15H18Cl2N2O3",345.07672,9.17,"-NH3+O",-1.03164,"Deamination","One-reaction","Oxadiazon:-NH3+O",344.04508,344.04428,8.685,13585,2.32527667586385,-0.484999999999999
"338",12403,"Oxadiazon","C15H18Cl2N2O3",345.07672,9.17,"-H2+NH",12.995249,"Dehydrogenation+Addition of NH","Two-reaction","Oxadiazon:-H2+NH-1",358.071969,358.07062,7.16,14256,3.7673990616247,-2.01
"339",12403,"Oxadiazon","C15H18Cl2N2O3",345.07672,9.17,"-H2+NH",12.995249,"Dehydrogenation+Addition of NH","Two-reaction","Oxadiazon:-H2+NH-2",358.071969,358.07104,7.231,14257,2.59445050288738,-1.939
"340",12473,"Oxadiazon","C15H18Cl2N2O3",345.07672,9.17,"-O-NH",-31.005814,"Loss of oxygen+Loss of NH","Two-reaction","Oxadiazon:-O-NH",314.070906,314.07156,1.038,12160,2.08233232529112,-8.132
"341",12476,"Oxadiazon","C15H18Cl2N2O3",345.07672,9.17,"-O2+H2-H2",-31.98983,"Reductive amination+Dehydrogenation","Two-reaction","Oxadiazon:-O2+H2-H2",313.08689,313.08765,1.041,12104,2.42744114904926,-8.129
"342",12490,"Oxadiazon","C15H18Cl2N2O3",345.07672,9.17,"-C2H2O-NH3+O",-43.042205,"Deacetylation+Deamination","Two-reaction","Oxadiazon:-C2H2O-NH3+O-1",302.034515,302.03406,3.497,11547,1.5064503471999,-5.673
"343",12490,"Oxadiazon","C15H18Cl2N2O3",345.07672,9.17,"-C2H2O-NH3+O",-43.042205,"Deacetylation+Deamination","Two-reaction","Oxadiazon:-C2H2O-NH3+O-2",302.034515,302.03406,3.28,11548,1.5064503471999,-5.89
"344",12492,"Oxadiazon","C15H18Cl2N2O3",345.07672,9.17,"-O2+H2-NH",-44.985079,"Reductive amination+Loss of NH","Two-reaction","Oxadiazon:-O2+H2-NH",300.091641,300.09241,5.256,11443,2.56255055098698,-3.914
"345",12496,"Oxadiazon","C15H18Cl2N2O3",345.07672,9.17,"-CO2-H2",-46.00548,"Loss of CO2+Dehydrogenation","Two-reaction","Oxadiazon:-CO2-H2",299.07124,299.07187,3.117,11392,2.10652150972798,-6.053
"346",12517,"Oxadiazon","C15H18Cl2N2O3",345.07672,9.17,"-Cl+H-CO",-61.955965,"Dechlorination+Loss of CO","Two-reaction","Oxadiazon:-Cl+H-CO",283.120755,283.12192,6.392,10619,4.11485198255605,-2.778
"347",12518,"Oxadiazon","C15H18Cl2N2O3",345.07672,9.17,"-Cl+H-C2H4",-61.99235,"Dechlorination+Loss of C2H4","Two-reaction","Oxadiazon:-Cl+H-C2H4",283.08437,283.08356,7.012,10608,2.86133777008356,-2.158
"348",12538,"Permethrin, cis-","C21H20Cl2O3",408.11278,10.01,"+O",15.994915,"Oxidation","One-reaction","Permethrin, cis-:+O",424.107695,424.10764,9.348,16816,0.129684041631985,-0.661999999999999
"349",12568,"Permethrin, cis-","C21H20Cl2O3",408.11278,10.01,"+CO2+CH2",58.00548,"Addition of CO2+Methylation","Two-reaction","Permethrin, cis-:+CO2+CH2",466.11826,466.11737,8.628,18056,1.90938668660332,-1.382
"350",12588,"Permethrin, cis-","C21H20Cl2O3",408.11278,10.01,"+H2O+O",34.00548,"Addition of water+Oxidation","Two-reaction","Permethrin, cis-:+H2O+O-1",442.11826,442.11646,7.755,17369,4.07130888464754,-2.255
"351",12588,"Permethrin, cis-","C21H20Cl2O3",408.11278,10.01,"+H2O+O",34.00548,"Addition of water+Oxidation","Two-reaction","Permethrin, cis-:+H2O+O-2",442.11826,442.11703,6.831,17370,2.78206107121867,-3.179
"352",12610,"Permethrin, cis-","C21H20Cl2O3",408.11278,10.01,"+CH2+H2",16.0313,"Methylation+Hydrogenation","Two-reaction","Permethrin, cis-:+CH2+H2",424.14408,424.14502,6.625,16820,2.21622803273395,-3.385
"353",12712,"Permethrin, cis-","C21H20Cl2O3",408.11278,10.01,"-O2+H2-H2O",-47.984745,"Reductive amination+Loss of water","Two-reaction","Permethrin, cis-:-O2+H2-H2O",360.128035,360.12881,6.117,14358,2.15201240852018,-3.893
"354",12750,"Permethrin, trans-","C21H20Cl2O3",408.11278,9.87,"+O",15.994915,"Oxidation","One-reaction","Permethrin, trans-:+O",424.107695,424.10764,9.348,16816,0.129684041631985,-0.521999999999998
"355",12780,"Permethrin, trans-","C21H20Cl2O3",408.11278,9.87,"+CO2+CH2",58.00548,"Addition of CO2+Methylation","Two-reaction","Permethrin, trans-:+CO2+CH2",466.11826,466.11737,8.628,18056,1.90938668660332,-1.242
"356",12800,"Permethrin, trans-","C21H20Cl2O3",408.11278,9.87,"+H2O+O",34.00548,"Addition of water+Oxidation","Two-reaction","Permethrin, trans-:+H2O+O-1",442.11826,442.11646,7.755,17369,4.07130888464754,-2.115
"357",12800,"Permethrin, trans-","C21H20Cl2O3",408.11278,9.87,"+H2O+O",34.00548,"Addition of water+Oxidation","Two-reaction","Permethrin, trans-:+H2O+O-2",442.11826,442.11703,6.831,17370,2.78206107121867,-3.039
"358",12822,"Permethrin, trans-","C21H20Cl2O3",408.11278,9.87,"+CH2+H2",16.0313,"Methylation+Hydrogenation","Two-reaction","Permethrin, trans-:+CH2+H2",424.14408,424.14502,6.625,16820,2.21622803273395,-3.245
"359",12924,"Permethrin, trans-","C21H20Cl2O3",408.11278,9.87,"-O2+H2-H2O",-47.984745,"Reductive amination+Loss of water","Two-reaction","Permethrin, trans-:-O2+H2-H2O",360.128035,360.12881,6.117,14358,2.15201240852018,-3.753
"360",12970,"Phenthoate","C12H17O4PS2",321.03786,8.27,"-S+O",-15.97716,"Desulphuration","One-reaction","Phenthoate:-S+O",305.0607,305.05954,7.046,11696,3.80252192422785,-1.224
"361",13026,"Phenthoate","C12H17O4PS2",321.03786,8.27,"-NH+C2H2O",26.999666,"Loss of NH+Acetylation","Two-reaction","Phenthoate:-NH+C2H2O",348.037526,348.03793,8.684,13759,1.16079436791302,0.414
"362",13109,"Phenthoate","C12H17O4PS2",321.03786,8.27,"-S+O-CH2",-29.99281,"Desulphuration+Demethylation","Two-reaction","Phenthoate:-S+O-CH2",291.04505,291.04453,6.583,11009,1.78666498535029,-1.687
"363",13150,"Phenthoate","C12H17O4PS2",321.03786,8.27,"-C2H2O-S+O",-57.987725,"Deacetylation+Desulphuration","Two-reaction","Phenthoate:-C2H2O-S+O",263.050135,263.05017,7.33,9634,0.133054483961686,-0.94
"364",13174,"Pirimiphos ethyl","C13H24N3O3PS",334.13488,9.09,"+O",15.994915,"Oxidation","One-reaction","Pirimiphos ethyl:+O",350.129795,350.12988,7.188,13878,0.242767114443286,-1.902
"365",13179,"Pirimiphos ethyl","C13H24N3O3PS",334.13488,9.09,"-H2",-2.01565,"Dehydrogenation","One-reaction","Pirimiphos ethyl:-H2",332.11923,332.11856,8.712,13012,2.01734780612889,-0.378
"366",13182,"Pirimiphos ethyl","C13H24N3O3PS",334.13488,9.09,"-S+O",-15.97716,"Desulphuration","One-reaction","Pirimiphos ethyl:-S+O",318.15772,318.15714,8.129,12365,1.82299521116988,-0.961
"367",13187,"Pirimiphos ethyl","C13H24N3O3PS",334.13488,9.09,"-C2H4",-28.0313,"Loss of C2H4","One-reaction","Pirimiphos ethyl:-C2H4-1",306.10358,306.10321,7.793,11760,1.20874117196597,-1.297
"368",13187,"Pirimiphos ethyl","C13H24N3O3PS",334.13488,9.09,"-C2H4",-28.0313,"Loss of C2H4","One-reaction","Pirimiphos ethyl:-C2H4-2",306.10358,306.10339,7.923,11761,0.620704926194875,-1.167
"369",13187,"Pirimiphos ethyl","C13H24N3O3PS",334.13488,9.09,"-C2H4",-28.0313,"Loss of C2H4","One-reaction","Pirimiphos ethyl:-C2H4-3",306.10358,306.10352,4.5,11762,0.196012081985597,-4.59
"370",13305,"Pirimiphos ethyl","C13H24N3O3PS",334.13488,9.09,"-NH-NH3+O",-16.042539,"Loss of NH+Deamination","Two-reaction","Pirimiphos ethyl:-NH-NH3+O",318.092341,318.09381,4.419,12356,4.61815583306609,-4.671
"371",13346,"Pirimiphos ethyl","C13H24N3O3PS",334.13488,9.09,"-C2H4-S+O",-44.00846,"Loss of C2H4+Desulphuration","Two-reaction","Pirimiphos ethyl:-C2H4-S+O",290.12642,290.12592,6.384,10963,1.72338665326714,-2.706
"372",13383,"Profenofos","C11H15BrClO3PS",372.94242,9.04,"+CO",27.994915,"Addition of CO","One-reaction","Profenofos:+CO",400.937335,400.93805,8.415,16017,1.7833210767387,-0.625
"373",13386,"Profenofos","C11H15BrClO3PS",372.94242,9.04,"+O",15.994915,"Oxidation","One-reaction","Profenofos:+O",388.937335,388.93634,7.999,15559,2.55825273252777,-1.041
"374",13391,"Profenofos","C11H15BrClO3PS",372.94242,9.04,"-H2",-2.01565,"Dehydrogenation","One-reaction","Profenofos:-H2-1",370.92677,370.92599,8.857,14812,2.10284094610741,-0.183
"375",13391,"Profenofos","C11H15BrClO3PS",372.94242,9.04,"-H2",-2.01565,"Dehydrogenation","One-reaction","Profenofos:-H2-2",370.92677,370.92612,8.938,14813,1.75236745503843,-0.101999999999999
"376",13489,"Profenofos","C11H15BrClO3PS",372.94242,9.04,"-CO+C2H4",0.036385,"Loss of CO+Addition of C2H4","Two-reaction","Profenofos:-CO+C2H4",372.978805,372.97946,8.685,14897,1.75613196035293,-0.354999999999999
"377",13496,"Profenofos","C11H15BrClO3PS",372.94242,9.04,"-S+O+CH2",-1.96151,"Desulphuration+Methylation","Two-reaction","Profenofos:-S+O+CH2",370.98091,370.98199,8.688,14817,2.91120101032084,-0.351999999999999
"378",13505,"Profenofos","C11H15BrClO3PS",372.94242,9.04,"-Cl+H+CO",-5.966135,"Dechlorination+Addition of CO","Two-reaction","Profenofos:-Cl+H+CO",366.976285,366.97772,7.342,14657,3.91033442381191,-1.698
"379",13512,"Profenofos","C11H15BrClO3PS",372.94242,9.04,"-C2H4+O",-12.036385,"Loss of C2H4+Oxidation","Two-reaction","Profenofos:-C2H4+O",360.906035,360.90622,6.934,14395,0.512598798866056,-2.106
"380",13649,"Propiconazole","C15H17Cl2N3O2",342.07706,8.52,"+O",15.994915,"Oxidation","One-reaction","Propiconazole:+O-1",358.071975,358.07062,7.16,14256,3.78415540615699,-1.36
"381",13649,"Propiconazole","C15H17Cl2N3O2",342.07706,8.52,"+O",15.994915,"Oxidation","One-reaction","Propiconazole:+O-2",358.071975,358.07104,7.231,14257,2.61120686707407,-1.289
"382",13654,"Propiconazole","C15H17Cl2N3O2",342.07706,8.52,"-H2",-2.01565,"Dehydrogenation","One-reaction","Propiconazole:-H2",340.06141,340.06058,8.199,13398,2.44073563068405,-0.321
"383",13661,"Propiconazole","C15H17Cl2N3O2",342.07706,8.52,"-C2H4",-28.0313,"Loss of C2H4","One-reaction","Propiconazole:-C2H4",314.04576,314.0451,6.351,12154,2.10160455591605,-2.169
"384",13764,"Propiconazole","C15H17Cl2N3O2",342.07706,8.52,"-C2H4+O",-12.036385,"Loss of C2H4+Oxidation","Two-reaction","Propiconazole:-C2H4+O",330.040675,330.03949,6.103,12911,3.59046653877091,-2.417
"385",13793,"Propiconazole","C15H17Cl2N3O2",342.07706,8.52,"-CO-H2",-30.010565,"Loss of CO+Dehydrogenation","Two-reaction","Propiconazole:-CO-H2",312.066495,312.06653,4.989,12057,0.11215558410178,-3.531
"386",13812,"Propiconazole","C15H17Cl2N3O2",342.07706,8.52,"-CO-NH",-43.005814,"Loss of CO+Loss of NH","Two-reaction","Propiconazole:-CO-NH",299.071246,299.07187,3.117,11392,2.08645935830343,-5.403
"387",13850,"Propiconazole","C15H17Cl2N3O2",342.07706,8.52,"-C2H2O-Cl+H",-75.971615,"Deacetylation+Dechlorination","Two-reaction","Propiconazole:-C2H2O-Cl+H",266.105445,266.10535,4.881,9790,0.357001338275967,-3.639
"388",13855,"Propoxycarbazone","C15H18N4O7S",399.0969,6.21,"+CO2",43.98983,"Addition of CO2","One-reaction","Propoxycarbazone:+CO2",443.08673,443.0867,6.351,17401,0.0677068346892282,0.141
"389",13864,"Propoxycarbazone","C15H18N4O7S",399.0969,6.21,"+H2",2.01565,"Hydrogenation","One-reaction","Propoxycarbazone:+H2",401.11255,401.11105,7.149,16025,3.73959877351475,0.939
"390",13929,"Propoxycarbazone","C15H18N4O7S",399.0969,6.21,"-H2+CO",25.979265,"Dehydrogenation+Addition of CO","Two-reaction","Propoxycarbazone:-H2+CO",425.076165,425.0769,6.501,16845,1.72910188935231,0.291
"391",13961,"Propoxycarbazone","C15H18N4O7S",399.0969,6.21,"-S+O+O",0.017755,"Desulphuration+Oxidation","Two-reaction","Propoxycarbazone:-S+O+O-1",399.114655,399.11548,6.636,15937,2.06707518661132,0.426
"392",13961,"Propoxycarbazone","C15H18N4O7S",399.0969,6.21,"-S+O+O",0.017755,"Desulphuration+Oxidation","Two-reaction","Propoxycarbazone:-S+O+O-2",399.114655,399.116,7.157,15938,3.36995894064066,0.947
"393",13968,"Propoxycarbazone","C15H18N4O7S",399.0969,6.21,"-O+CH2",-1.979265,"Loss of oxygen+Methylation","Two-reaction","Propoxycarbazone:-O+CH2",397.117635,397.11877,6.642,15861,2.85809518375222,0.432
"394",13981,"Propoxycarbazone","C15H18N4O7S",399.0969,6.21,"-C2H4+O",-12.036385,"Loss of C2H4+Oxidation","Two-reaction","Propoxycarbazone:-C2H4+O",387.060515,387.06165,5.585,15487,2.93235800602542,-0.625
"395",13993,"Propoxycarbazone","C15H18N4O7S",399.0969,6.21,"-S+O-NH3+O",-17.0088,"Desulphuration+Deamination","Two-reaction","Propoxycarbazone:-S+O-NH3+O",382.0881,382.08902,7.162,15298,2.40782165162381,0.952
"396",13996,"Propoxycarbazone","C15H18N4O7S",399.0969,6.21,"-NH3-H2",-19.042199,"Loss of ammonia+Dehydrogenation","Two-reaction","Propoxycarbazone:-NH3-H2-1",380.054701,380.05313,7.157,15207,4.13361549239894,0.947
"397",13996,"Propoxycarbazone","C15H18N4O7S",399.0969,6.21,"-NH3-H2",-19.042199,"Loss of ammonia+Dehydrogenation","Two-reaction","Propoxycarbazone:-NH3-H2-2",380.054701,380.05328,7.226,15208,3.73893546458276,1.016
"398",13997,"Propoxycarbazone","C15H18N4O7S",399.0969,6.21,"-H2O-H2",-20.026215,"Loss of water+Dehydrogenation","Two-reaction","Propoxycarbazone:-H2O-H2",379.070685,379.07233,5.651,15165,4.3395600480062,-0.559
"399",14007,"Propoxycarbazone","C15H18N4O7S",399.0969,6.21,"-C2H4-NH3+O",-29.06294,"Loss of C2H4+Deamination","Two-reaction","Propoxycarbazone:-C2H4-NH3+O",370.03396,370.03503,4.442,14775,2.89162648754453,-1.768
"400",14015,"Propoxycarbazone","C15H18N4O7S",399.0969,6.21,"-S+O-S+O",-31.95432,"Desulphuration+Desulphuration","Two-reaction","Propoxycarbazone:-S+O-S+O-1",367.14258,367.14273,6.386,14665,0.408560619589117,0.176
"401",14015,"Propoxycarbazone","C15H18N4O7S",399.0969,6.21,"-S+O-S+O",-31.95432,"Desulphuration+Desulphuration","Two-reaction","Propoxycarbazone:-S+O-S+O-2",367.14258,367.14288,6.91,14667,0.81712123933306,0.7
"402",14052,"Propoxycarbazone","C15H18N4O7S",399.0969,6.21,"-C2H2O-NH3",-59.037114,"Deacetylation+Loss of ammonia","Two-reaction","Propoxycarbazone:-C2H2O-NH3",340.059786,340.06058,8.199,13398,2.33488354909953,1.989
"403",14071,"Propyzamide","C12H11Cl2NO",256.02905,7.74,"+H2O",18.010565,"Addition of water","One-reaction","Propyzamide:+H2O",274.039615,274.03915,7.973,10182,1.6968349631483,0.233
"404",14086,"Propyzamide","C12H11Cl2NO",256.02905,7.74,"-O2+H2",-29.97418,"Reductive amination","One-reaction","Propyzamide:-O2+H2",226.05487,226.05533,3.412,7891,2.03490418058192,-4.328
"405",14109,"Propyzamide","C12H11Cl2NO",256.02905,7.74,"+CO2+H2",46.00548,"Addition of CO2+Hydrogenation","Two-reaction","Propyzamide:+CO2+H2-1",302.03453,302.03406,3.497,11547,1.55611346824178,-4.243
"406",14109,"Propyzamide","C12H11Cl2NO",256.02905,7.74,"+CO2+H2",46.00548,"Addition of CO2+Hydrogenation","Two-reaction","Propyzamide:+CO2+H2-2",302.03453,302.03406,3.28,11548,1.55611346824178,-4.46
"407",14113,"Propyzamide","C12H11Cl2NO",256.02905,7.74,"+C2H4+NH",43.042199,"Addition of C2H4+Addition of NH","Two-reaction","Propyzamide:+C2H4+NH",299.071249,299.07187,3.117,11392,2.07642828270296,-4.623
"408",14123,"Propyzamide","C12H11Cl2NO",256.02905,7.74,"+H2O+O",34.00548,"Addition of water+Oxidation","Two-reaction","Propyzamide:+H2O+O",290.03453,290.03568,6.389,10951,3.96504512754238,-1.351
"409",14142,"Propyzamide","C12H11Cl2NO",256.02905,7.74,"+H2O+H2",20.026215,"Addition of water+Hydrogenation","Two-reaction","Propyzamide:+H2O+H2",276.055265,276.05441,7.533,10270,3.09720591636382,-0.207
"410",14189,"Propyzamide","C12H11Cl2NO",256.02905,7.74,"-O2+H2+NH3",-12.947631,"Reductive amination+Addition of ammonia","Two-reaction","Propyzamide:-O2+H2+NH3",243.081419,243.08089,5.985,8676,2.17622557156548,-1.755
"411",14287,"Pyrasulfotole","C14H13F3N2O4S",363.06209,5.76,"+CH2",14.01565,"Methylation","One-reaction","Pyrasulfotole:+CH2",377.07774,377.07767,5.647,15084,0.18563811269739,-0.113
"412",14358,"Pyrasulfotole","C14H13F3N2O4S",363.06209,5.76,"-H2O+C2H2O",24,"Loss of water+Acetylation","Two-reaction","Pyrasulfotole:-H2O+C2H2O",387.06209,387.06165,5.585,15487,1.13676852214066,-0.175
"413",14378,"Pyrasulfotole","C14H13F3N2O4S",363.06209,5.76,"-H2O+CO",9.98435,"Loss of water+Addition of CO","Two-reaction","Pyrasulfotole:-H2O+CO",373.04644,373.04657,5.59,14908,0.348482081630369,-0.17
"414",14396,"Pyrasulfotole","C14H13F3N2O4S",363.06209,5.76,"-NH+CH2",-0.995249,"Loss of NH+Methylation","Two-reaction","Pyrasulfotole:-NH+CH2",362.066841,362.06552,7.228,14446,3.64849759886893,1.468
"415",14460,"Pyrasulfotole","C14H13F3N2O4S",363.06209,5.76,"-H2O-NH",-33.021464,"Loss of water+Loss of NH","Two-reaction","Pyrasulfotole:-H2O-NH",330.040626,330.03949,6.103,12911,3.44200050079303,0.343
"416",14561,"Pyridate","C19H23ClN2O2S",379.12415,9.99,"+CO+NH3",45.021464,"Addition of CO+Addition of ammonia","Two-reaction","Pyridate:+CO+NH3",424.145614,424.14502,6.625,16820,1.40046243655149,-3.365
"417",14565,"Pyridate","C19H23ClN2O2S",379.12415,9.99,"-NH3+O+CO2",42.95819,"Deamination+Addition of CO2","Two-reaction","Pyridate:-NH3+O+CO2",422.08234,422.08105,7.153,16754,3.05627570199487,-2.837
"418",14760,"Quinalphos","C12H15N2O3PS",299.06138,8.34,"+NH",15.010899,"Addition of NH","One-reaction","Quinalphos:+NH",314.072279,314.07156,1.038,12160,2.28928195220849,-7.302
"419",14767,"Quinalphos","C12H15N2O3PS",299.06138,8.34,"-S+O",-15.97716,"Desulphuration","One-reaction","Quinalphos:-S+O",283.08422,283.08356,7.012,10608,2.33146164077589,-1.328
"420",14809,"Quinalphos","C12H15N2O3PS",299.06138,8.34,"+H2O+O",34.00548,"Addition of water+Oxidation","Two-reaction","Quinalphos:+H2O+O",333.06686,333.06674,6.499,13059,0.360288021564468,-1.841
"421",14844,"Quinalphos","C12H15N2O3PS",299.06138,8.34,"-NH3+C2H4",11.004751,"Loss of ammonia+Addition of C2H4","Two-reaction","Quinalphos:-NH3+C2H4",310.066131,310.0654,7.625,11956,2.35756158731633,-0.715
"422",14855,"Quinalphos","C12H15N2O3PS",299.06138,8.34,"-O+NH3",1.031634,"Loss of oxygen+Addition of ammonia","Two-reaction","Quinalphos:-O+NH3",300.093014,300.09241,5.256,11443,2.01270929955677,-3.084
"423",14886,"Quinalphos","C12H15N2O3PS",299.06138,8.34,"-O2+H2+NH",-14.963281,"Reductive amination+Addition of NH","Two-reaction","Quinalphos:-O2+H2+NH",284.098099,284.09848,5.733,10671,1.3410860591658,-2.607
"424",14903,"Quinalphos","C12H15N2O3PS",299.06138,8.34,"-CO2+NH",-28.978931,"Loss of CO2+Addition of NH","Two-reaction","Quinalphos:-CO2+NH",270.082449,270.08228,5.732,9995,0.62573484725481,-2.608
"425",14931,"Quinalphos","C12H15N2O3PS",299.06138,8.34,"-C2H4-S+O",-44.00846,"Loss of C2H4+Desulphuration","Two-reaction","Quinalphos:-C2H4-S+O",255.05292,255.05191,5.735,9211,3.95996250506738,-2.605
"426",14938,"Quinalphos","C12H15N2O3PS",299.06138,8.34,"-CO2-H2",-46.00548,"Loss of CO2+Dehydrogenation","Two-reaction","Quinalphos:-CO2-H2",253.0559,253.05608,5.732,9115,0.711305288674522,-2.608
"427",14971,"Sethoxydim","C17H29NO3S",328.19409,9.06,"+O",15.994915,"Oxidation","One-reaction","Sethoxydim:+O",344.189005,344.18811,7.325,13601,2.60031548658586,-1.735
"428",14984,"Sethoxydim","C17H29NO3S",328.19409,9.06,"-C2H4",-28.0313,"Loss of C2H4","One-reaction","Sethoxydim:-C2H4",300.16279,300.1629,8.607,11451,0.366467809039534,-0.453000000000001
"429",15095,"Sethoxydim","C17H29NO3S",328.19409,9.06,"-C2H4+NH",-13.020401,"Loss of C2H4+Addition of NH","Two-reaction","Sethoxydim:-C2H4+NH-1",315.173689,315.17407,9.455,12204,1.20885725314324,0.395
"430",15095,"Sethoxydim","C17H29NO3S",328.19409,9.06,"-C2H4+NH",-13.020401,"Loss of C2H4+Addition of NH","Two-reaction","Sethoxydim:-C2H4+NH-2",315.173689,315.17438,9.273,12205,2.19244189498539,0.212999999999999
"431",15139,"Sethoxydim","C17H29NO3S",328.19409,9.06,"-C2H4-CH2",-42.04695,"Loss of C2H4+Demethylation","Two-reaction","Sethoxydim:-C2H4-CH2",286.14714,286.14713,4.52,10769,0.0349470554720639,-4.54
"432",15181,"Sulfoxaflor","C10H10F3N3OS",278.05694,4.89,"+H2O",18.010565,"Addition of water","One-reaction","Sulfoxaflor:+H2O",296.067505,296.06693,4.089,11246,1.94212465150253,-0.800999999999999
"433",15234,"Sulfoxaflor","C10H10F3N3OS",278.05694,4.89,"+H2O+O",34.00548,"Addition of water+Oxidation","Two-reaction","Sulfoxaflor:+H2O+O",312.06242,312.06287,7.625,12056,1.44201919603369,2.735
"434",15305,"Sulfoxaflor","C10H10F3N3OS",278.05694,4.89,"-H2O+CH2",-3.994915,"Loss of water+Methylation","Two-reaction","Sulfoxaflor:-H2O+CH2",274.062025,274.06183,6.39,10188,0.711517766896976,1.5
"435",15496,"Sulfoxaflor iso 1","C10H10F3N3OS",295.08249,4.89,"-NH3+O+H2O",16.978925,"Deamination+Addition of water","Two-reaction","Sulfoxaflor iso 1:-NH3+O+H2O",312.061415,312.06287,7.625,12056,4.66254374948744,2.735
"436",15522,"Sulfoxaflor iso 1","C10H10F3N3OS",295.08249,4.89,"-CH2+NH",0.995249,"Demethylation+Addition of NH","Two-reaction","Sulfoxaflor iso 1:-CH2+NH",296.077739,296.07898,5.735,11247,4.19146675526715,0.845000000000001
"437",15523,"Sulfoxaflor iso 1","C10H10F3N3OS",295.08249,4.89,"-NH+O",0.984016,"Loss of NH+Oxidation","Two-reaction","Sulfoxaflor iso 1:-NH+O",296.066506,296.06693,4.089,11246,1.43211066235749,-0.800999999999999
"438",15549,"Sulfoxaflor iso 1","C10H10F3N3OS",295.08249,4.89,"-CH2+H2",-12,"Demethylation+Hydrogenation","Two-reaction","Sulfoxaflor iso 1:-CH2+H2",283.08249,283.08356,7.012,10608,3.77981697126569,2.122
"439",15892,"Sulfoxaflor iso 2","C10H10F3N3OS",278.05694,4.89,"+H2O",18.010565,"Addition of water","One-reaction","Sulfoxaflor iso 2:+H2O",296.067505,296.06693,4.089,11246,1.94212465150253,-0.800999999999999
"440",15945,"Sulfoxaflor iso 2","C10H10F3N3OS",278.05694,4.89,"+H2O+O",34.00548,"Addition of water+Oxidation","Two-reaction","Sulfoxaflor iso 2:+H2O+O",312.06242,312.06287,7.625,12056,1.44201919603369,2.735
"441",16016,"Sulfoxaflor iso 2","C10H10F3N3OS",278.05694,4.89,"-H2O+CH2",-3.994915,"Loss of water+Methylation","Two-reaction","Sulfoxaflor iso 2:-H2O+CH2",274.062025,274.06183,6.39,10188,0.711517766896976,1.5
"442",16177,"Tebuthiuron","C9H16N4OS",229.11176,6.31,"-H2+C2H2O",39.994915,"Dehydrogenation+Acetylation","Two-reaction","Tebuthiuron:-H2+C2H2O",269.106675,269.10675,6.392,9945,0.278699887251676,0.0820000000000007
"443",16344,"Thenylchlor","C16H18ClNO2S",324.08195,8.04,"+NH",15.010899,"Addition of NH","One-reaction","Thenylchlor:+NH",339.092849,339.09433,5.458,13344,4.36753533546943,-2.582
"444",16348,"Thenylchlor","C16H18ClNO2S",324.08195,8.04,"-H2",-2.01565,"Dehydrogenation","One-reaction","Thenylchlor:-H2",322.0663,322.06689,5.467,12527,1.8319209429497,-2.573
"445",16349,"Thenylchlor","C16H18ClNO2S",324.08195,8.04,"-CH2",-14.01565,"Demethylation","One-reaction","Thenylchlor:-CH2-1",310.0663,310.0654,7.625,11956,2.90260502351096,-0.414999999999999
"446",16349,"Thenylchlor","C16H18ClNO2S",324.08195,8.04,"-CH2",-14.01565,"Demethylation","One-reaction","Thenylchlor:-CH2-2",310.0663,310.06772,6.275,11957,4.57966570374136,-1.765
"447",16374,"Thenylchlor","C16H18ClNO2S",324.08195,8.04,"+CO2+CH2",58.00548,"Addition of CO2+Methylation","Two-reaction","Thenylchlor:+CO2+CH2",382.08743,382.08902,7.162,15298,4.1613512384365,-0.877999999999999
"448",16463,"Thenylchlor","C16H18ClNO2S",324.08195,8.04,"-C2H4+H2O",-10.020735,"Loss of C2H4+Addition of water","Two-reaction","Thenylchlor:-C2H4+H2O",314.061215,314.06219,4.605,12157,3.10449031403839,-3.435
"449",16477,"Thenylchlor","C16H18ClNO2S",324.08195,8.04,"-Cl+H+H2O",-15.950485,"Dechlorination+Addition of water","Two-reaction","Thenylchlor:-Cl+H+H2O-1",308.131465,308.13062,6.332,11864,2.74233597003729,-1.708
"450",16477,"Thenylchlor","C16H18ClNO2S",324.08195,8.04,"-Cl+H+H2O",-15.950485,"Dechlorination+Addition of water","Two-reaction","Thenylchlor:-Cl+H+H2O-2",308.131465,308.13062,5.542,11865,2.74233597003729,-2.498
"451",16483,"Thenylchlor","C16H18ClNO2S",324.08195,8.04,"-Cl+H+O",-17.966135,"Dechlorination+Oxidation","Two-reaction","Thenylchlor:-Cl+H+O",306.115815,306.11502,6.117,11764,2.59705628074896,-1.923
"452",16517,"Thenylchlor","C16H18ClNO2S",324.08195,8.04,"-NH3-NH3",-34.053098,"Loss of ammonia+Loss of ammonia","Two-reaction","Thenylchlor:-NH3-NH3",290.028852,290.02975,6.744,10950,3.09624367994431,-1.296
"453",16625,"Thiabendazole, 5OH-","C10H7N3SO",218.03826,3.47,"-NH3+O+C2H2O",40.978925,"Deamination+Acetylation","Two-reaction","Thiabendazole, 5OH-:-NH3+O+C2H2O",259.017185,259.01804,7.058,9441,3.30093927938172,3.588
"454",16660,"Thiabendazole, 5OH-","C10H7N3SO",218.03826,3.47,"-NH+CO",12.984016,"Loss of NH+Addition of CO","Two-reaction","Thiabendazole, 5OH-:-NH+CO",231.022276,231.0218,7.052,8107,2.0604073695124,3.582
"455",16717,"Thiabendazole, 5OH-","C10H7N3SO",218.03826,3.47,"-C2H2O+H2O",-24,"Deacetylation+Addition of water","Two-reaction","Thiabendazole, 5OH-:-C2H2O+H2O",194.03826,194.03838,5.769,6356,0.618434735403452,2.299
"456",16810,"Thiamethoxam","C8H10ClN5O3S",292.02656,3.52,"+CO2+CO2",87.97966,"Addition of CO2+Addition of CO2","Two-reaction","Thiamethoxam:+CO2+CO2",380.00622,380.00504,7.351,15204,3.10521233041039,3.831
"457",16814,"Thiamethoxam","C8H10ClN5O3S",292.02656,3.52,"+CO2+CO",71.984745,"Addition of CO2+Addition of CO","Two-reaction","Thiamethoxam:+CO2+CO",364.011305,364.01025,8.543,14535,2.8982616350556,5.023
"458",16856,"Thiamethoxam","C8H10ClN5O3S",292.02656,3.52,"-S+O+CO2",28.01267,"Desulphuration+Addition of CO2","Two-reaction","Thiamethoxam:-S+O+CO2",320.03923,320.04059,6.553,12438,4.24947904053443,3.033
"459",16922,"Thiamethoxam","C8H10ClN5O3S",292.02656,3.52,"-S+O+H2",-13.96151,"Desulphuration+Hydrogenation","Two-reaction","Thiamethoxam:-S+O+H2",278.06505,278.06546,5.587,10369,1.47447512726979,2.067
"460",16927,"Thiamethoxam","C8H10ClN5O3S",292.02656,3.52,"-O2+H2+CH2",-15.95853,"Reductive amination+Methylation","Two-reaction","Thiamethoxam:-O2+H2+CH2",276.06803,276.06931,5.588,10273,4.63653831974511,2.068
"461",16980,"Thiamethoxam","C8H10ClN5O3S",292.02656,3.52,"-CO2-NH3+O",-45.02147,"Loss of CO2+Deamination","Two-reaction","Thiamethoxam:-CO2-NH3+O",247.00509,247.00623,2.949,8845,4.61528950675619,-0.571
"462",17125,"Triadimenol, trans- (A)","C14H18ClN3O2",296.11603,7.89,"-C2H4+CO",-0.036385,"Loss of C2H4+Addition of CO","Two-reaction","Triadimenol, trans- (A):-C2H4+CO",296.079645,296.07898,5.735,11247,2.24601728371546,-2.155
"463",17147,"Triadimenol, trans- (A)","C14H18ClN3O2",296.11603,7.89,"-NH+H2",-12.995249,"Loss of NH+Hydrogenation","Two-reaction","Triadimenol, trans- (A):-NH+H2",283.120781,283.12192,6.392,10619,4.0230180064616,-1.498
"464",17173,"Triadimenol, trans- (A)","C14H18ClN3O2",296.11603,7.89,"-CO-H2",-30.010565,"Loss of CO+Dehydrogenation","Two-reaction","Triadimenol, trans- (A):-CO-H2",266.105465,266.10535,4.881,9790,0.432159482308528,-3.009
"465",17207,"Triadimenol, trans- (A)","C14H18ClN3O2",296.11603,7.89,"-Cl+H-H2O",-51.971615,"Dechlorination+Loss of water","Two-reaction","Triadimenol, trans- (A):-Cl+H-H2O-1",244.144415,244.14323,6.086,8729,4.85368465226151,-1.804
"466",17207,"Triadimenol, trans- (A)","C14H18ClN3O2",296.11603,7.89,"-Cl+H-H2O",-51.971615,"Dechlorination+Loss of water","Two-reaction","Triadimenol, trans- (A):-Cl+H-H2O-2",244.144415,244.14407,6.141,8730,1.41309806333285,-1.749
"467",17241,"Triflusulfuron-methyl","C17H19F3N6O6S",493.11116,7.61,"+O",15.994915,"Oxidation","One-reaction","Triflusulfuron-methyl:+O-1",509.106075,509.10526,7.067,19070,1.60084516765722,-0.543
"468",17241,"Triflusulfuron-methyl","C17H19F3N6O6S",493.11116,7.61,"+O",15.994915,"Oxidation","One-reaction","Triflusulfuron-methyl:+O-2",509.106075,509.10547,7.147,19071,1.18835745566472,-0.463
"469",17295,"Triflusulfuron-methyl","C17H19F3N6O6S",493.11116,7.61,"+H2O+CH2",32.026215,"Addition of water+Methylation","Two-reaction","Triflusulfuron-methyl:+H2O+CH2",525.137375,525.13544,6.392,19443,3.68475010944161,-1.218
"470",17331,"Triflusulfuron-methyl","C17H19F3N6O6S",493.11116,7.61,"-F+H+C2H4",10.0407,"Defluorination+Addition of C2H4","Two-reaction","Triflusulfuron-methyl:-F+H+C2H4",503.15186,503.15329,6.392,18948,2.84208429643403,-1.218
"471",17442,"Triflusulfuron-methyl","C17H19F3N6O6S",493.11116,7.61,"-C2H4-F+H",-46.0219,"Loss of C2H4+Defluorination","Two-reaction","Triflusulfuron-methyl:-C2H4-F+H",447.08926,447.09058,4.312,17510,2.95243057273225,-3.298
"472",17477,"Dimethachlor","C13H18ClNO2",256.10988,7,"Breakdown",-58.04188,"N-Dealkylation of tertiary carboxamide","Biotransformer-prediction","Dimethachlor:N-Dealkylation of tertiary carboxamide-l",198.068,198.06789,7.627,6548,0.555364824234575,0.627
"473",17481,"Fenthion sulfoxide","C10H15O4PS2",295.02221,6.31,"Breakdown",-152.02961,"Dearylation of organphosphosulfur compound","Biotransformer-prediction","Fenthion sulfoxide:Dearylation of organphosphosulfur compound-s",142.9926,142.99271,0.978,3902,0.769270577484933,-5.332
"474",17486,"Pirimiphos ethyl","C13H24N3O3PS",334.13488,8.91,"Breakdown",-152.00608,"Dearylation of organphosphosulfur compound","Biotransformer-prediction","Pirimiphos ethyl: Dearylation of organphosphosulfur compound-l-1",182.1288,182.12854,4.503,5795,1.42756115466463,-4.407
"475",17486,"Pirimiphos ethyl","C13H24N3O3PS",334.13488,8.91,"Breakdown",-152.00608,"Dearylation of organphosphosulfur compound","Biotransformer-prediction","Pirimiphos ethyl: Dearylation of organphosphosulfur compound-l-2",182.1288,182.12856,2.933,5796,1.31774875812796,-5.977
