"","Alignment.ID","Average.Mz","Average.Rt.min.","Metabolite.name"
"1",288,107.04933,6.578,"Ethiofencarb (special adduct)"
"2",757,117.07018,9.299,"Ethiofencarb (special adduct):-H2O+C2H4-3"
"3",758,117.07018,9.46,"Ethiofencarb (special adduct):-H2O+C2H4-2"
"4",759,117.07018,9.213,"Ethiofencarb (special adduct):-H2O+C2H4-1"
"5",1941,140.9772,7.159,"Methamidophos:-NH3+O-1"
"6",1942,140.9772,5.973,"Methamidophos:-NH3+O-2"
"7",2019,142.0085,1.053,"Methamidophos"
"8",2029,142.04208,6.64,"Diamidafos:-C2H2O-NH3"
"9",2077,142.99289,0.978,"Fenthion sulfoxide:Dearylation of organphosphosulfur compound-s"
"10",2213,145.0164,1.589,"Diamidafos:-C2H4-C2H4"
"11",2720,154.99266,3.636,"Methamidophos:-NH+CO"
"12",3460,166.12259,1.694,"Ethiofencarb:-CO2-S+O-1"
"13",3509,167.10396,0.967,"Cyromazine"
"14",3736,182.12935,2.939,"Pirimiphos ethyl: Dearylation of organphosphosulfur compound-l-2"
"15",3885,173.00374,0.998,"Diuron:-C2H2O-H2O"
"16",3951,174.05284,4.919,"Sulfoxaflor iso 1 (special adduct)"
"17",4482,182.12935,4.496,"Pirimiphos ethyl: Dearylation of organphosphosulfur compound-l-1"
"18",5120,193.02655,5.358,"Methacrifos (special adduct):-S+O"
"19",5219,194.98773,3.53,"Methacrifos:-C2H4-H2O"
"20",5331,197.04781,6.707,"Chlortoluron:-CH2-H2"
"21",5396,198.06808,7.631,"Dimethachlor:N-Dealkylation of tertiary carboxamide-l"
"22",5450,199.06364,6.64,"Chlortoluron:-CH2"
"23",5602,201.07867,4.845,"Diamidafos"
"24",5806,204.99306,6.701,"Diuron:-C2H4"
"25",5982,207.14928,7.043,"Isoproturon"
"26",6066,209.00308,7.223,"Methacrifos (special adduct)"
"27",6102,209.12856,2.601,"Isoproturon:-CH2+O-1"
"28",6328,213.07944,6.834,"Chlortoluron"
"29",6581,216.99222,6.834,"Diuron:-CH2-H2-1"
"30",6582,216.9938,7.068,"Diuron:-CH2-H2-2"
"31",6660,218.03914,3.552,"Thiabendazole, 5OH-"
"32",6709,219.00858,6.999,"Diuron:-CH2-2"
"33",6711,219.00858,6.701,"Diuron:-CH2-1"
"34",6864,221.13297,9.215,"Aldicarb-sulfone:-O2+H2+C2H4"
"35",6965,166.12259,2.397,"Ethiofencarb:-CO2-S+O-2"
"36",6968,223.07468,2.735,"Aldicarb-sulfone"
"37",6988,223.14426,4.813,"Isoproturon:+O-1"
"38",6989,223.14426,4.721,"Isoproturon:+O-2"
"39",7087,225.05228,5.358,"Methacrifos:-S+O"
"40",7165,226.08975,6.58,"Ethiofencarb"
"41",7296,228.10181,5.804,"Mepronil:-C2H4-CH2-2"
"42",7297,228.10181,7.861,"Mepronil:-C2H4-CH2-1"
"43",7337,229.07407,4.721,"Chlortoluron:+O"
"44",7355,229.11201,6.336,"Tebuthiuron"
"45",7463,231.07135,4.721,"Etrimfos:-CO2-H2O"
"46",7568,233.02412,7.159,"Diuron"
"47",7672,235.05704,5.279,"Fenthion sulfoxide:-CO2-S+O"
"48",8007,241.02881,7.221,"Methacrifos"
"49",8068,242.07947,5.304,"Methacrifos:-S+O+NH3"
"50",8081,242.08479,4.238,"Ethiofencarb:+O"
"51",8185,244.14471,6.135,"Triadimenol, trans- (A):-Cl+H-H2O-2"
"52",8678,253.05666,5.733,"Quinalphos:-CO2-H2"
"53",8880,256.02936,7.753,"Propyzamide"
"54",8895,256.10986,7.192,"Dimethachlor"
"55",9099,260.01743,6.588,"Mephospholan:-C2H4+H2O"
"56",9281,263.0502,7.334,"Etrimfos:-NH-NH"
"57",9355,264.12369,5.279,"Metalaxyl:-CH2-H2"
"58",9391,265.04132,5.854,"Etrimfos:-C2H4"
"59",9402,265.0434,4.333,"Ethidimuron"
"60",9711,270.03857,6.105,"Mephospholan"
"61",9715,270.08301,5.733,"Quinalphos:-CO2+NH"
"62",9718,270.12552,7.292,"Metolachlor:-CH2"
"63",9731,270.14932,7.72,"Mepronil"
"64",9966,274.03912,7.984,"Propyzamide:+H2O"
"65",9968,274.06265,6.397,"Flusilazole:-C2H4-CH2"
"66",10014,275.03815,5.733,"Azinphos methyl oxon:-C2H2O+NH"
"67",10065,276.06992,5.58,"Thiamethoxam:-O2+H2+CH2"
"68",10121,277.09445,7.176,"Etrimfos:-S+O"
"69",10230,279.04456,4.869,"Fenthion sulfoxide:-S+O"
"70",10318,280.1543,7.016,"Metalaxyl"
"71",10350,281.00714,3.132,"Fenthion sulfoxide:-CH2"
"72",10486,283.09241,3.932,"Boscalid:-O2+H2-O2+H2"
"73",10489,299.0101,3.823,"Carbophenothion:-CO-S+O-2"
"74",10497,283.12277,6.397,"Chlortoluron:+C2H2O+C2H4"
"75",10574,284.14136,8.146,"Metolachlor"
"76",10693,286.14359,6.701,"Mepronil:+O-1"
"77",10694,286.14359,7.159,"Mepronil:+O-2"
"78",10695,286.14359,6.561,"Mepronil:+O-4"
"79",10698,286.14685,4.496,"Sethoxydim:-C2H4-CH2"
"80",10890,290.03058,6.753,"Thenylchlor:-NH3-NH3"
"81",10891,290.0365,6.381,"Propyzamide:+H2O+O"
"82",10898,290.07123,7.609,"Crufomate:-H2"
"83",10961,291.04578,6.58,"Phenthoate:-S+O-CH2"
"84",11014,302.03497,3.317,"Propyzamide:+CO2+H2-2"
"85",11016,292.02679,3.53,"Thiamethoxam"
"86",11032,292.08707,8.231,"Crufomate"
"87",11082,293.07156,8.405,"Etrimfos"
"88",11213,295.0228,6.47,"Fenthion sulfoxide"
"89",11295,296.116,7.886,"Triadimenol, trans- (A)"
"90",11301,296.14987,5.854,"Metalaxyl:+O-1"
"91",11339,296.06787,4.084,"Sulfoxaflor:+H2O"
"92",11395,297.95901,8.102,"Carbophenothion:-CO2-NH3+O"
"93",11398,297.99695,7.159,"Carbophenothion:-O2+H2-NH"
"94",11458,299.06134,8.361,"Quinalphos"
"95",11530,300.09344,5.279,"Azinphos methyl oxon:-O2+H2+C2H4"
"96",11539,300.13614,6.88,"Metolachlor:+O-1"
"97",11540,300.13614,7.03,"Metolachlor:+O-2"
"98",11544,300.16339,8.611,"Sethoxydim:-C2H4"
"99",11663,322.06796,5.506,"Thenylchlor:-H2"
"100",11664,302.035,5.632,"Azinphos methyl oxon"
"101",11787,304.04413,7.106,"Norflurazon"
"102",11919,306.09418,1.05,"Clethodim sulfoxide:-C2H2O-C2H4-1"
"103",11920,306.09418,1.391,"Clethodim sulfoxide:-C2H2O-C2H4-2"
"104",11924,306.10349,7.939,"Pirimiphos ethyl:-C2H4-2"
"105",11926,326.08621,6.135,"Clethodim:-NH3-NH3"
"106",11927,318.15799,8.118,"Pirimiphos ethyl:-S+O"
"107",12029,308.08139,6.753,"Crufomate:+O"
"108",12050,308.13165,5.567,"Thenylchlor:-Cl+H+H2O-2"
"109",12051,308.13165,6.33,"Thenylchlor:-Cl+H+H2O-1"
"110",12099,309.06757,7.367,"Etrimfos:+O"
"111",12159,310.06686,7.631,"Thenylchlor:-CH2-1"
"112",12161,314.04626,6.355,"Flusilazole:-NH3+O-NH3+O"
"113",12163,310.07901,6.753,"Ethaboxam:-C2H4+NH3"
"114",12228,311.06705,6.213,"Mefluidide"
"115",12294,312.06439,7.631,"Mefluidide:-CH2+NH"
"116",12295,312.06741,5.015,"Bensulide:-CO2-C2H2O"
"117",12406,314.06342,4.612,"Thenylchlor:-C2H4+H2O"
"118",12470,306.10318,7.798,"Crufomate:+CH2-1"
"119",12472,315.07034,7.508,"Nuarimol"
"120",12483,315.17429,9.275,"Sethoxydim:-C2H4+NH-2"
"121",12484,315.17429,9.46,"Sethoxydim:-C2H4+NH-1"
"122",12529,337.21219,6.397,"Iprovalicarb:+O-2"
"123",12535,316.10349,5.567,"Nuarimol:-O+NH3"
"124",12540,316.10754,8.249,"Flusilazole"
"125",12648,318.01312,7.32,"Azinphos methyl"
"126",12653,318.04977,4.084,"Azinphos methyl:-CO+C2H4"
"127",12788,320.04053,6.561,"Thiamethoxam:-S+O+CO2"
"128",12789,310.0679,6.254,"Thenylchlor:-CH2-2"
"129",12848,321.03793,8.279,"Phenthoate"
"130",12855,321.08435,6.659,"Ethaboxam"
"131",12883,321.21793,7.893,"Iprovalicarb"
"132",13034,324.0816,8.045,"Thenylchlor"
"133",13084,324.98096,6.008,"Azamethiphos"
"134",13095,325.04556,4.741,"Fenthion sulfoxide:+NH+NH"
"135",13107,325.10782,6.753,"Crufomate:+H2O+NH"
"136",13123,325.21344,9.937,"Iprovalicarb:-CH2+H2O"
"137",13181,326.17462,8.457,"Benalaxyl"
"138",13320,328.19406,9.066,"Sethoxydim"
"139",13362,328.99899,8.48,"Azinphos methyl oxon:-NH3+CO2"
"140",13436,330.04095,6.105,"Propiconazole:-C2H4+O"
"141",13505,331.03845,8.03,"Fenarimol"
"142",13521,331.14401,7.776,"Famoxadone:-CO2-NH3"
"143",13575,332.10721,8.446,"Clethodim:-C2H4"
"144",13583,332.14258,7.829,"Fenpyrazamine"
"145",13695,334.13431,9.102,"Pirimiphos ethyl"
"146",13820,336.10312,7.065,"Cafenstrole:-CH2-NH3+O"
"147",13895,337.21219,6.47,"Iprovalicarb:+O-1"
"148",14070,340.04379,7.159,"Fenthion sulfoxide:+CO+NH3"
"149",14073,340.06052,8.206,"Bromuconazole, cis-:-Br+H+C2H2O"
"150",14114,341.03391,9.148,"Diclofop-methyl"
"151",14181,342.07715,8.548,"Propiconazole"
"152",14190,342.17004,8.03,"Benalaxyl:+O-1"
"153",14191,342.17004,7.398,"Benalaxyl:+O-2"
"154",14238,342.98114,9.471,"Carbophenothion"
"155",14240,342.99915,7.086,"Carbophenothion:-S+O+O"
"156",14257,343.0412,7.656,"Boscalid"
"157",14328,344.18896,7.323,"Sethoxydim:+O"
"158",14334,342.17004,7.611,"Benalaxyl:+O-4"
"159",14381,344.98672,8.546,"Chlorthiophos:-S+O"
"160",14393,344.99667,7.079,"Azinphos methyl oxon:-NH3+O+CO2"
"161",14403,345.077,9.168,"Oxadiazon"
"162",14507,346.98419,8.546,"Bromuconazole, trans-:-CO2+NH"
"163",14564,348.0394,8.696,"Phenthoate:-NH+C2H2O"
"164",14628,339.09421,5.411,"Ethaboxam:+H2O"
"165",14633,348.98166,8.546,"Azamethiphos:-H2O+C2H2O"
"166",14634,349.00092,8.696,"Bromuconazole, cis-:-CO2+NH3"
"167",14749,350.99811,8.696,"Azamethiphos:-H2+C2H4"
"168",14753,351.04224,4.813,"Ethidimuron:+CO2+C2H2O"
"169",14776,351.14761,7.861,"Cafenstrole"
"170",14858,352.99506,8.696,"Azamethiphos:-S+O+CO2"
"171",15067,356.02087,5.58,"Bensulide:-C2H4-CH2"
"172",15189,358.07169,7.223,"Propiconazole:+O-2"
"173",15190,358.07169,7.159,"Propiconazole:+O-1"
"174",15233,358.97565,8.312,"Carbophenothion:+O"
"175",15307,360.03763,5.407,"Florasulam"
"176",15312,360.05048,6.971,"Isoxaflutole"
"177",15321,362.06665,7.223,"Pyrasulfotole:-NH+CH2"
"178",15328,360.12988,6.105,"Permethrin, trans-:-O2+H2-H2O"
"179",15340,360.14105,8.897,"Clethodim"
"180",15391,360.96472,9.514,"Chlorthiophos"
"181",15393,360.97293,8.312,"Azinphos methyl:-NH3+O+CO2"
"182",15401,360.98218,7.065,"Chlorthiophos:-S+O+O"
"183",15452,362.01373,8.546,"Chlorthiophos:-S+O+NH3"
"184",15529,362.98038,7.065,"Bromuconazole, trans-:-CO+NH"
"185",15531,363.00201,4.741,"Flazasulfuron:-C2H4-NH3-1"
"186",15534,366.14853,6.047,"Fenpyrazamine:+H2O+O-1"
"187",15550,363.06201,5.733,"Pyrasulfotole"
"188",15617,364.1113,8.44,"Flamprop-M isopropyl"
"189",15778,367.14432,6.381,"Cafenstrole:+O-1"
"190",15779,367.14432,6.923,"Cafenstrole:+O-2"
"191",15963,370.92612,8.941,"Profenofos:-H2-2"
"192",15964,370.92612,8.858,"Profenofos:-H2-1"
"193",15967,370.98318,8.696,"Bromfenvinphos ethyl:-Cl+H+H2"
"194",16073,372.94351,9.05,"Profenofos"
"195",16083,382.03232,5.661,"Bensulfuron methyl:-C2H4-NH3+O"
"196",16179,374.97076,8.36,"Carbophenothion:+O+O"
"197",16227,375.96149,8.393,"Bromuconazole, cis-"
"198",16228,375.96152,7.939,"Bromuconazole, trans-"
"199",16246,376.13425,7.256,"Clethodim sulfoxide"
"200",16465,379.12454,10.001,"Pyridate"
"201",16516,380.00641,7.342,"Thiamethoxam:+CO2+CO2"
"202",16520,380.05444,7.223,"Bensulfuron methyl:-NH3-CH2-2"
"203",16638,382.09073,7.159,"Bensulide:-S+O"
"204",16642,382.13132,6.971,"Nicosulfuron:-CO2+NH"
"205",16730,384.16962,6.381,"Cafenstrole:+H2O+NH"
"206",16814,385.23236,9.485,"Diafenthiuron"
"207",16994,391.95657,8.004,"Bromuconazole, trans-:+O-2"
"208",17145,391.95657,7.299,"Bromuconazole, cis-:+O-1"
"209",17167,392.15945,8.484,"Famoxadone"
"210",17264,393.98618,8.44,"Chlorthiophos:+H2O+NH"
"211",17442,397.12054,6.64,"Bensulfuron methyl:-O+H2"
"212",17493,398.06793,8.191,"Bensulide"
"213",17550,399.11566,6.64,"Bensulide:-S+O+NH3-1"
"214",17551,399.11566,7.159,"Bensulide:-S+O+NH3-2"
"215",17651,400.94,8.418,"Profenofos:+CO"
"216",17753,402.92679,8.556,"Bromfenvinphos ethyl"
"217",17763,447.09042,4.333,"Triflusulfuron-methyl:-C2H4-F+H"
"218",17764,370.03473,4.494,"Bensulide:-C2H4"
"219",18036,408.05704,7.191,"Flazasulfuron"
"220",18050,408.11349,10.021,"Permethrin, cis-"
"221",18051,408.1138,9.877,"Permethrin, trans-"
"222",18151,410.0405,7.997,"Flazasulfuron:-CH2+O"
"223",18208,411.09641,7.277,"Bensulfuron methyl"
"224",18216,411.10876,6.099,"Nicosulfuron"
"225",18319,413.07864,8.115,"Bensulide:+NH"
"226",18531,417.22144,7.72,"Diafenthiuron:+O+O"
"227",18610,419.23627,10.073,"Diafenthiuron:+H2O+O"
"228",18770,422.0809,7.159,"Pyridate:-NH3+O+CO2"
"229",18868,424.1076,9.349,"Permethrin, cis-:+O"
"230",18875,424.14514,6.622,"Pyridate:+CO+NH3"
"231",18899,425.077,6.499,"Bensulfuron methyl:-H2+O"
"232",18900,443.08832,6.355,"Bensulfuron methyl:+O+O"
"233",18993,427.06894,7.997,"Nicosulfuron:-C2H4+CO2"
"234",19210,432.02194,7.747,"Bromuconazole, trans-:+C2H4+C2H4-1"
"235",19211,432.02298,7.997,"Bromuconazole, trans-:+C2H4+C2H4-2"
"236",19452,437.19122,7.656,"Hydramethylnon:-CO2-CH2"
"237",19676,442.11652,7.753,"Permethrin, cis-:+H2O+O-1"
"238",20121,452.12451,9.141,"Cyhalothrin iso 1:-NH"
"239",20601,463.2811,4.869,"Antimycin A:-CO2-C2H2O"
"240",20702,466.11758,8.622,"Permethrin, cis-:+CO2+CH2"
"241",20747,467.12415,9.168,"Bensulfuron methyl:+C2H2O+CH2"
"242",20753,467.13354,9.521,"Cyhalothrin iso 1"
"243",21186,479.22357,9.552,"Hydramethylnon:-F+H+H2"
"244",21283,482.09915,5.661,"Cyhalothrin iso 1:-NH3+O+O"
"245",21666,493.11209,7.609,"Triflusulfuron-methyl"
"246",21703,442.11652,6.831,"Permethrin, cis-:+H2O+O-2"
"247",21755,495.19833,8.781,"Hydramethylnon"
"248",21773,496.08618,6.753,"Indoxacarb:-O2+H2-H2"
"249",21974,503.15344,6.397,"Cyhalothrin iso 1:+H2O+H2O"
"250",22149,509.10608,7.068,"Triflusulfuron-methyl:+O-1"
"251",22523,521.17682,10.118,"Hydramethylnon:-H2+CO-3"
"252",22525,521.17682,10.513,"Hydramethylnon:-H2+CO-1"
"253",22526,521.17682,10.202,"Hydramethylnon:-H2+CO-5"
"254",22527,521.17682,10.322,"Hydramethylnon:-H2+CO-2"
"255",22528,521.17682,8.667,"Hydramethylnon:-H2+CO-6"
"256",22580,523.19348,8.961,"Hydramethylnon:+CO-2"
"257",22584,523.22784,7.753,"Hydramethylnon:+C2H4-1"
"258",22588,523.22833,8.146,"Hydramethylnon:+C2H4-2"
"259",22652,525.13531,6.397,"Triflusulfuron-methyl:+H2O+CH2"
"260",22738,528.07812,8.757,"Indoxacarb"
"261",23013,537.24567,8.191,"Antimycin A:-C2H4+O-2"
"262",23354,549.28156,9.611,"Antimycin A"
"263",23411,551.25989,8.206,"Antimycin A:-CH2+O-2"
"264",23412,551.25977,8.457,"Antimycin A:-CH2+O-1"
"265",23711,563.25946,8.393,"Antimycin A:-H2+O"
"266",23738,564.29077,9.514,"Antimycin A:+NH"
"267",23770,565.27527,8.487,"Antimycin A:+O"
"268",24152,579.29211,8.781,"Antimycin A:+CO+H2"
"269",24178,580.28644,8.393,"Antimycin A:+O+NH"
"270",24235,582.30322,8.484,"Antimycin A:+H2O+NH"
